{"type": "FeatureCollection", "crs": {"type": "name", "properties": {"name": "urn:ogc:def:crs:OGC:1.3:CRS84"}}, "heatroi_build": {"source_grid": "unified_fortyguard_tes_grid.geojson", "source_attrs": "ga_tes.csv", "unit": "census block group", "dissolve_method": "exact edge cancellation over shared grid vertices", "reference_distribution": "Atlanta, GA", "reference_block_groups": 3346, "reference_population": 5077087, "note": "TES/ACS/FortyGuard attributes are Measured. pr_* columns are Derived: percentile ranks against the full Atlanta, GA urban area (3346 block groups), never across urban areas."}, "features": [{"type": "Feature", "geometry": {"type": "Polygon", "coordinates": [[[-84.38843676891071, 33.77142084160936], [-84.38736173008141, 33.77139807319251], [-84.3873344728528, 33.772295471978154], [-84.38840952286671, 33.77231824116235], [-84.38948457408799, 33.77234100099548], [-84.38840952286671, 33.772318241162345], [-84.3873344728528, 33.77229547197815], [-84.38730721441742, 33.773192870613656], [-84.38727995477522, 33.77409026909905], [-84.38835502715985, 33.774113039817955], [-84.38727995477522, 33.774090269099034], [-84.38725269392616, 33.774987667434296], [-84.38832777749688, 33.775010438920596], [-84.38940286227509, 33.77503320105489], [-84.39047794826033, 33.77505595383717], [-84.39050517555096, 33.77415855320071], [-84.3905324016362, 33.773261152414165], [-84.39055962651611, 33.77236375147755], [-84.39058685019073, 33.77146635039084], [-84.38951180894732, 33.77144360067549], [-84.38843676891071, 33.77142084160936]]]}, "properties": {"ua_name": "Atlanta, GA", "county": "Fulton County", "place": "Atlanta", "acs_pop": 2701.0, "cbg_pop": 3493, "land_area": 0.5509, "treecanopy": 0.0873, "tc_goal": 0.2, "tc_gap": 0.1127, "temp_diff": 9.64, "temp_norm": 0.705679322246627, "pctpocnorm": 0.508330248056275, "pctpovnorm": 0.312847093669011, "unemplnorm": 0.003904555314534, "depratnorm": 0.01447619047619, "lingnorm": 0.126571066416212, "health_nor": 0.058369394177813, "pctpoc": 0.508330248056275, "pctpov": 0.312847093669011, "unemplrate": 0.003904555314534, "dep_ratio": 0.028952380952381, "tes": 92, "holc_grade": "C", "density": 4902.8861862406975, "pr_temp_diff": 0.9167662881052002, "pr_density": 0.9605499103407054, "pr_pctpocnorm": 0.40376569037656906, "pr_pctpovnorm": 0.6231320980274955, "pr_unemplnorm": 0.2791392707710699, "pr_depratnorm": 0.015540944411237299, "pr_lingnorm": 0.8540047818290496, "pr_health_nor": 0.00044829647340107593, "GEOID": "131210010012", "fg_tiles": 12, "fg_temp_c_mean": 35.3992, "fg_temp_c_min": 35.3941, "fg_temp_c_max": 35.4042, "tile_area_m2": 118513.6, "dissolved_area_m2": 118513.6}}, {"type": "Feature", "geometry": {"type": "MultiPolygon", "coordinates": [[[[-84.40346034960827, 33.772636027864955], [-84.40238528273646, 33.77261338959863], [-84.40131021706557, 33.77259074198081], [-84.4002351525961, 33.772568085011514], [-84.39916008932853, 33.77254541869079], [-84.39913295393212, 33.77344282574986], [-84.40020802838535, 33.77346549283447], [-84.40128310404054, 33.773488150567346], [-84.40235818089721, 33.77351079894842], [-84.40343325895482, 33.77353343797769], [-84.40340616710198, 33.774430847940515], [-84.40448125754645, 33.77445347838058], [-84.40555634919095, 33.77447609946843], [-84.40663144203498, 33.77449871120406], [-84.40770653607805, 33.7745213135874], [-84.40773358318515, 33.77362390057586], [-84.40665850032859, 33.77360129895422], [-84.40668555742427, 33.77270388655454], [-84.40561048695267, 33.772681276342944], [-84.4045354176805, 33.77265865677973], [-84.40346034960827, 33.772636027864955]]], [[[-84.4045354176805, 33.77265865677975], [-84.40561048695267, 33.77268127634295], [-84.40563755403596, 33.7717838645554], [-84.40456249594921, 33.7717612457545], [-84.4045354176805, 33.77265865677975]]], [[[-84.4045354176805, 33.77265865677975], [-84.40456249594922, 33.7717612457545], [-84.40348743906236, 33.77173861760234], [-84.40241238337588, 33.77171598009894], [-84.40133732889025, 33.77169333324436], [-84.40136443951465, 33.770795924357984], [-84.40028939741514, 33.7707732689158], [-84.3992143565174, 33.770750604122796], [-84.39918722352361, 33.771648011481766], [-84.39811217264356, 33.77162533657383], [-84.39703712296638, 33.77160265231485], [-84.3970099664011, 33.77250005799518], [-84.39808502726338, 33.77252274301867], [-84.39916008932853, 33.77254541869079], [-84.4002351525961, 33.77256808501152], [-84.40131021706557, 33.77259074198082], [-84.40238528273646, 33.77261338959864], [-84.40346034960827, 33.77263602786496], [-84.4045354176805, 33.77265865677975]]], [[[-84.40552927851242, 33.77537351080638], [-84.4066043825434, 33.77539612330404], [-84.40767948777349, 33.77541872644909], [-84.40875459420216, 33.77544132024154], [-84.40878163131968, 33.774543906618426], [-84.40770653607805, 33.77452131358739], [-84.40663144203498, 33.77449871120405], [-84.40555634919095, 33.77447609946842], [-84.40448125754645, 33.77445347838057], [-84.40445417568101, 33.77535088895618], [-84.40552927851242, 33.77537351080638]]]]}, "properties": {"ua_name": "Atlanta, GA", "county": "Fulton County", "place": "Atlanta", "acs_pop": 1101.0, "cbg_pop": 1389, "land_area": 0.433, "treecanopy": 0.176, "tc_goal": 0.4, "tc_gap": 0.224, "temp_diff": 15.01, "temp_norm": 0.874176341386884, "pctpocnorm": 0.750227066303361, "pctpovnorm": 0.622161671207993, "unemplnorm": 0.014475271411339, "depratnorm": 0.0, "lingnorm": 0.014227491826402, "health_nor": 0.252543449685994, "pctpoc": 0.750227066303361, "pctpov": 0.622161671207993, "unemplrate": 0.014475271411339, "dep_ratio": 0.0, "tes": 80, "holc_grade": "D", "density": 2542.7251732101618, "pr_temp_diff": 0.9949193066347878, "pr_density": 0.8759713090257023, "pr_pctpocnorm": 0.6174536760310819, "pr_pctpovnorm": 0.9127316198445905, "pr_unemplnorm": 0.3410041841004184, "pr_depratnorm": 0.004931261207411835, "pr_lingnorm": 0.45890615660490136, "pr_health_nor": 0.3414524805738195, "GEOID": "131210010021", "fg_tiles": 25, "fg_temp_c_mean": 35.3825, "fg_temp_c_min": 35.3481, "fg_temp_c_max": 35.4714, "tile_area_m2": 246906.8, "dissolved_area_m2": 246906.8}}, {"type": "Feature", "geometry": {"type": "MultiPolygon", "coordinates": [[[[-84.40128310404054, 33.773488150567346], [-84.40020802838535, 33.77346549283447], [-84.39913295393212, 33.77344282574986], [-84.39916008932853, 33.77254541869079], [-84.39808502726338, 33.77252274301867], [-84.3970099664011, 33.772500057995174], [-84.39593490674223, 33.77247736362035], [-84.39485984828725, 33.772454659894244], [-84.39378479103665, 33.772431946816866], [-84.39270973499094, 33.77240922438828], [-84.39378479103665, 33.77243194681687], [-84.39485984828725, 33.77245465989425], [-84.39593490674223, 33.77247736362036], [-84.3970099664011, 33.77250005799518], [-84.39703712296638, 33.77160265231485], [-84.39596207449253, 33.77157995870485], [-84.39488702722251, 33.77155725574386], [-84.39381198115683, 33.771534543431926], [-84.39273693629598, 33.771511821769096], [-84.39270973499094, 33.77240922438828], [-84.39273693629599, 33.771511821769096], [-84.39166189264044, 33.77148909075539], [-84.39163468015057, 33.77238649260849], [-84.39270973499094, 33.77240922438828], [-84.39163468015057, 33.77238649260848], [-84.39160746645594, 33.77328389431152], [-84.39163468015059, 33.77238649260848], [-84.39055962651611, 33.77236375147755], [-84.3905324016362, 33.773261152414165], [-84.39050517555096, 33.77415855320071], [-84.39047794826033, 33.77505595383717], [-84.39155303545208, 33.77507869726737], [-84.39262812384983, 33.77510143134549], [-84.39370321345312, 33.77512415607146], [-84.39477830426145, 33.775146871445266], [-84.39585339627429, 33.775169577466876], [-84.39692848949119, 33.77519227413623], [-84.39800358391163, 33.77521496145334], [-84.39907867953511, 33.775237639418116], [-84.40015377636115, 33.77526030803055], [-84.40122887438926, 33.77528296729062], [-84.40230397361894, 33.775305617198256], [-84.40233107785804, 33.77440820814829], [-84.40125598981513, 33.77438555900393], [-84.40018090297373, 33.77436290050748], [-84.39910581733433, 33.77434023265896], [-84.39907867953511, 33.775237639418116], [-84.39910581733434, 33.77434023265896], [-84.39803073289744, 33.77431755545841], [-84.39695564966355, 33.77429486890587], [-84.39803073289744, 33.77431755545842], [-84.39910581733434, 33.774340232658965], [-84.39913295393212, 33.77344282574986], [-84.39910581733433, 33.774340232658965], [-84.40018090297373, 33.774362900507484], [-84.40125598981513, 33.77438555900394], [-84.40233107785804, 33.774408208148294], [-84.40340616710198, 33.774430847940515], [-84.40343325895482, 33.77353343797769], [-84.40235818089721, 33.77351079894842], [-84.40128310404054, 33.773488150567346]], [[-84.39265532876792, 33.77420402917645], [-84.39158025155645, 33.77418129586447], [-84.39050517555096, 33.77415855320071], [-84.39158025155645, 33.77418129586448], [-84.39265532876792, 33.77420402917646], [-84.39373040718485, 33.77422675313663], [-84.39265532876792, 33.77420402917645]]], [[[-84.40337907404968, 33.775328257753465], [-84.40445417568101, 33.77535088895618], [-84.40448125754645, 33.77445347838057], [-84.40340616710198, 33.774430847940515], [-84.40233107785804, 33.77440820814829], [-84.40230397361893, 33.775305617198256], [-84.40337907404968, 33.775328257753465]]], [[[-84.39055962651611, 33.77236375147755], [-84.39163468015059, 33.77238649260849], [-84.39166189264044, 33.77148909075539], [-84.39058685019073, 33.77146635039084], [-84.39055962651611, 33.77236375147755]]]]}, "properties": {"ua_name": "Atlanta, GA", "county": "Fulton County", "place": "Atlanta", "acs_pop": 6572.0, "cbg_pop": 5621, "land_area": 1.3316, "treecanopy": 0.2903, "tc_goal": 0.3, "tc_gap": 0.0097, "temp_diff": 10.13, "temp_norm": 0.721054283024788, "pctpocnorm": 0.574558734023128, "pctpovnorm": 1.0, "unemplnorm": 0.116092874299439, "depratnorm": 0.006785934608267, "lingnorm": 0.014227491826402, "health_nor": 0.252543449685994, "pctpoc": 0.574558734023128, "pctpov": 1.0, "unemplrate": 0.116092874299439, "dep_ratio": 0.013571869216533, "tes": 99, "holc_grade": "D", "density": 4935.41604085311, "pr_temp_diff": 0.931261207411835, "pr_density": 0.9617453676031081, "pr_pctpocnorm": 0.4632396891811118, "pr_pctpovnorm": 0.9989539748953975, "pr_unemplnorm": 0.867901972504483, "pr_depratnorm": 0.010759115361625823, "pr_lingnorm": 0.45890615660490136, "pr_health_nor": 0.3414524805738195, "GEOID": "131210010022", "fg_tiles": 39, "fg_temp_c_mean": 35.3737, "fg_temp_c_min": 35.3488, "fg_temp_c_max": 35.4106, "tile_area_m2": 385174.3, "dissolved_area_m2": 385174.3}}, {"type": "Feature", "geometry": {"type": "MultiPolygon", "coordinates": [[[[-84.3809115224866, 33.77126126632789], [-84.37983649212224, 33.771238432456876], [-84.37876146296914, 33.7712155892354], [-84.37768643502778, 33.77119273666351], [-84.37765907713997, 33.77209012852897], [-84.37873411626546, 33.77211298187103], [-84.37980915660276, 33.772135825862364], [-84.38088419815136, 33.772158660502924], [-84.3819592409108, 33.77218148579268], [-84.38303428488055, 33.77220430173159], [-84.38306158684709, 33.771306906018424], [-84.38198655406171, 33.771284090848425], [-84.3809115224866, 33.77126126632789]]], [[[-84.37765907713997, 33.772090128528966], [-84.37763171804092, 33.77298752024416], [-84.37870676835107, 33.773010374356396], [-84.37978181987306, 33.7730332191176], [-84.37980915660276, 33.77213582586236], [-84.37873411626546, 33.772112981871025], [-84.37765907713997, 33.772090128528966]]]]}, "properties": {"ua_name": "Atlanta, GA", "county": "Fulton County", "place": "Atlanta", "acs_pop": 1516.0, "cbg_pop": 872, "land_area": 0.0737, "treecanopy": 0.1966, "tc_goal": 0.2, "tc_gap": 0.0034, "temp_diff": 16.19, "temp_norm": 0.911201757138375, "pctpocnorm": 0.401715039577836, "pctpovnorm": 0.105540897097625, "unemplnorm": 0.0, "depratnorm": 0.0, "lingnorm": 0.021903914395926, "health_nor": 0.135425082172398, "pctpoc": 0.401715039577836, "pctpov": 0.105540897097625, "unemplrate": 0.0, "dep_ratio": 0.0, "tes": 99, "holc_grade": "C", "density": 20569.877883310717, "pr_temp_diff": 0.9970113568439928, "pr_density": 0.9973102211595936, "pr_pctpocnorm": 0.31739390316796173, "pr_pctpovnorm": 0.26359832635983266, "pr_unemplnorm": 0.13613269575612671, "pr_depratnorm": 0.004931261207411835, "pr_lingnorm": 0.5174835624626419, "pr_health_nor": 0.04707112970711297, "GEOID": "131210012031", "fg_tiles": 7, "fg_temp_c_mean": 35.3764, "fg_temp_c_min": 35.3557, "fg_temp_c_max": 35.4018, "tile_area_m2": 69131.2, "dissolved_area_m2": 69131.2}}, {"type": "Feature", "geometry": {"type": "Polygon", "coordinates": [[[-84.38187729420244, 33.774873669724144], [-84.38295237172822, 33.77489648796989], [-84.38297967732116, 33.7739990927073], [-84.38300698170525, 33.77310169729454], [-84.38303428488055, 33.772204301731584], [-84.3819592409108, 33.772181485792665], [-84.38088419815136, 33.77215866050292], [-84.37980915660276, 33.77213582586236], [-84.37978181987306, 33.7730332191176], [-84.37870676835107, 33.773010374356396], [-84.37763171804092, 33.77298752024416], [-84.3776043577306, 33.77388491180908], [-84.37867941922589, 33.77390776669152], [-84.37975448193309, 33.77393061222261], [-84.3808295458517, 33.77395344840228], [-84.38190461098121, 33.77397627523054], [-84.38297967732116, 33.7739990927073], [-84.38190461098121, 33.77397627523053], [-84.3808295458517, 33.773953448402274], [-84.37975448193309, 33.77393061222259], [-84.37867941922589, 33.773907766691515], [-84.3776043577306, 33.77388491180907], [-84.37757699620899, 33.77478230322374], [-84.3786520688899, 33.77480515887638], [-84.3797271427828, 33.774828005177355], [-84.38080221788712, 33.77485084212663], [-84.38187729420244, 33.774873669724144]]]}, "properties": {"ua_name": "Atlanta, GA", "county": "Fulton County", "place": "Atlanta", "acs_pop": 1275.0, "cbg_pop": 1156, "land_area": 0.187, "treecanopy": 0.3569, "tc_goal": 0.3, "tc_gap": 0.0, "temp_diff": 10.77, "temp_norm": 0.741135864449325, "pctpocnorm": 0.334117647058824, "pctpovnorm": 0.403395311236863, "unemplnorm": 0.008938547486033, "depratnorm": 0.157894736842105, "lingnorm": 0.021903914395926, "health_nor": 0.135425082172398, "pctpoc": 0.334117647058824, "pctpov": 0.403395311236863, "unemplrate": 0.008938547486033, "dep_ratio": 0.315789473684211, "tes": 100, "holc_grade": "C", "density": 6818.181818181818, "pr_temp_diff": 0.9463538553496712, "pr_density": 0.9799760908547519, "pr_pctpocnorm": 0.25164375373580394, "pr_pctpovnorm": 0.7369994022713688, "pr_unemplnorm": 0.30005977286312013, "pr_depratnorm": 0.14973102211595934, "pr_lingnorm": 0.5174835624626419, "pr_health_nor": 0.04707112970711297, "GEOID": "131210012032", "fg_tiles": 13, "fg_temp_c_mean": 35.3852, "fg_temp_c_min": 35.3581, "fg_temp_c_max": 35.401, "tile_area_m2": 128389.2, "dissolved_area_m2": 128389.2}}, {"type": "Feature", "geometry": {"type": "MultiPolygon", "coordinates": [[[[-84.38512981363031, 33.774044699606314], [-84.38405474487101, 33.77402190083258], [-84.38402745046398, 33.77491929686381], [-84.38510253040921, 33.77494209640587], [-84.38512981363031, 33.774044699606314]]], [[[-84.38402745046399, 33.77491929686381], [-84.38405474487101, 33.77402190083258], [-84.38297967732116, 33.7739990927073], [-84.38295237172822, 33.77489648796989], [-84.38402745046399, 33.77491929686381]]]]}, "properties": {"ua_name": "Atlanta, GA", "county": "Fulton County", "place": "Atlanta", "acs_pop": 1167.0, "cbg_pop": 1181, "land_area": 0.1298, "treecanopy": 0.1772, "tc_goal": 0.2, "tc_gap": 0.0228, "temp_diff": 12.23, "temp_norm": 0.786946972074051, "pctpocnorm": 0.312767780634104, "pctpovnorm": 0.124250214224507, "unemplnorm": 0.039029535864979, "depratnorm": 0.078869047619048, "lingnorm": 0.064965996519282, "health_nor": 0.073612138429671, "pctpoc": 0.312767780634104, "pctpov": 0.124250214224507, "unemplrate": 0.039029535864979, "dep_ratio": 0.157738095238095, "tes": 98, "holc_grade": "C", "density": 8990.75500770416, "pr_temp_diff": 0.9714584578601315, "pr_density": 0.9877465630603706, "pr_pctpocnorm": 0.2349073520621638, "pr_pctpovnorm": 0.30484160191273163, "pr_unemplnorm": 0.5451285116557083, "pr_depratnorm": 0.057083084279737, "pr_lingnorm": 0.7231022115959355, "pr_health_nor": 0.0014943215780035865, "GEOID": "131210012051", "fg_tiles": 2, "fg_temp_c_mean": 35.4056, "fg_temp_c_min": 35.4047, "fg_temp_c_max": 35.4065, "tile_area_m2": 19752.4, "dissolved_area_m2": 19752.4}}, {"type": "Feature", "geometry": {"type": "Polygon", "coordinates": [[[-84.38730721441742, 33.773192870613656], [-84.3873344728528, 33.77229547197815], [-84.38625942404673, 33.772272693442936], [-84.3862321544263, 33.77317009131079], [-84.38625942404674, 33.772272693442936], [-84.38518437644899, 33.77224990555675], [-84.38410933006011, 33.772227108319626], [-84.38518437644899, 33.772249905556755], [-84.38625942404674, 33.77227269344294], [-84.3862866924599, 33.77137529542495], [-84.38625942404673, 33.77227269344294], [-84.3873344728528, 33.772295471978154], [-84.38736173008142, 33.77139807319251], [-84.3862866924599, 33.77137529542495], [-84.38521165604669, 33.77135250830673], [-84.38413662084226, 33.77132971183787], [-84.38306158684709, 33.771306906018424], [-84.38303428488054, 33.77220430173159], [-84.38410933006011, 33.772227108319626], [-84.38303428488054, 33.772204301731584], [-84.38300698170525, 33.77310169729454], [-84.38297967732116, 33.7739990927073], [-84.38405474487101, 33.77402190083258], [-84.38512981363031, 33.77404469960632], [-84.38620488359855, 33.77406748902849], [-84.38512981363031, 33.774044699606314], [-84.38510253040921, 33.77494209640587], [-84.38617761156344, 33.77496488659605], [-84.38725269392616, 33.774987667434296], [-84.38727995477522, 33.774090269099034], [-84.38620488359855, 33.77406748902849], [-84.38727995477522, 33.77409026909905], [-84.38730721441742, 33.773192870613656]]]}, "properties": {"ua_name": "Atlanta, GA", "county": "Fulton County", "place": "Atlanta", "acs_pop": 700.0, "cbg_pop": 1434, "land_area": 0.1348, "treecanopy": 0.1501, "tc_goal": 0.2, "tc_gap": 0.0499, "temp_diff": 12.76, "temp_norm": 0.803577031691246, "pctpocnorm": 0.341428571428571, "pctpovnorm": 0.225714285714286, "unemplnorm": 0.0, "depratnorm": 0.057324840764331, "lingnorm": 0.064965996519282, "health_nor": 0.073612138429671, "pctpoc": 0.341428571428571, "pctpov": 0.225714285714286, "unemplrate": 0.0, "dep_ratio": 0.114649681528662, "tes": 96, "holc_grade": "C", "density": 5192.878338278932, "pr_temp_diff": 0.9751942618051405, "pr_density": 0.9662283323371189, "pr_pctpocnorm": 0.26001195457262405, "pr_pctpovnorm": 0.4964136282127914, "pr_unemplnorm": 0.13613269575612671, "pr_depratnorm": 0.040346682606096834, "pr_lingnorm": 0.7231022115959355, "pr_health_nor": 0.0014943215780035865, "GEOID": "131210012052", "fg_tiles": 14, "fg_temp_c_mean": 35.4069, "fg_temp_c_min": 35.4046, "fg_temp_c_max": 35.409, "tile_area_m2": 138264.9, "dissolved_area_m2": 138264.9}}, {"type": "Feature", "geometry": {"type": "MultiPolygon", "coordinates": [[[[-84.37757699620899, 33.77478230322374], [-84.3776043577306, 33.77388491180907], [-84.37652929744772, 33.77386204757531], [-84.37545423837773, 33.77383917399024], [-84.37542685448499, 33.77473656386351], [-84.37650192474051, 33.774759438219434], [-84.37757699620899, 33.77478230322374]]], [[[-84.37545423837773, 33.77383917399024], [-84.37652929744772, 33.773862047575314], [-84.3776043577306, 33.77388491180908], [-84.37763171804092, 33.77298752024416], [-84.37765907713997, 33.772090128528966], [-84.37658403922676, 33.772067265836206], [-84.37550900252634, 33.77204439379279], [-84.37548162105816, 33.772941783966665], [-84.37545423837773, 33.77383917399024]]]]}, "properties": {"ua_name": "Atlanta, GA", "county": "Fulton County", "place": "Atlanta", "acs_pop": 1873.0, "cbg_pop": 1208, "land_area": 0.2405, "treecanopy": 0.4604, "tc_goal": 0.4, "tc_gap": 0.0, "temp_diff": 7.79, "temp_norm": 0.647631000941324, "pctpocnorm": 0.278697277095569, "pctpovnorm": 0.114695340501792, "unemplnorm": 0.040528634361233, "depratnorm": 0.050235017626322, "lingnorm": 0.0, "health_nor": 0.182739599479248, "pctpoc": 0.278697277095569, "pctpov": 0.114695340501792, "unemplrate": 0.040528634361233, "dep_ratio": 0.100470035252644, "tes": 100, "holc_grade": "C", "density": 7787.941787941788, "pr_temp_diff": 0.8646144650328751, "pr_density": 0.9847579199043635, "pr_pctpocnorm": 0.20023909145248056, "pr_pctpovnorm": 0.28661087866108786, "pr_unemplnorm": 0.5546921697549313, "pr_depratnorm": 0.036760310818888225, "pr_lingnorm": 0.16527196652719664, "pr_health_nor": 0.1549611476389719, "GEOID": "131210013012", "fg_tiles": 6, "fg_temp_c_mean": 35.335, "fg_temp_c_min": 35.3213, "fg_temp_c_max": 35.3485, "tile_area_m2": 59256.1, "dissolved_area_m2": 59256.1}}, {"type": "Feature", "geometry": {"type": "Polygon", "coordinates": [[[-84.37661140829869, 33.77116987474123], [-84.37553638278233, 33.77114700346861], [-84.37550900252634, 33.7720443937928], [-84.37658403922676, 33.77206726583621], [-84.37765907713997, 33.77209012852897], [-84.37768643502778, 33.77119273666351], [-84.37661140829869, 33.77116987474123]]]}, "properties": {"ua_name": "Atlanta, GA", "county": "Fulton County", "place": "Atlanta", "acs_pop": 1043.0, "cbg_pop": 1104, "land_area": 0.2772, "treecanopy": 0.2075, "tc_goal": 0.4, "tc_gap": 0.1925, "temp_diff": 9.98, "temp_norm": 0.716347662378412, "pctpocnorm": 0.647171620325983, "pctpovnorm": 0.588686481303931, "unemplnorm": 0.0, "depratnorm": 0.343851132686084, "lingnorm": 0.0, "health_nor": 0.182739599479248, "pctpoc": 0.647171620325983, "pctpov": 0.588686481303931, "unemplrate": 0.0, "dep_ratio": 0.687702265372168, "tes": 83, "holc_grade": "C", "density": 3762.626262626263, "pr_temp_diff": 0.9282725642558278, "pr_density": 0.93335325762104, "pr_pctpocnorm": 0.5268977884040645, "pr_pctpovnorm": 0.8956963538553496, "pr_unemplnorm": 0.13613269575612671, "pr_depratnorm": 0.6649731022115959, "pr_lingnorm": 0.16527196652719664, "pr_health_nor": 0.1549611476389719, "GEOID": "131210013021", "fg_tiles": 2, "fg_temp_c_mean": 35.329, "fg_temp_c_min": 35.3197, "fg_temp_c_max": 35.3383, "tile_area_m2": 19751.6, "dissolved_area_m2": 19751.6}}, {"type": "Feature", "geometry": {"type": "MultiPolygon", "coordinates": [[[[-84.37768643502778, 33.77119273666351], [-84.37771379170445, 33.770295344647785], [-84.37663877615896, 33.77027248349597], [-84.37771379170445, 33.77029534464779], [-84.37774114717001, 33.769397952481796], [-84.37666614280764, 33.76937509210045], [-84.37559113965789, 33.76935222236937], [-84.37451613772127, 33.76932934328861], [-84.37448874870654, 33.770226733142295], [-84.37556376182616, 33.77024961299414], [-84.37448874870654, 33.77022673314229], [-84.3744613584792, 33.77112412284568], [-84.37553638278233, 33.77114700346861], [-84.37661140829869, 33.77116987474123], [-84.37768643502778, 33.77119273666351]]], [[[-84.37672087247036, 33.76758030885856], [-84.37674823548453, 33.7666829170122], [-84.37567326588099, 33.76666004959333], [-84.37459829749045, 33.76663717282572], [-84.37457091211319, 33.767534563130326], [-84.37454352552348, 33.76843195328462], [-84.37451613772127, 33.76932934328862], [-84.37559113965789, 33.769352222369385], [-84.37666614280764, 33.769375092100454], [-84.37774114717001, 33.76939795248181], [-84.37776850142451, 33.76850056016555], [-84.377795854468, 33.76760316769906], [-84.37672087247036, 33.767580308858555], [-84.37564589168525, 33.767557440668966], [-84.37672087247036, 33.76758030885856]]]]}, "properties": {"ua_name": "Atlanta, GA", "county": "Fulton County", "place": "Atlanta", "acs_pop": 1080.0, "cbg_pop": 841, "land_area": 0.2188, "treecanopy": 0.3593, "tc_goal": 0.5, "tc_gap": 0.1407, "temp_diff": 3.95, "temp_norm": 0.527141512394101, "pctpocnorm": 0.907407407407407, "pctpovnorm": 0.837037037037037, "unemplnorm": 0.0, "depratnorm": 0.385245901639344, "lingnorm": 0.023294400655018, "health_nor": 0.299942832666689, "pctpoc": 0.907407407407407, "pctpov": 0.837037037037037, "unemplrate": 0.0, "dep_ratio": 0.770491803278688, "tes": 86, "holc_grade": "D", "density": 4936.014625228519, "pr_temp_diff": 0.6820083682008368, "pr_density": 0.9620442319187089, "pr_pctpocnorm": 0.7848176927674836, "pr_pctpovnorm": 0.9847579199043635, "pr_unemplnorm": 0.13613269575612671, "pr_depratnorm": 0.7624028690974297, "pr_lingnorm": 0.5231619844590556, "pr_health_nor": 0.48670053795576806, "GEOID": "131210018011", "fg_tiles": 14, "fg_temp_c_mean": 35.3202, "fg_temp_c_min": 35.3, "fg_temp_c_max": 35.343, "tile_area_m2": 138257.3, "dissolved_area_m2": 138257.3}}, {"type": "Feature", "geometry": {"type": "MultiPolygon", "coordinates": [[[[-84.37878880846213, 33.77031819644952], [-84.37986382643153, 33.770341038901165], [-84.38093884561212, 33.77036387200266], [-84.38201386600343, 33.77038669575398], [-84.38204117673602, 33.76948930050934], [-84.38206848625953, 33.7685919051145], [-84.382095794574, 33.767694509569466], [-84.38102080773116, 33.76767168812567], [-84.37994582209889, 33.767648857332645], [-84.37887083767767, 33.76762601719044], [-84.37884349581637, 33.768523410427036], [-84.37881615274453, 33.76942080351341], [-84.37989115953071, 33.769443645195224], [-84.3799184914198, 33.76854625133904], [-84.3798911595307, 33.769443645195224], [-84.38096616752803, 33.76946647752721], [-84.3798911595307, 33.76944364519522], [-84.37986382643153, 33.770341038901165], [-84.37989115953071, 33.76944364519522], [-84.37881615274453, 33.76942080351341], [-84.37878880846213, 33.77031819644952]]], [[[-84.37878880846213, 33.77031819644952], [-84.37876146296914, 33.7712155892354], [-84.37878880846215, 33.77031819644952], [-84.37881615274455, 33.76942080351341], [-84.37774114717001, 33.769397952481796], [-84.37771379170445, 33.77029534464779], [-84.37878880846215, 33.77031819644952], [-84.37771379170445, 33.770295344647785], [-84.37768643502778, 33.77119273666351], [-84.37876146296914, 33.7712155892354], [-84.37983649212224, 33.771238432456876], [-84.3809115224866, 33.77126126632789], [-84.38198655406171, 33.771284090848425], [-84.38201386600343, 33.77038669575398], [-84.38093884561212, 33.770363872002655], [-84.37986382643153, 33.77034103890116], [-84.37878880846213, 33.77031819644952]]], [[[-84.37881615274455, 33.76942080351341], [-84.37884349581637, 33.768523410427036], [-84.37887083767768, 33.76762601719044], [-84.37779585446799, 33.76760316769906], [-84.37776850142451, 33.76850056016555], [-84.37774114717001, 33.76939795248181], [-84.37881615274455, 33.76942080351341]]]]}, "properties": {"ua_name": "Atlanta, GA", "county": "Fulton County", "place": "Atlanta", "acs_pop": 1107.0, "cbg_pop": 1196, "land_area": 0.1625, "treecanopy": 0.4428, "tc_goal": 0.3, "tc_gap": 0.0, "temp_diff": 11.33, "temp_norm": 0.758707248195795, "pctpocnorm": 0.28906955736224, "pctpovnorm": 0.330623306233062, "unemplnorm": 0.216599190283401, "depratnorm": 0.045320197044335, "lingnorm": 0.023294400655018, "health_nor": 0.299942832666689, "pctpoc": 0.28906955736224, "pctpov": 0.330623306233062, "unemplrate": 0.216599190283401, "dep_ratio": 0.09064039408867, "tes": 100, "holc_grade": "D", "density": 6812.307692307692, "pr_temp_diff": 0.9592050209205021, "pr_density": 0.9796772265391512, "pr_pctpocnorm": 0.21159593544530783, "pr_pctpovnorm": 0.6503287507471608, "pr_unemplnorm": 0.9671249252839211, "pr_depratnorm": 0.03257621040047818, "pr_lingnorm": 0.5231619844590556, "pr_health_nor": 0.48670053795576806, "GEOID": "131210018012", "fg_tiles": 16, "fg_temp_c_mean": 35.3804, "fg_temp_c_min": 35.3568, "fg_temp_c_max": 35.4006, "tile_area_m2": 158009.7, "dissolved_area_m2": 158009.7}}, {"type": "Feature", "geometry": {"type": "MultiPolygon", "coordinates": [[[[-84.38435490360858, 33.76415053457799], [-84.3832799590709, 33.76412773490672], [-84.38220501574258, 33.76410492588742], [-84.38217771226374, 33.765002322033226], [-84.38215040757605, 33.76589971802883], [-84.38322537326567, 33.7659225285857], [-84.38430034016476, 33.76594532979391], [-84.3843276224906, 33.76504793226103], [-84.38435490360858, 33.76415053457799]]], [[[-84.38435490360858, 33.76415053457799], [-84.38438218351878, 33.7632531367448], [-84.38440946222124, 33.76235573876147], [-84.38333454004301, 33.762332940627104], [-84.382259619074, 33.76231013314534], [-84.38118469931479, 33.76228731631617], [-84.38010978076579, 33.76226449013968], [-84.38008245734578, 33.76316188504737], [-84.3801097807658, 33.76226449013968], [-84.38013710297616, 33.76136709508177], [-84.3790621968167, 33.76134426032764], [-84.37798729186844, 33.761321416226565], [-84.37691238813186, 33.76129856277856], [-84.37583748560743, 33.76127569998366], [-84.3747625842957, 33.76125282784193], [-84.37473520619199, 33.76215021904829], [-84.37470782687616, 33.763047610104344], [-84.37468044634814, 33.76394500101013], [-84.37575538119705, 33.763967875464736], [-84.3768303172588, 33.76399074057155], [-84.37790525453288, 33.764013596330535], [-84.37898019301879, 33.764036442741634], [-84.38005513271602, 33.764059279804854], [-84.38113007362413, 33.76408210752013], [-84.38220501574258, 33.76410492588743], [-84.3832799590709, 33.76412773490673], [-84.38435490360858, 33.76415053457799]]]]}, "properties": {"ua_name": "Atlanta, GA", "county": "Fulton County", "place": "Atlanta", "acs_pop": 1183.0, "cbg_pop": 1148, "land_area": 0.2723, "treecanopy": 0.2871, "tc_goal": 0.3, "tc_gap": 0.0129, "temp_diff": 8.99, "temp_norm": 0.685283966112331, "pctpocnorm": 0.553677092138631, "pctpovnorm": 0.233305156382079, "unemplnorm": 0.015165876777251, "depratnorm": 0.057492931196984, "lingnorm": 0.021878553036578, "health_nor": 0.299942832666689, "pctpoc": 0.553677092138631, "pctpov": 0.233305156382079, "unemplrate": 0.015165876777251, "dep_ratio": 0.114985862393968, "tes": 99, "holc_grade": "D", "density": 4344.473007712082, "pr_temp_diff": 0.9012253436939629, "pr_density": 0.9488942020322774, "pr_pctpocnorm": 0.44590555887627015, "pr_pctpovnorm": 0.5101613867304244, "pr_unemplnorm": 0.3463837417812313, "pr_depratnorm": 0.04064554692169755, "pr_lingnorm": 0.5168858338314405, "pr_health_nor": 0.48670053795576806, "GEOID": "131210018021", "fg_tiles": 27, "fg_temp_c_mean": 35.3705, "fg_temp_c_min": 35.3047, "fg_temp_c_max": 35.4114, "tile_area_m2": 266622.1, "dissolved_area_m2": 266622.1}}, {"type": "Feature", "geometry": {"type": "Polygon", "coordinates": [[[-84.38102080773116, 33.767671688125674], [-84.382095794574, 33.76769450956947], [-84.3821231016795, 33.76679711387424], [-84.38215040757605, 33.76589971802883], [-84.38217771226374, 33.765002322033226], [-84.38220501574258, 33.76410492588742], [-84.38113007362413, 33.764082107520125], [-84.38005513271602, 33.76405927980485], [-84.37898019301879, 33.76403644274163], [-84.37790525453288, 33.76401359633053], [-84.3768303172588, 33.76399074057154], [-84.37575538119705, 33.76396787546473], [-84.37468044634814, 33.76394500101013], [-84.37465306460788, 33.76484239176562], [-84.37462568165535, 33.765739782370815], [-84.37459829749045, 33.76663717282572], [-84.37567326588099, 33.76666004959333], [-84.37674823548453, 33.7666829170122], [-84.37672087247036, 33.76758030885856], [-84.37779585446799, 33.767603167699065], [-84.37887083767768, 33.767626017190445], [-84.37889817832853, 33.76672862380359], [-84.37887083767767, 33.767626017190445], [-84.37994582209889, 33.76764885733266], [-84.38102080773116, 33.767671688125674]]]}, "properties": {"ua_name": "Atlanta, GA", "county": "Fulton County", "place": "Atlanta", "acs_pop": 1158.0, "cbg_pop": 1326, "land_area": 0.2634, "treecanopy": 0.344, "tc_goal": 0.3, "tc_gap": 0.0, "temp_diff": 9.46, "temp_norm": 0.700031377470976, "pctpocnorm": 0.559585492227979, "pctpovnorm": 0.246113989637306, "unemplnorm": 0.0, "depratnorm": 0.195078031212485, "lingnorm": 0.021878553036578, "health_nor": 0.299942832666689, "pctpoc": 0.559585492227979, "pctpov": 0.246113989637306, "unemplrate": 0.0, "dep_ratio": 0.39015606242497, "tes": 100, "holc_grade": "D", "density": 4396.355353075171, "pr_temp_diff": 0.9121338912133892, "pr_density": 0.9506873879258817, "pr_pctpocnorm": 0.4512851165570831, "pr_pctpovnorm": 0.5292887029288703, "pr_unemplnorm": 0.13613269575612671, "pr_depratnorm": 0.2268380155409444, "pr_lingnorm": 0.5168858338314405, "pr_health_nor": 0.48670053795576806, "GEOID": "131210018022", "fg_tiles": 26, "fg_temp_c_mean": 35.3614, "fg_temp_c_min": 35.3037, "fg_temp_c_max": 35.4013, "tile_area_m2": 256754.4, "dissolved_area_m2": 256754.4}}, {"type": "Feature", "geometry": {"type": "MultiPolygon", "coordinates": [[[[-84.39069573283741, 33.7678767445433], [-84.3906685139834, 33.768774146230285], [-84.39064129392433, 33.76967154776722], [-84.39171631400599, 33.76969428659903], [-84.39064129392433, 33.76967154776721], [-84.39061407266011, 33.770568949154075], [-84.39168910392557, 33.77059168875223], [-84.39171631400599, 33.76969428659903], [-84.3917435228818, 33.76879688429575], [-84.39281853298584, 33.76881961301134], [-84.39284572947422, 33.767922209792005], [-84.39177073055299, 33.767899481842434], [-84.3917435228818, 33.76879688429575], [-84.391770730553, 33.767899481842434], [-84.39069573283741, 33.7678767445433]]], [[[-84.391770730553, 33.76789948184244], [-84.39179793701967, 33.76700207923907], [-84.39177073055299, 33.76789948184244], [-84.39284572947422, 33.76792220979201], [-84.39287292475855, 33.767024806422626], [-84.3929001188389, 33.76612740290322], [-84.39182514228186, 33.76610467648565], [-84.39075016693036, 33.76608194071911], [-84.38967519278486, 33.76605919560367], [-84.38964796515913, 33.76695659682417], [-84.38962073632791, 33.76785399789461], [-84.39069573283741, 33.76787674454331], [-84.391770730553, 33.76789948184244]]], [[[-84.39168910392557, 33.770591688752226], [-84.39061407266011, 33.77056894915406], [-84.39058685019073, 33.77146635039084], [-84.39166189264044, 33.77148909075539], [-84.39168910392557, 33.770591688752226]]]]}, "properties": {"ua_name": "Atlanta, GA", "county": "Fulton County", "place": "Atlanta", "acs_pop": 3161.0, "cbg_pop": 2227, "land_area": 0.1435, "treecanopy": 0.2516, "tc_goal": 0.4, "tc_gap": 0.1484, "temp_diff": 10.76, "temp_norm": 0.740822089739567, "pctpocnorm": 0.592217652641569, "pctpovnorm": 1.0, "unemplnorm": 0.056137012369172, "depratnorm": 0.038317438692098, "lingnorm": 0.0, "health_nor": 0.270913982420682, "pctpoc": 0.592217652641569, "pctpov": 1.0, "unemplrate": 0.056137012369172, "dep_ratio": 0.076634877384196, "tes": 86, "holc_grade": "D", "density": 22027.874564459933, "pr_temp_diff": 0.9459055588762701, "pr_density": 0.9976090854751942, "pr_pctpocnorm": 0.47848176927674835, "pr_pctpovnorm": 0.9989539748953975, "pr_unemplnorm": 0.6530185295875672, "pr_depratnorm": 0.02869097429766886, "pr_lingnorm": 0.16527196652719664, "pr_health_nor": 0.4036162582187687, "GEOID": "131210019011", "fg_tiles": 11, "fg_temp_c_mean": 35.3915, "fg_temp_c_min": 35.3876, "fg_temp_c_max": 35.3973, "tile_area_m2": 108631.4, "dissolved_area_m2": 108631.4}}, {"type": "Feature", "geometry": {"type": "MultiPolygon", "coordinates": [[[[-84.38854574102503, 33.76783124189643], [-84.38857298103844, 33.766933841592916], [-84.38860021984587, 33.766036441139335], [-84.38857298103842, 33.766933841592916], [-84.38854574102503, 33.76783124189643]]], [[[-84.38854574102503, 33.76783124189643], [-84.38962073632791, 33.76785399789461], [-84.38964796515913, 33.76695659682417], [-84.38967519278486, 33.76605919560367], [-84.38970241920518, 33.76516179423308], [-84.39077738216943, 33.76518453858194], [-84.39080459620362, 33.76428713629468], [-84.38972964442014, 33.76426439271242], [-84.38865469384305, 33.76424163978189], [-84.38757974447286, 33.764218877503154], [-84.38865469384305, 33.7642416397819], [-84.38972964442014, 33.76426439271243], [-84.39080459620362, 33.76428713629469], [-84.39083180903299, 33.763389733857395], [-84.39085902065757, 33.762492331270046], [-84.39088623107743, 33.761594928532645], [-84.38981131283327, 33.76157218725002], [-84.38873639579536, 33.761549436620086], [-84.38766147996418, 33.761526676642895], [-84.38873639579536, 33.7615494366201], [-84.38981131283327, 33.761572187250025], [-84.39088623107743, 33.76159492853265], [-84.39091344029262, 33.7606975256452], [-84.39094064830319, 33.75980012260771], [-84.3898657524161, 33.75977738285811], [-84.38879085773516, 33.75975463376183], [-84.38771596426085, 33.7597318753189], [-84.38768872271557, 33.760629276055944], [-84.38766147996418, 33.761526676642895], [-84.38763423600662, 33.76242407707976], [-84.38760699084287, 33.7633214773665], [-84.38757974447286, 33.764218877503154], [-84.38755249689653, 33.76511627748972], [-84.38752524811386, 33.766013677326164], [-84.38749799812479, 33.7669110770125], [-84.38747074692922, 33.767808476548744], [-84.38854574102503, 33.76783124189643]], [[-84.38868192903288, 33.76334423887804], [-84.38865469384305, 33.7642416397819], [-84.3886819290329, 33.76334423887804], [-84.38870916301698, 33.762446837824115], [-84.38868192903288, 33.76334423887804]]], [[[-84.38851849980558, 33.768728642049794], [-84.38849125738011, 33.7696260420531], [-84.3885184998056, 33.768728642049794], [-84.38854574102503, 33.767831241896424], [-84.38747074692922, 33.76780847654874], [-84.38744349452716, 33.768705875934856], [-84.38741624091855, 33.769603275170866], [-84.38849125738011, 33.7696260420531], [-84.38956627504886, 33.769648799585234], [-84.39064129392433, 33.76967154776722], [-84.3906685139834, 33.768774146230285], [-84.39069573283741, 33.7678767445433], [-84.38962073632791, 33.76785399789461], [-84.38854574102503, 33.767831241896424], [-84.38851849980558, 33.768728642049794]]], [[[-84.38846401374849, 33.77052344190628], [-84.38738898610332, 33.77050067425674], [-84.38736173008141, 33.77139807319251], [-84.38843676891071, 33.77142084160936], [-84.38951180894732, 33.77144360067549], [-84.39058685019073, 33.77146635039084], [-84.39061407266011, 33.77056894915406], [-84.38953904260093, 33.770546200205395], [-84.38846401374849, 33.77052344190628]]], [[[-84.38956627504886, 33.76964879958523], [-84.38849125738011, 33.76962604205309], [-84.38741624091855, 33.76960327517086], [-84.38738898610332, 33.77050067425675], [-84.38846401374849, 33.770523441906285], [-84.38953904260093, 33.7705462002054], [-84.39061407266011, 33.770568949154075], [-84.39064129392433, 33.76967154776721], [-84.38956627504886, 33.76964879958523]]]]}, "properties": {"ua_name": "Atlanta, GA", "county": "Fulton County", "place": "Atlanta", "acs_pop": 1009.0, "cbg_pop": 989, "land_area": 0.3256, "treecanopy": 0.1267, "tc_goal": 0.3, "tc_gap": 0.1733, "temp_diff": 8.91, "temp_norm": 0.682773768434264, "pctpocnorm": 0.724479682854311, "pctpovnorm": 0.21605550049554, "unemplnorm": 0.018480492813142, "depratnorm": 0.01956745623069, "lingnorm": 0.011572531249185, "health_nor": 0.270913982420682, "pctpoc": 0.724479682854311, "pctpov": 0.21605550049554, "unemplrate": 0.018480492813142, "dep_ratio": 0.03913491246138, "tes": 87, "holc_grade": "D", "density": 3098.8943488943487, "pr_temp_diff": 0.8986849970113568, "pr_density": 0.9082486551105798, "pr_pctpocnorm": 0.5947399880454274, "pr_pctpovnorm": 0.48356246264196057, "pr_unemplnorm": 0.37447698744769875, "pr_depratnorm": 0.018230723251643755, "pr_lingnorm": 0.4339509862522415, "pr_health_nor": 0.4036162582187687, "GEOID": "131210019021", "fg_tiles": 36, "fg_temp_c_mean": 35.401, "fg_temp_c_min": 35.3943, "fg_temp_c_max": 35.4065, "tile_area_m2": 355509.4, "dissolved_area_m2": 355509.4}}, {"type": "Feature", "geometry": {"type": "MultiPolygon", "coordinates": [[[[-84.38198655406171, 33.771284090848425], [-84.38306158684709, 33.771306906018424], [-84.38413662084226, 33.77132971183787], [-84.38521165604669, 33.77135250830673], [-84.3862866924599, 33.77137529542495], [-84.38736173008142, 33.77139807319251], [-84.38738898610332, 33.77050067425674], [-84.38631395966587, 33.77047789725681], [-84.38523893443667, 33.77045511090655], [-84.3841639104162, 33.77043231520595], [-84.38308888760496, 33.77040951015509], [-84.3841639104162, 33.770432315205966], [-84.38523893443667, 33.77045511090655], [-84.38631395966587, 33.770477897256825], [-84.38738898610332, 33.77050067425675], [-84.38741624091855, 33.76960327517086], [-84.38634122566468, 33.76958049893856], [-84.38741624091855, 33.769603275170866], [-84.38744349452716, 33.768705875934856], [-84.38747074692922, 33.76780847654874], [-84.38639575404102, 33.76778570185163], [-84.3853207623609, 33.76776291780511], [-84.38424577188935, 33.767740124409215], [-84.3831707826269, 33.76771732166399], [-84.382095794574, 33.767694509569466], [-84.38206848625953, 33.7685919051145], [-84.38204117673601, 33.76948930050934], [-84.38201386600343, 33.77038669575398], [-84.38198655406171, 33.771284090848425]], [[-84.38634122566468, 33.76958049893856], [-84.385266211619, 33.769557713356214], [-84.38419119878199, 33.76953491842387], [-84.38311618715417, 33.76951211414157], [-84.38204117673601, 33.76948930050934], [-84.38311618715417, 33.76951211414158], [-84.38419119878199, 33.76953491842388], [-84.385266211619, 33.76955771335622], [-84.38634122566468, 33.76958049893856]]], [[[-84.38747074692922, 33.767808476548744], [-84.38749799812479, 33.7669110770125], [-84.38642301641866, 33.76688830308296], [-84.38639575404102, 33.76778570185163], [-84.38747074692922, 33.767808476548744]]]]}, "properties": {"ua_name": "Atlanta, GA", "county": "Fulton County", "place": "Atlanta", "acs_pop": 761.0, "cbg_pop": 585, "land_area": 0.2168, "treecanopy": 0.1235, "tc_goal": 0.2, "tc_gap": 0.0765, "temp_diff": 13.31, "temp_norm": 0.820834640727957, "pctpocnorm": 0.630749014454665, "pctpovnorm": 0.327201051248357, "unemplnorm": 0.079632465543645, "depratnorm": 0.012803234501348, "lingnorm": 0.011572531249185, "health_nor": 0.270913982420682, "pctpoc": 0.630749014454665, "pctpov": 0.327201051248357, "unemplrate": 0.079632465543645, "dep_ratio": 0.025606469002695, "tes": 94, "holc_grade": "D", "density": 3510.147601476015, "pr_temp_diff": 0.9805738194859533, "pr_density": 0.9261805140466228, "pr_pctpocnorm": 0.5152420800956365, "pr_pctpovnorm": 0.6473401075911536, "pr_unemplnorm": 0.762104004781829, "pr_depratnorm": 0.014644351464435146, "pr_lingnorm": 0.4339509862522415, "pr_health_nor": 0.4036162582187687, "GEOID": "131210019022", "fg_tiles": 21, "fg_temp_c_mean": 35.4094, "fg_temp_c_min": 35.4034, "fg_temp_c_max": 35.4126, "tile_area_m2": 207388.9, "dissolved_area_m2": 207388.9}}, {"type": "Feature", "geometry": {"type": "MultiPolygon", "coordinates": [[[[-84.38766147996418, 33.761526676642895], [-84.38658656534022, 33.76150390731844], [-84.38551165192402, 33.76148112864681], [-84.38443673971602, 33.76145834062799], [-84.38440946222124, 33.76235573876147], [-84.38438218351878, 33.7632531367448], [-84.38435490360858, 33.76415053457799], [-84.38432762249059, 33.76504793226103], [-84.38430034016474, 33.76594532979391], [-84.38427305663103, 33.76684272717664], [-84.38430034016476, 33.76594532979391], [-84.38322537326567, 33.7659225285857], [-84.38215040757605, 33.76589971802883], [-84.3821231016795, 33.76679711387424], [-84.382095794574, 33.76769450956947], [-84.3831707826269, 33.76771732166399], [-84.38424577188935, 33.76774012440922], [-84.3853207623609, 33.767762917805115], [-84.38639575404102, 33.76778570185163], [-84.38642301641868, 33.76688830308296], [-84.38645027758935, 33.765990904164184], [-84.38642301641866, 33.76688830308296], [-84.38749799812479, 33.7669110770125], [-84.38752524811386, 33.766013677326164], [-84.38755249689653, 33.76511627748972], [-84.38757974447287, 33.764218877503154], [-84.38650479631005, 33.76419610587623], [-84.38542984935513, 33.764173324901165], [-84.38650479631005, 33.76419610587624], [-84.38757974447287, 33.764218877503154], [-84.38760699084287, 33.7633214773665], [-84.38763423600662, 33.76242407707976], [-84.38766147996418, 33.761526676642895]]], [[[-84.38766147996418, 33.761526676642895], [-84.38768872271557, 33.760629276055944], [-84.38771596426085, 33.7597318753189], [-84.38664107199368, 33.75970910752937], [-84.38556618093413, 33.75968633039327], [-84.38449129108271, 33.75966354391062], [-84.38446401600316, 33.76056094234438], [-84.38443673971602, 33.761458340627996], [-84.38551165192402, 33.761481128646814], [-84.38658656534022, 33.76150390731845], [-84.38766147996418, 33.761526676642895]]]]}, "properties": {"ua_name": "Atlanta, GA", "county": "Fulton County", "place": "Atlanta", "acs_pop": 494.0, "cbg_pop": 684, "land_area": 0.3104, "treecanopy": 0.1695, "tc_goal": 0.2, "tc_gap": 0.0305, "temp_diff": 10.91, "temp_norm": 0.745528710385943, "pctpocnorm": 0.82995951417004, "pctpovnorm": 0.259109311740891, "unemplnorm": 0.0, "depratnorm": 0.01890756302521, "lingnorm": 0.011572531249185, "health_nor": 0.270913982420682, "pctpoc": 0.82995951417004, "pctpov": 0.259109311740891, "unemplrate": 0.0, "dep_ratio": 0.03781512605042, "tes": 97, "holc_grade": "D", "density": 1591.4948453608247, "pr_temp_diff": 0.9497907949790795, "pr_density": 0.7334130304841602, "pr_pctpocnorm": 0.6975493126120741, "pr_pctpovnorm": 0.5496114763897191, "pr_unemplnorm": 0.13613269575612671, "pr_depratnorm": 0.017632994620442318, "pr_lingnorm": 0.4339509862522415, "pr_health_nor": 0.4036162582187687, "GEOID": "131210019023", "fg_tiles": 30, "fg_temp_c_mean": 35.4105, "fg_temp_c_min": 35.4075, "fg_temp_c_max": 35.4129, "tile_area_m2": 296251.6, "dissolved_area_m2": 296251.6}}, {"type": "Feature", "geometry": {"type": "MultiPolygon", "coordinates": [[[[-84.38967519278486, 33.76605919560367], [-84.39075016693036, 33.76608194071911], [-84.39182514228186, 33.76610467648565], [-84.3929001188389, 33.76612740290322], [-84.39292731171528, 33.765229999233796], [-84.39400227829591, 33.76525271553674], [-84.395077246081, 33.76527542249098], [-84.39510441539164, 33.76437801714055], [-84.39402945878751, 33.764355310951636], [-84.3929545033878, 33.76433259541433], [-84.39292731171528, 33.765229999233796], [-84.39295450338781, 33.76433259541433], [-84.391879549193, 33.76430987052867], [-84.39080459620362, 33.76428713629468], [-84.39077738216943, 33.76518453858194], [-84.38970241920518, 33.76516179423308], [-84.38967519278486, 33.76605919560367]]], [[[-84.39518591610666, 33.76168580018935], [-84.39411099304245, 33.76166309629631], [-84.39303607118252, 33.76164038305583], [-84.39411099304245, 33.761663096296324], [-84.39518591610666, 33.76168580018936], [-84.39626084037462, 33.76170849473492], [-84.39628799369513, 33.7608110880196], [-84.39631514581347, 33.759913681154316], [-84.39524024390309, 33.75989098813863], [-84.39416534319636, 33.75986828577609], [-84.39309044369381, 33.75984557406674], [-84.39201554539592, 33.759822853010604], [-84.39094064830319, 33.75980012260771], [-84.39091344029262, 33.7606975256452], [-84.39088623107743, 33.76159492853265], [-84.39196115052735, 33.76161766046792], [-84.39198834856371, 33.76072025681428], [-84.39201554539592, 33.759822853010604], [-84.3919883485637, 33.76072025681428], [-84.39196115052735, 33.76161766046792], [-84.39088623107743, 33.761594928532645], [-84.39085902065757, 33.762492331270046], [-84.39083180903299, 33.763389733857395], [-84.39080459620362, 33.76428713629469], [-84.391879549193, 33.76430987052868], [-84.39295450338781, 33.76433259541434], [-84.39298169385647, 33.76343519144485], [-84.3929545033878, 33.76433259541434], [-84.39402945878751, 33.76435531095164], [-84.39510441539164, 33.76437801714055], [-84.39513158349942, 33.76348061164014], [-84.39510441539163, 33.76437801714055], [-84.3961793731997, 33.76440071398103], [-84.39725433221119, 33.76442340147306], [-84.3983292924256, 33.76444607961659], [-84.39835642699167, 33.76354867182215], [-84.39728147795788, 33.763525994442986], [-84.39730862250275, 33.76262858726296], [-84.39733576584588, 33.761731179932944], [-84.39626084037462, 33.761708494734904], [-84.39518591610666, 33.76168580018935]]], [[[-84.39510441539163, 33.76437801714055], [-84.395077246081, 33.76527542249098], [-84.39615221507007, 33.76529812009647], [-84.39722718526264, 33.76532080835318], [-84.39725433221119, 33.76442340147305], [-84.3961793731997, 33.764400713981026], [-84.39510441539163, 33.76437801714055]]], [[[-84.39416534319636, 33.7598682857761], [-84.39524024390309, 33.75989098813863], [-84.39526740599737, 33.7589935818883], [-84.39419251646866, 33.75897088029098], [-84.39416534319636, 33.7598682857761]]]]}, "properties": {"ua_name": "Atlanta, GA", "county": "Fulton County", "place": "Atlanta", "acs_pop": 1191.0, "cbg_pop": 1284, "land_area": 0.4165, "treecanopy": 0.1315, "tc_goal": 0.4, "tc_gap": 0.2685, "temp_diff": 11.49, "temp_norm": 0.76372764355193, "pctpocnorm": 0.739714525608732, "pctpovnorm": 0.329974811083123, "unemplnorm": 0.072120559741658, "depratnorm": 0.04038112522686, "lingnorm": 0.008368764555651, "health_nor": 0.409757287156607, "pctpoc": 0.739714525608732, "pctpov": 0.329974811083123, "unemplrate": 0.072120559741658, "dep_ratio": 0.08076225045372, "tes": 78, "holc_grade": "D", "density": 2859.543817527011, "pr_temp_diff": 0.9618947997609085, "pr_density": 0.8971906754333533, "pr_pctpocnorm": 0.6090854751942618, "pr_pctpovnorm": 0.6500298864315601, "pr_unemplnorm": 0.7343096234309623, "pr_depratnorm": 0.030185295875672445, "pr_lingnorm": 0.40077704722056184, "pr_health_nor": 0.7904961147638971, "GEOID": "131210021001", "fg_tiles": 39, "fg_temp_c_mean": 35.381, "fg_temp_c_min": 35.3714, "fg_temp_c_max": 35.3968, "tile_area_m2": 385125.4, "dissolved_area_m2": 385125.4}}, {"type": "Feature", "geometry": {"type": "MultiPolygon", "coordinates": [[[[-84.395077246081, 33.76527542249098], [-84.39400227829591, 33.76525271553674], [-84.39292731171528, 33.765229999233796], [-84.3929001188389, 33.76612740290322], [-84.39287292475855, 33.767024806422626], [-84.39284572947422, 33.76792220979201], [-84.39392072960054, 33.76794492839195], [-84.3949957309315, 33.76796763764224], [-84.39496855680895, 33.76886504239265], [-84.39604357052703, 33.76888774305833], [-84.39607073346659, 33.76799033754284], [-84.3949957309315, 33.76796763764224], [-84.39607073346659, 33.767990337542855], [-84.39609789520357, 33.767092931877364], [-84.39612505573805, 33.76619552606191], [-84.39615221507007, 33.76529812009647], [-84.395077246081, 33.76527542249098]]], [[[-84.3949957309315, 33.76796763764224], [-84.39392072960054, 33.76794492839194], [-84.39284572947422, 33.767922209792005], [-84.39281853298584, 33.76881961301134], [-84.39389354429505, 33.76884233237698], [-84.39496855680896, 33.76886504239265], [-84.3949957309315, 33.76796763764224]]]]}, "properties": {"ua_name": "Atlanta, GA", "county": "Fulton County", "place": "Atlanta", "acs_pop": 566.0, "cbg_pop": 864, "land_area": 0.1117, "treecanopy": 0.3404, "tc_goal": 0.4, "tc_gap": 0.0596, "temp_diff": 14.03, "temp_norm": 0.843426419830562, "pctpocnorm": 0.939929328621908, "pctpovnorm": 0.602473498233215, "unemplnorm": 0.126126126126126, "depratnorm": 0.082304526748971, "lingnorm": 0.008368764555651, "health_nor": 0.409757287156607, "pctpoc": 0.939929328621908, "pctpov": 0.602473498233215, "unemplrate": 0.126126126126126, "dep_ratio": 0.164609053497942, "tes": 94, "holc_grade": "D", "density": 5067.144136078783, "pr_temp_diff": 0.9877465630603706, "pr_density": 0.9644351464435147, "pr_pctpocnorm": 0.8281530185295876, "pr_pctpovnorm": 0.9052600119545726, "pr_unemplnorm": 0.8885236102809324, "pr_depratnorm": 0.05977286312014345, "pr_lingnorm": 0.40077704722056184, "pr_health_nor": 0.7904961147638971, "GEOID": "131210021002", "fg_tiles": 12, "fg_temp_c_mean": 35.3807, "fg_temp_c_min": 35.3773, "fg_temp_c_max": 35.3841, "tile_area_m2": 118506.0, "dissolved_area_m2": 118506.0}}, {"type": "Feature", "geometry": {"type": "MultiPolygon", "coordinates": [[[[-84.39279133529338, 33.769717016080634], [-84.393866357786, 33.76973973621199], [-84.39279133529338, 33.76971701608063], [-84.39171631400599, 33.76969428659903], [-84.39168910392557, 33.77059168875223], [-84.39276413639676, 33.77061441899989], [-84.39383917007326, 33.770637139896984], [-84.39491420495452, 33.770659851443476], [-84.39383917007326, 33.77063713989697], [-84.39276413639676, 33.770614418999884], [-84.39273693629598, 33.771511821769096], [-84.39381198115683, 33.771534543431926], [-84.39488702722251, 33.77155725574386], [-84.39596207449253, 33.77157995870485], [-84.39703712296638, 33.77160265231485], [-84.39811217264356, 33.77162533657383], [-84.39918722352361, 33.771648011481766], [-84.3992143565174, 33.770750604122796], [-84.398139316822, 33.77072792997903], [-84.3992143565174, 33.7707506041228], [-84.39924148830998, 33.76985319661388], [-84.3981664597987, 33.76983052323427], [-84.39709143249016, 33.76980784050424], [-84.39601640638487, 33.769785148423836], [-84.3949413814833, 33.76976244699307], [-84.39601640638487, 33.76978514842384], [-84.39709143249016, 33.76980784050425], [-84.3981664597987, 33.769830523234276], [-84.39924148830998, 33.76985319661389], [-84.39926861890137, 33.76895578895501], [-84.39819360157374, 33.76893311633955], [-84.39822074214715, 33.768035709294864], [-84.39714573720529, 33.76801302809373], [-84.3971185854488, 33.76891043437397], [-84.3971457372053, 33.76801302809373], [-84.39607073346659, 33.76799033754284], [-84.39604357052703, 33.76888774305833], [-84.39496855680895, 33.76886504239265], [-84.3949413814833, 33.76976244699307], [-84.39496855680896, 33.76886504239265], [-84.39389354429505, 33.76884233237698], [-84.39386635778598, 33.76973973621199], [-84.39383917007326, 33.770637139896984], [-84.393866357786, 33.76973973621199], [-84.39389354429505, 33.76884233237698], [-84.39281853298584, 33.76881961301134], [-84.3917435228818, 33.76879688429575], [-84.39171631400599, 33.76969428659903], [-84.39279133529338, 33.769717016080634]]], [[[-84.39722718526264, 33.76532080835318], [-84.39615221507007, 33.76529812009647], [-84.39612505573805, 33.76619552606191], [-84.39609789520357, 33.767092931877364], [-84.39607073346659, 33.767990337542855], [-84.3971457372053, 33.76801302809374], [-84.39717288775974, 33.76711562166352], [-84.39714573720529, 33.76801302809374], [-84.39822074214715, 33.76803570929487], [-84.398247881519, 33.76713830210023], [-84.39827501968932, 33.766240894755626], [-84.39830215665816, 33.765343487261084], [-84.3983292924256, 33.76444607961658], [-84.39725433221119, 33.76442340147305], [-84.39722718526262, 33.76532080835318], [-84.39720003711217, 33.76621821508333], [-84.39722718526264, 33.76532080835318]]], [[[-84.39168910392557, 33.770591688752226], [-84.39166189264044, 33.77148909075539], [-84.39273693629599, 33.771511821769096], [-84.39276413639678, 33.770614418999884], [-84.39168910392557, 33.770591688752226]]]]}, "properties": {"ua_name": "Atlanta, GA", "county": "Fulton County", "place": "Atlanta", "acs_pop": 717.0, "cbg_pop": 373, "land_area": 0.274, "treecanopy": 0.1634, "tc_goal": 0.4, "tc_gap": 0.2366, "temp_diff": 14.54, "temp_norm": 0.85942893002824, "pctpocnorm": 0.640167364016736, "pctpovnorm": 0.394700139470014, "unemplnorm": 0.134920634920635, "depratnorm": 0.0736, "lingnorm": 0.008368764555651, "health_nor": 0.409757287156607, "pctpoc": 0.640167364016736, "pctpov": 0.394700139470014, "unemplrate": 0.134920634920635, "dep_ratio": 0.1472, "tes": 79, "holc_grade": "D", "density": 2616.788321167883, "pr_temp_diff": 0.9916317991631799, "pr_density": 0.8819485953377166, "pr_pctpocnorm": 0.5218170950388523, "pr_pctpovnorm": 0.7271368798565452, "pr_unemplnorm": 0.9010759115361626, "pr_depratnorm": 0.05289898386132696, "pr_lingnorm": 0.40077704722056184, "pr_health_nor": 0.7904961147638971, "GEOID": "131210021003", "fg_tiles": 30, "fg_temp_c_mean": 35.373, "fg_temp_c_min": 35.3548, "fg_temp_c_max": 35.3865, "tile_area_m2": 296272.7, "dissolved_area_m2": 296272.7}}, {"type": "Feature", "geometry": {"type": "MultiPolygon", "coordinates": [[[[-84.41337886145894, 33.76476259201429], [-84.41230388445533, 33.76474004475338], [-84.41122890864773, 33.76471748814348], [-84.41015393403663, 33.764694922184624], [-84.41012692126483, 33.765592338216514], [-84.41015393403664, 33.764694922184624], [-84.40907896062255, 33.76467234687686], [-84.40905193666907, 33.765569762147834], [-84.40902491151911, 33.766467177269], [-84.40899788517262, 33.767364592240384], [-84.41007289213321, 33.76738716983094], [-84.41114790029096, 33.76740973807165], [-84.41222290964537, 33.767432296962454], [-84.41329792019593, 33.76745484650332], [-84.41437293194218, 33.76747738669423], [-84.41439990237484, 33.766579967921274], [-84.41442687161347, 33.7656825489986], [-84.41445383965807, 33.76478512992618], [-84.41337886145894, 33.76476259201429]]], [[[-84.41125590904238, 33.76382007120124], [-84.41018094561251, 33.76379750600297], [-84.41015393403663, 33.76469492218463], [-84.41122890864773, 33.76471748814349], [-84.41230388445533, 33.76474004475339], [-84.41337886145894, 33.7647625920143], [-84.41445383965807, 33.764785129926196], [-84.41448080650873, 33.76388771070408], [-84.41340583949098, 33.763865173551835], [-84.4123308736687, 33.76384262705087], [-84.41125590904238, 33.76382007120124]]], [[[-84.40907896062255, 33.764672346876864], [-84.41015393403664, 33.76469492218463], [-84.41018094561252, 33.76379750600297], [-84.4091059833796, 33.76377493145612], [-84.40907896062255, 33.764672346876864]]]]}, "properties": {"ua_name": "Atlanta, GA", "county": "Fulton County", "place": "Atlanta", "acs_pop": 433.0, "cbg_pop": 318, "land_area": 0.2339, "treecanopy": 0.4661, "tc_goal": 0.5, "tc_gap": 0.0339, "temp_diff": 4.83, "temp_norm": 0.55475368685284, "pctpocnorm": 1.0, "pctpovnorm": 0.789838337182448, "unemplnorm": 0.0, "depratnorm": 0.67027027027027, "lingnorm": 0.0, "health_nor": 0.58834720409692, "pctpoc": 1.0, "pctpov": 0.789838337182448, "unemplrate": 0.0, "dep_ratio": 1.340540540540541, "tes": 96, "holc_grade": "D", "density": 1851.218469431381, "pr_temp_diff": 0.7347579199043635, "pr_density": 0.7910938433950986, "pr_pctpocnorm": 0.9707112970711297, "pr_pctpovnorm": 0.9772863120143455, "pr_unemplnorm": 0.13613269575612671, "pr_depratnorm": 0.9775851763299462, "pr_lingnorm": 0.16527196652719664, "pr_health_nor": 0.9698147041243276, "GEOID": "131210023001", "fg_tiles": 20, "fg_temp_c_mean": 35.521, "fg_temp_c_min": 35.4861, "fg_temp_c_max": 35.5522, "tile_area_m2": 197510.4, "dissolved_area_m2": 197510.4}}, {"type": "Feature", "geometry": {"type": "MultiPolygon", "coordinates": [[[[-84.41045099560607, 33.754823335949446], [-84.40937614515778, 33.75480076901072], [-84.40830129590644, 33.754778192726604], [-84.4082742739347, 33.75567560888403], [-84.40824725076652, 33.756573024891715], [-84.4082202264019, 33.7574704407496], [-84.40929510918328, 33.757493019316954], [-84.41036999316178, 33.75751558853794], [-84.40929510918328, 33.75749301931695], [-84.4082202264019, 33.75747044074959], [-84.40819320084074, 33.75836785645769], [-84.40816617408302, 33.759265272016], [-84.40813914612869, 33.76016268742454], [-84.40921406244456, 33.76018526827526], [-84.4102889799577, 33.76020783977868], [-84.41136389866759, 33.76023040193475], [-84.4113908930858, 33.75933298424375], [-84.41246580181313, 33.75935553629226], [-84.41249278385787, 33.75845811769134], [-84.41251976470804, 33.75756069894071], [-84.41144487833685, 33.75753814841254], [-84.41251976470804, 33.757560698940715], [-84.41254674436367, 33.75666328004035], [-84.4125737228248, 33.755765860990266], [-84.41260070009149, 33.75486844179048], [-84.4115258472508, 33.7548458935427], [-84.41045099560607, 33.75482333594944], [-84.41042399598675, 33.75572075362869], [-84.41045099560607, 33.754823335949446]]], [[[-84.4102079559925, 33.762900089671554], [-84.41018094561251, 33.76379750600297], [-84.41125590904238, 33.76382007120124], [-84.41128290824163, 33.76292265410925], [-84.41130990624555, 33.762025236867494], [-84.41023496517667, 33.76200267319036], [-84.41130990624555, 33.76202523686751], [-84.41133690305419, 33.761127819475995], [-84.41136389866759, 33.76023040193474], [-84.4102889799577, 33.76020783977867], [-84.40921406244456, 33.76018526827525], [-84.40813914612869, 33.760162687424526], [-84.40811211697768, 33.761060102683274], [-84.40808508662995, 33.761957517792204], [-84.40805805508546, 33.76285493275135], [-84.40803102234415, 33.76375234756068], [-84.4091059833796, 33.76377493145612], [-84.41018094561252, 33.76379750600297], [-84.4102079559925, 33.762900089671554]]]]}, "properties": {"ua_name": "Atlanta, GA", "county": "Fulton County", "place": "Atlanta", "acs_pop": 663.0, "cbg_pop": 592, "land_area": 0.3774, "treecanopy": 0.3705, "tc_goal": 0.5, "tc_gap": 0.1295, "temp_diff": 6.16, "temp_norm": 0.596485723250706, "pctpocnorm": 0.877828054298643, "pctpovnorm": 0.693944353518822, "unemplnorm": 0.098039215686274, "depratnorm": 0.177914110429448, "lingnorm": 0.062159456104759, "health_nor": 0.601803383791033, "pctpoc": 0.877828054298643, "pctpov": 0.693944353518822, "unemplrate": 0.098039215686274, "dep_ratio": 0.355828220858896, "tes": 87, "holc_grade": "D", "density": 1756.7567567567567, "pr_temp_diff": 0.7981171548117155, "pr_density": 0.7725642558278542, "pr_pctpocnorm": 0.7507471607890018, "pr_pctpovnorm": 0.9462044231918709, "pr_unemplnorm": 0.82083084279737, "pr_depratnorm": 0.18380155409444113, "pr_lingnorm": 0.7148834429169157, "pr_health_nor": 0.9760908547519426, "GEOID": "131210025001", "fg_tiles": 35, "fg_temp_c_mean": 35.4955, "fg_temp_c_min": 35.4618, "fg_temp_c_max": 35.554, "tile_area_m2": 345616.2, "dissolved_area_m2": 345616.2}}, {"type": "Feature", "geometry": {"type": "MultiPolygon", "coordinates": [[[[-84.41466954103674, 33.757605771957614], [-84.41359465227484, 33.75758324012241], [-84.41356768260255, 33.75848065963289], [-84.41249278385787, 33.75845811769134], [-84.41246580181313, 33.75935553629226], [-84.4113908930858, 33.75933298424375], [-84.41136389866759, 33.76023040193475], [-84.41243881857372, 33.76025295474346], [-84.41351373967561, 33.76027549820474], [-84.41354071173615, 33.75937807899366], [-84.41351373967561, 33.760275498204734], [-84.41243881857372, 33.76025295474344], [-84.41136389866759, 33.76023040193474], [-84.41133690305419, 33.761127819475995], [-84.41130990624555, 33.76202523686751], [-84.4123848485108, 33.762047791196636], [-84.4134597919719, 33.76207033617773], [-84.41453473662837, 33.76209287181074], [-84.41456169989745, 33.7611954521395], [-84.41458866197279, 33.76029803231858], [-84.4146156228544, 33.759400612347946], [-84.41464258254238, 33.75850319222762], [-84.41466954103674, 33.757605771957614]]], [[[-84.41466954103674, 33.757605771957614], [-84.41469649833756, 33.756708351537895], [-84.41362162075308, 33.756685820462216], [-84.41359465227484, 33.757583240122415], [-84.41466954103674, 33.757605771957614]]], [[[-84.4134597919719, 33.76207033617772], [-84.4123848485108, 33.76204779119662], [-84.41130990624555, 33.762025236867494], [-84.41128290824163, 33.76292265410925], [-84.41125590904238, 33.76382007120124], [-84.4123308736687, 33.76384262705087], [-84.41340583949098, 33.763865173551835], [-84.41448080650873, 33.76388771070408], [-84.41450777216548, 33.762990291332265], [-84.41453473662837, 33.76209287181074], [-84.4134597919719, 33.76207033617772]]]]}, "properties": {"ua_name": "Atlanta, GA", "county": "Fulton County", "place": "Atlanta", "acs_pop": 1674.0, "cbg_pop": 1109, "land_area": 0.3412, "treecanopy": 0.3445, "tc_goal": 0.4, "tc_gap": 0.0555, "temp_diff": 8.19, "temp_norm": 0.66018198933166, "pctpocnorm": 0.920549581839904, "pctpovnorm": 0.91636798088411, "unemplnorm": 0.145557655954631, "depratnorm": 0.335329341317365, "lingnorm": 0.062159456104759, "health_nor": 0.601803383791033, "pctpoc": 0.920549581839904, "pctpov": 0.91636798088411, "unemplrate": 0.145557655954631, "dep_ratio": 0.67065868263473, "tes": 93, "holc_grade": "D", "density": 4906.2133645955455, "pr_temp_diff": 0.8776150627615062, "pr_density": 0.960848774656306, "pr_pctpocnorm": 0.801255230125523, "pr_pctpovnorm": 0.9928272564255828, "pr_unemplnorm": 0.9142259414225942, "pr_depratnorm": 0.6374775851763299, "pr_lingnorm": 0.7148834429169157, "pr_health_nor": 0.9760908547519426, "GEOID": "131210025002", "fg_tiles": 19, "fg_temp_c_mean": 35.5297, "fg_temp_c_min": 35.5082, "fg_temp_c_max": 35.5653, "tile_area_m2": 187625.0, "dissolved_area_m2": 187625.0}}, {"type": "Feature", "geometry": {"type": "MultiPolygon", "coordinates": [[[[-84.41251976470804, 33.757560698940715], [-84.41359465227484, 33.757583240122415], [-84.41362162075308, 33.756685820462216], [-84.41469649833756, 33.756708351537895], [-84.41472345444488, 33.755810930968494], [-84.41475040935875, 33.754913510249416], [-84.41367555412764, 33.75489098069272], [-84.41260070009149, 33.75486844179048], [-84.41257372282479, 33.755765860990266], [-84.41254674436367, 33.75666328004035], [-84.41251976470804, 33.757560698940715]]], [[[-84.41356768260255, 33.75848065963289], [-84.41359465227484, 33.75758324012241], [-84.41251976470804, 33.75756069894071], [-84.41249278385787, 33.75845811769134], [-84.41356768260255, 33.75848065963289]]]]}, "properties": {"ua_name": "Atlanta, GA", "county": "Fulton County", "place": "Atlanta", "acs_pop": 654.0, "cbg_pop": 572, "land_area": 0.1536, "treecanopy": 0.2714, "tc_goal": 0.4, "tc_gap": 0.1286, "temp_diff": 13.03, "temp_norm": 0.812048948854722, "pctpocnorm": 0.983180428134556, "pctpovnorm": 0.613149847094801, "unemplnorm": 0.0, "depratnorm": 0.256944444444444, "lingnorm": 0.062159456104759, "health_nor": 0.601803383791033, "pctpoc": 0.983180428134556, "pctpov": 0.613149847094801, "unemplrate": 0.0, "dep_ratio": 0.513888888888889, "tes": 86, "holc_grade": "D", "density": 4257.8125, "pr_temp_diff": 0.9790794979079498, "pr_density": 0.9473998804542738, "pr_pctpocnorm": 0.9058577405857741, "pr_pctpovnorm": 0.9082486551105798, "pr_unemplnorm": 0.13613269575612671, "pr_depratnorm": 0.3959952181709504, "pr_lingnorm": 0.7148834429169157, "pr_health_nor": 0.9760908547519426, "GEOID": "131210025003", "fg_tiles": 6, "fg_temp_c_mean": 35.5654, "fg_temp_c_min": 35.5376, "fg_temp_c_max": 35.5892, "tile_area_m2": 59246.9, "dissolved_area_m2": 59246.9}}, {"type": "Feature", "geometry": {"type": "Polygon", "coordinates": [[[-84.40813914612869, 33.76016268742454], [-84.40816617408302, 33.759265272016], [-84.40819320084074, 33.75836785645769], [-84.4082202264019, 33.75747044074959], [-84.40714534481809, 33.75744785283591], [-84.40607046443236, 33.75742525557593], [-84.40499558524522, 33.7574026489697], [-84.40392070725714, 33.75738003301724], [-84.40499558524522, 33.75740264896971], [-84.40607046443236, 33.75742525557594], [-84.40714534481809, 33.75744785283592], [-84.4082202264019, 33.7574704407496], [-84.40824725076652, 33.756573024891715], [-84.4082742739347, 33.75567560888403], [-84.40830129590644, 33.754778192726604], [-84.40722644785255, 33.75475560709708], [-84.40615160099657, 33.75473301212222], [-84.40507675533901, 33.754710407802044], [-84.40400191088038, 33.754687794136586], [-84.40292706762116, 33.75466517112588], [-84.40289998976922, 33.75556258347331], [-84.4028729107184, 33.75645999567088], [-84.40284583046864, 33.757357407718594], [-84.40281874901989, 33.75825481961644], [-84.4027916663721, 33.75915223136442], [-84.40276458252522, 33.76004964296255], [-84.40383949284748, 33.76007227054928], [-84.40491440436944, 33.760094888788885], [-84.40598931709063, 33.760117497681314], [-84.40706423101054, 33.76014009722654], [-84.40813914612869, 33.76016268742454]]]}, "properties": {"ua_name": "Atlanta, GA", "county": "Fulton County", "place": "Atlanta", "acs_pop": 1043.0, "cbg_pop": 829, "land_area": 0.2799, "treecanopy": 0.2668, "tc_goal": 0.5, "tc_gap": 0.2332, "temp_diff": 8.77, "temp_norm": 0.678380922497647, "pctpocnorm": 0.952061361457335, "pctpovnorm": 0.549115913555992, "unemplnorm": 0.111607142857143, "depratnorm": 0.139877300613497, "lingnorm": 0.0, "health_nor": 0.55329380970553, "pctpoc": 0.952061361457335, "pctpov": 0.549115913555992, "unemplrate": 0.111607142857143, "dep_ratio": 0.279754601226994, "tes": 77, "holc_grade": "D", "density": 3726.3308324401573, "pr_temp_diff": 0.895397489539749, "pr_density": 0.9315600717274357, "pr_pctpocnorm": 0.8505678421996413, "pr_pctpovnorm": 0.8684997011356844, "pr_unemplnorm": 0.8550508069336521, "pr_depratnorm": 0.11984459055588763, "pr_lingnorm": 0.16527196652719664, "pr_health_nor": 0.956216377764495, "GEOID": "131210026001", "fg_tiles": 30, "fg_temp_c_mean": 35.4284, "fg_temp_c_min": 35.3952, "fg_temp_c_max": 35.4733, "tile_area_m2": 296235.7, "dissolved_area_m2": 296235.7}}, {"type": "Feature", "geometry": {"type": "MultiPolygon", "coordinates": [[[[-84.40061476548186, 33.760004359747825], [-84.39953985876173, 33.759981704119895], [-84.39846495324329, 33.75995903914499], [-84.39739004892704, 33.759936364823105], [-84.39736290798729, 33.76083377245302], [-84.39733576584588, 33.76173117993295], [-84.3984106925199, 33.76175385578344], [-84.39948562039623, 33.76177652228635], [-84.40056054947436, 33.76179917944162], [-84.40163547975378, 33.761821827249236], [-84.40271041123401, 33.76184446570917], [-84.40378534391456, 33.76186709482136], [-84.40486027779491, 33.761889714585806], [-84.4059352128746, 33.76191232500244], [-84.40701014915311, 33.76193492607126], [-84.4059352128746, 33.761912325002434], [-84.40486027779491, 33.761889714585806], [-84.40378534391456, 33.761867094821355], [-84.40271041123401, 33.76184446570916], [-84.40163547975378, 33.76182182724923], [-84.40056054947436, 33.76179917944162], [-84.39948562039623, 33.76177652228634], [-84.3984106925199, 33.76175385578343], [-84.39733576584588, 33.761731179932944], [-84.39730862250275, 33.76262858726296], [-84.39728147795788, 33.763525994442986], [-84.39835642699167, 33.76354867182215], [-84.39943137722786, 33.7635713398531], [-84.40050632866594, 33.76359399853579], [-84.40158128130544, 33.7636166478702], [-84.40265623514584, 33.76363928785629], [-84.40373119018665, 33.763661918494016], [-84.40480614642738, 33.763684539783355], [-84.40588110386754, 33.763707151724276], [-84.40695606250662, 33.76372975431672], [-84.40803102234415, 33.76375234756068], [-84.40805805508546, 33.76285493275135], [-84.40808508662995, 33.761957517792204], [-84.40811211697768, 33.761060102683274], [-84.40813914612869, 33.760162687424526], [-84.40706423101054, 33.76014009722653], [-84.40598931709063, 33.760117497681314], [-84.40491440436944, 33.76009488878888], [-84.40383949284748, 33.76007227054927], [-84.40276458252522, 33.76004964296254], [-84.40168967340318, 33.76002700602871], [-84.40061476548186, 33.760004359747825]]], [[[-84.40061476548186, 33.760004359747825], [-84.40168967340318, 33.760027006028714], [-84.40276458252522, 33.76004964296255], [-84.40279166637211, 33.75915223136442], [-84.40281874901989, 33.75825481961644], [-84.40284583046864, 33.757357407718594], [-84.40177095488018, 33.75733477307379], [-84.40069608049228, 33.75731212908286], [-84.39962120730543, 33.757289475745864], [-84.39854633532012, 33.75726681306281], [-84.39962120730543, 33.75728947574587], [-84.40069608049228, 33.75731212908288], [-84.40177095488018, 33.757334773073794], [-84.40284583046864, 33.757357407718594], [-84.4028729107184, 33.75645999567088], [-84.40289998976922, 33.75556258347331], [-84.40292706762116, 33.75466517112588], [-84.40295414427426, 33.753767758628605], [-84.40187931339035, 33.75374512703562], [-84.40080448370678, 33.75372248609778], [-84.39972965522405, 33.75369983581512], [-84.39865482794266, 33.75367717618767], [-84.39758000186312, 33.75365450721545], [-84.39755286933357, 33.75455191589493], [-84.3975257356027, 33.75544932442447], [-84.39749860067047, 33.756346732804076], [-84.39747146453685, 33.75724414103375], [-84.39744432720178, 33.758141549113475], [-84.39741718866519, 33.75903895704326], [-84.39739004892704, 33.75993636482312], [-84.39846495324329, 33.75995903914499], [-84.39953985876173, 33.7599817041199], [-84.40061476548186, 33.760004359747825]]]]}, "properties": {"ua_name": "Atlanta, GA", "county": "Fulton County", "place": "Atlanta", "acs_pop": 232.0, "cbg_pop": 294, "land_area": 0.6734, "treecanopy": 0.0735, "tc_goal": 0.5, "tc_gap": 0.4265, "temp_diff": 18.27, "temp_norm": 0.97646689676812, "pctpocnorm": 1.0, "pctpovnorm": 0.844827586206897, "unemplnorm": 0.0, "depratnorm": 0.283783783783784, "lingnorm": 0.0, "health_nor": 0.55329380970553, "pctpoc": 1.0, "pctpov": 0.844827586206897, "unemplrate": 0.0, "dep_ratio": 0.567567567567568, "tes": 51, "holc_grade": "D", "density": 344.5203445203445, "pr_temp_diff": 0.9994022713687986, "pr_density": 0.09115361625821877, "pr_pctpocnorm": 0.9707112970711297, "pr_pctpovnorm": 0.9856545128511656, "pr_unemplnorm": 0.13613269575612671, "pr_depratnorm": 0.4847579199043634, "pr_lingnorm": 0.16527196652719664, "pr_health_nor": 0.956216377764495, "GEOID": "131210026002", "fg_tiles": 75, "fg_temp_c_mean": 35.389, "fg_temp_c_min": 35.3707, "fg_temp_c_max": 35.4501, "tile_area_m2": 740603.8, "dissolved_area_m2": 740603.8}}, {"type": "Feature", "geometry": {"type": "MultiPolygon", "coordinates": [[[[-84.3790621968167, 33.76134426032765], [-84.38013710297616, 33.76136709508177], [-84.38121201034632, 33.76138992048891], [-84.38228691892668, 33.761412736549005], [-84.38121201034632, 33.7613899204889], [-84.38013710297616, 33.76136709508177], [-84.38010978076579, 33.76226449013968], [-84.38118469931479, 33.76228731631617], [-84.382259619074, 33.76231013314534], [-84.38228691892668, 33.761412736549005], [-84.38231421757074, 33.76051533980252], [-84.3823415150062, 33.759617942905855], [-84.38126662878211, 33.7595951283838], [-84.38019174376812, 33.75957230451536], [-84.37911685996471, 33.75954947130055], [-84.37804197737239, 33.75952662873941], [-84.37696709599166, 33.759503776831984], [-84.375892215823, 33.75948091557829], [-84.37481733686691, 33.75945804497837], [-84.37478996118732, 33.76035543648529], [-84.3747625842957, 33.761252827841936], [-84.37583748560743, 33.76127569998368], [-84.37691238813186, 33.76129856277856], [-84.37798729186844, 33.761321416226565], [-84.3790621968167, 33.76134426032765]]], [[[-84.37696709599166, 33.759503776831984], [-84.37804197737239, 33.759526628739415], [-84.37911685996471, 33.75954947130056], [-84.38019174376812, 33.759572304515366], [-84.38126662878211, 33.75959512838381], [-84.3823415150062, 33.75961794290586], [-84.38236881123316, 33.758720545859035], [-84.38239610625163, 33.757823148662034], [-84.38242340006168, 33.75692575131488], [-84.38134854736829, 33.7569029390998], [-84.38027369588482, 33.75688011753926], [-84.38024637972201, 33.757777513348145], [-84.3791715182727, 33.757754681672594], [-84.37809665803434, 33.75773184065134], [-84.37806931830859, 33.75862923477048], [-84.37809665803435, 33.75773184065134], [-84.3770217990075, 33.75770899028441], [-84.37594694119261, 33.757686130571855], [-84.37487208459018, 33.75766326151371], [-84.37484471133452, 33.758560653321176], [-84.37481733686691, 33.75945804497838], [-84.375892215823, 33.759480915578294], [-84.37696709599166, 33.759503776831984]], [[-84.37914418972368, 33.75865207656167], [-84.3791715182727, 33.757754681672594], [-84.37914418972366, 33.75865207656167], [-84.37911685996471, 33.75954947130056], [-84.37914418972368, 33.75865207656167]]]]}, "properties": {"ua_name": "Atlanta, GA", "county": "Fulton County", "place": "Atlanta", "acs_pop": 4259.0, "cbg_pop": 4441, "land_area": 0.3297, "treecanopy": 0.1888, "tc_goal": 0.4, "tc_gap": 0.2112, "temp_diff": 9.89, "temp_norm": 0.713523689990587, "pctpocnorm": 0.681380605776004, "pctpovnorm": 0.360809833694866, "unemplnorm": 0.078914919852034, "depratnorm": 0.004860123281176, "lingnorm": 0.0, "health_nor": 0.405816859593166, "pctpoc": 0.681380605776004, "pctpov": 0.360809833694866, "unemplrate": 0.078914919852034, "dep_ratio": 0.009720246562352, "tes": 83, "holc_grade": "D", "density": 12917.804064300879, "pr_temp_diff": 0.9258816497310222, "pr_density": 0.9943215780035863, "pr_pctpocnorm": 0.5576808129109384, "pr_pctpovnorm": 0.6933652121936641, "pr_unemplnorm": 0.7591153616258218, "pr_depratnorm": 0.010161386730424387, "pr_lingnorm": 0.16527196652719664, "pr_health_nor": 0.7839210998206814, "GEOID": "131210028011", "fg_tiles": 32, "fg_temp_c_mean": 35.3641, "fg_temp_c_min": 35.3058, "fg_temp_c_max": 35.403, "tile_area_m2": 315983.2, "dissolved_area_m2": 315983.2}}, {"type": "Feature", "geometry": {"type": "Polygon", "coordinates": [[[-84.37498156549464, 33.754073692781155], [-84.37495419708617, 33.75497108518969], [-84.37492682746596, 33.75586847744797], [-84.374899456634, 33.756765869555984], [-84.37597430206031, 33.75678873784327], [-84.37704914869906, 33.75681159678527], [-84.37812399654972, 33.756834446381966], [-84.37704914869906, 33.75681159678526], [-84.37597430206031, 33.756788737843266], [-84.374899456634, 33.75676586955598], [-84.37487208459018, 33.75766326151371], [-84.37594694119261, 33.757686130571855], [-84.3770217990075, 33.75770899028441], [-84.37809665803435, 33.75773184065134], [-84.37812399654972, 33.756834446381966], [-84.37815133385473, 33.755937051962356], [-84.37817866994945, 33.75503965739254], [-84.37815133385472, 33.755937051962356], [-84.37922617174105, 33.7559598914438], [-84.38030101083828, 33.755982721580175], [-84.38032832458242, 33.7550853254709], [-84.38140315371466, 33.75510814549292], [-84.38247798405675, 33.7551309561701], [-84.38250527424185, 33.75423355837249], [-84.38143045507468, 33.75421074846422], [-84.38035563711732, 33.754187929211454], [-84.37928082037023, 33.754165100614195], [-84.37820600483391, 33.75414226267251], [-84.37713119050889, 33.75411941538642], [-84.37605637739563, 33.75409655875596], [-84.37498156549464, 33.754073692781155]]]}, "properties": {"ua_name": "Atlanta, GA", "county": "Fulton County", "place": "Atlanta", "acs_pop": 615.0, "cbg_pop": 591, "land_area": 0.1814, "treecanopy": 0.2278, "tc_goal": 0.4, "tc_gap": 0.1722, "temp_diff": 10.18, "temp_norm": 0.72262315657358, "pctpocnorm": 0.819512195121951, "pctpovnorm": 0.713821138211382, "unemplnorm": 0.121457489878543, "depratnorm": 0.261138613861386, "lingnorm": 0.023667760386771, "health_nor": 0.405816859593166, "pctpoc": 0.819512195121951, "pctpov": 0.713821138211382, "unemplrate": 0.121457489878543, "dep_ratio": 0.522277227722772, "tes": 82, "holc_grade": "D", "density": 3390.297684674752, "pr_temp_diff": 0.9335026897788404, "pr_density": 0.9222952779438135, "pr_pctpocnorm": 0.6873879258816498, "pr_pctpovnorm": 0.9545726240286909, "pr_unemplnorm": 0.8786610878661087, "pr_depratnorm": 0.41123729826658695, "pr_lingnorm": 0.5273460848774656, "pr_health_nor": 0.7839210998206814, "GEOID": "131210028021", "fg_tiles": 18, "fg_temp_c_mean": 35.3485, "fg_temp_c_min": 35.3088, "fg_temp_c_max": 35.4059, "tile_area_m2": 177732.2, "dissolved_area_m2": 177732.2}}, {"type": "Feature", "geometry": {"type": "MultiPolygon", "coordinates": [[[[-84.38443673971602, 33.761458340627996], [-84.38446401600316, 33.76056094234438], [-84.38449129108271, 33.75966354391062], [-84.38341640243989, 33.759640748081466], [-84.38338911618236, 33.76053814574684], [-84.3834164024399, 33.759640748081466], [-84.3823415150062, 33.759617942905855], [-84.38231421757074, 33.76051533980252], [-84.38228691892668, 33.761412736549005], [-84.382259619074, 33.76231013314534], [-84.38333454004301, 33.762332940627104], [-84.38440946222124, 33.76235573876147], [-84.38443673971602, 33.76145834062799], [-84.38336182871676, 33.76143554326205], [-84.38443673971602, 33.761458340627996]]], [[[-84.38242340006168, 33.75692575131489], [-84.38349825396455, 33.75694855418449], [-84.38457310907637, 33.756971347708564], [-84.38460037932609, 33.75607394867426], [-84.38462764836846, 33.75517654948986], [-84.38465491620357, 33.75427915015534], [-84.38358009461831, 33.7542563589362], [-84.38250527424184, 33.75423355837249], [-84.38247798405673, 33.7551309561701], [-84.38245069266337, 33.75602835381758], [-84.38247798405675, 33.7551309561701], [-84.38140315371466, 33.75510814549292], [-84.38032832458242, 33.7550853254709], [-84.38030101083828, 33.755982721580175], [-84.37922617174105, 33.7559598914438], [-84.37815133385472, 33.755937051962356], [-84.37812399654972, 33.756834446381966], [-84.37809665803434, 33.75773184065134], [-84.3791715182727, 33.757754681672594], [-84.38024637972201, 33.757777513348145], [-84.38027369588482, 33.75688011753926], [-84.3791988456118, 33.756857286633306], [-84.38027369588482, 33.75688011753927], [-84.38134854736829, 33.7569029390998], [-84.38242340006168, 33.75692575131489]]], [[[-84.38242340006168, 33.75692575131488], [-84.38239610625163, 33.757823148662034], [-84.38236881123316, 33.758720545859035], [-84.3823415150062, 33.75961794290586], [-84.3834164024399, 33.75964074808147], [-84.38344368748942, 33.758743350265945], [-84.38341640243989, 33.75964074808147], [-84.38449129108271, 33.75966354391063], [-84.38451856495473, 33.75876614532673], [-84.38454583761927, 33.7578687465927], [-84.38457310907637, 33.75697134770855], [-84.38349825396455, 33.75694855418448], [-84.38242340006168, 33.75692575131488]]]]}, "properties": {"ua_name": "Atlanta, GA", "county": "Fulton County", "place": "Atlanta", "acs_pop": 1012.0, "cbg_pop": 2871, "land_area": 0.237, "treecanopy": 0.1074, "tc_goal": 0.2, "tc_gap": 0.0926, "temp_diff": 12.13, "temp_norm": 0.783809224976467, "pctpocnorm": 0.781620553359684, "pctpovnorm": 0.766609880749574, "unemplnorm": 0.004149377593361, "depratnorm": 0.033192834562697, "lingnorm": 0.023667760386771, "health_nor": 0.405816859593166, "pctpoc": 0.781620553359684, "pctpov": 0.766609880749574, "unemplrate": 0.004149377593361, "dep_ratio": 0.066385669125395, "tes": 91, "holc_grade": "D", "density": 4270.042194092827, "pr_temp_diff": 0.9698147041243276, "pr_density": 0.9476987447698745, "pr_pctpocnorm": 0.6488344291691572, "pr_pctpovnorm": 0.9722056186491332, "pr_unemplnorm": 0.27943813508667065, "pr_depratnorm": 0.02630005977286312, "pr_lingnorm": 0.5273460848774656, "pr_health_nor": 0.7839210998206814, "GEOID": "131210028022", "fg_tiles": 26, "fg_temp_c_mean": 35.4031, "fg_temp_c_min": 35.3662, "fg_temp_c_max": 35.415, "tile_area_m2": 256731.9, "dissolved_area_m2": 256731.9}}, {"type": "Feature", "geometry": {"type": "MultiPolygon", "coordinates": [[[[-84.38911752812125, 33.74898580400687], [-84.3880427687467, 33.74896305476832], [-84.38696801057868, 33.7489402961869], [-84.38589325361765, 33.74891752826272], [-84.38481849786416, 33.74889475099576], [-84.38479123727167, 33.74979215123096], [-84.38586600419728, 33.7498149292658], [-84.38583875357043, 33.75071233011881], [-84.38691353287625, 33.75073509957817], [-84.3879883133892, 33.750757859694104], [-84.38906309510877, 33.75078061046657], [-84.38909031221752, 33.74988320731174], [-84.38911752812125, 33.74898580400687]]], [[[-84.38911752812125, 33.74898580400687], [-84.3890903122175, 33.74988320731174], [-84.38906309510877, 33.75078061046657], [-84.39013787803447, 33.75080335189554], [-84.3912126621658, 33.750826083980975], [-84.39123985692888, 33.74992867929318], [-84.39231463109245, 33.749951401269044], [-84.39234181347908, 33.74905399566523], [-84.39126705048794, 33.749031274455376], [-84.39234181347908, 33.749053995665236], [-84.39341657767478, 33.74907670753211], [-84.39344374768598, 33.748179301012634], [-84.39347091649427, 33.74728189434318], [-84.39239617464202, 33.747259184007625], [-84.39132143399422, 33.74723646432973], [-84.39024669455137, 33.747213735309515], [-84.38917195631393, 33.747190996947026], [-84.38809721928243, 33.7471682492423], [-84.38702248345734, 33.74714549219537], [-84.38594774883919, 33.74712272580627], [-84.38487301542841, 33.74709995007505], [-84.38484575724974, 33.74799735061044], [-84.38487301542843, 33.74709995007505], [-84.38379828322556, 33.74707716500171], [-84.3837710138758, 33.747974564768946], [-84.38379828322557, 33.74707716500171], [-84.38272355223111, 33.74705437058631], [-84.38164882244554, 33.74703156682889], [-84.38057409386934, 33.747008753729475], [-84.37949936650304, 33.746985931288094], [-84.3784246403471, 33.74696309950479], [-84.37734991540202, 33.74694025837959], [-84.37627519166831, 33.74691740791256], [-84.37520046914646, 33.74689454810369], [-84.37517311042994, 33.74779194171424], [-84.37514575050211, 33.748689335174554], [-84.37511838936292, 33.749586728484616], [-84.37619314539825, 33.74960959060558], [-84.3772679026456, 33.74963244338379], [-84.37729524144143, 33.74873504853261], [-84.3762204953658, 33.7487121965248], [-84.37729524144143, 33.748735048532616], [-84.3773225790269, 33.74783765353121], [-84.37729524144143, 33.74873504853261], [-84.37836998872854, 33.74875789119793], [-84.37944473722659, 33.74878072452074], [-84.38051948693513, 33.74880354850099], [-84.38159423785366, 33.74882636313865], [-84.38266898998165, 33.74884916843369], [-84.38374374331866, 33.74887196438607], [-84.38481849786416, 33.74889475099577], [-84.38589325361765, 33.74891752826273], [-84.38696801057868, 33.748940296186916], [-84.3880427687467, 33.748963054768325], [-84.38911752812125, 33.748985804006885], [-84.39019228870183, 33.74900854390258], [-84.39126705048794, 33.749031274455376], [-84.39019228870183, 33.749008543902576], [-84.38911752812125, 33.74898580400687]]], [[[-84.38906309510877, 33.750780610466556], [-84.3879883133892, 33.75075785969409], [-84.38796108390216, 33.75165526193191], [-84.38903587679498, 33.75167801347135], [-84.38900865727608, 33.752575416326074], [-84.39008346254889, 33.752598159288375], [-84.39011067089399, 33.75170075566698], [-84.39118546619866, 33.75172348851876], [-84.3912126621658, 33.75082608398097], [-84.39013787803447, 33.750803351895534], [-84.38906309510877, 33.750780610466556]]]]}, "properties": {"ua_name": "Atlanta, GA", "county": "Fulton County", "place": "Atlanta", "acs_pop": 996.0, "cbg_pop": 987, "land_area": 0.5672, "treecanopy": 0.1231, "tc_goal": 0.3, "tc_gap": 0.1769, "temp_diff": 11.23, "temp_norm": 0.755569501098212, "pctpocnorm": 0.737951807228916, "pctpovnorm": 0.607429718875502, "unemplnorm": 0.067934782608696, "depratnorm": 0.011819116135663, "lingnorm": 0.0, "health_nor": 0.431777416842161, "pctpoc": 0.737951807228916, "pctpov": 0.607429718875502, "unemplrate": 0.067934782608696, "dep_ratio": 0.023638232271326, "tes": 84, "holc_grade": "D", "density": 1755.9943582510577, "pr_temp_diff": 0.9572624028690975, "pr_density": 0.7719665271966527, "pr_pctpocnorm": 0.6072922893006575, "pr_pctpovnorm": 0.9064554692169755, "pr_unemplnorm": 0.7142857142857143, "pr_depratnorm": 0.013448894202032277, "pr_lingnorm": 0.16527196652719664, "pr_health_nor": 0.8265092647937836, "GEOID": "131210035001", "fg_tiles": 52, "fg_temp_c_mean": 35.3657, "fg_temp_c_min": 35.2992, "fg_temp_c_max": 35.3965, "tile_area_m2": 513412.5, "dissolved_area_m2": 513412.5}}, {"type": "Feature", "geometry": {"type": "MultiPolygon", "coordinates": [[[[-84.39551181073762, 33.750916918886716], [-84.3965866008897, 33.750939604253965], [-84.39766139224449, 33.75096228027747], [-84.39873618480144, 33.7509849469572], [-84.39981097856005, 33.75100760429313], [-84.40088577351986, 33.751030252285204], [-84.40091286772491, 33.750132840714585], [-84.4009399607304, 33.74923542899411], [-84.40096705253637, 33.74833801712375], [-84.40099414314287, 33.747440605103534], [-84.39991939287334, 33.747417960165365], [-84.39884464380482, 33.747395305884595], [-84.39776989593777, 33.74737264226128], [-84.3966951492727, 33.747349969295456], [-84.3956204038101, 33.74732728698713], [-84.39454565955046, 33.74730459533637], [-84.39347091649427, 33.74728189434318], [-84.39344374768598, 33.748179301012634], [-84.39341657767478, 33.74907670753211], [-84.39449134307453, 33.74909941005599], [-84.39556610967783, 33.749122103236814], [-84.39449134307453, 33.74909941005598], [-84.39341657767478, 33.74907670753211], [-84.39234181347908, 33.74905399566523], [-84.39231463109245, 33.749951401269044], [-84.39123985692888, 33.74992867929318], [-84.3912126621658, 33.750826083980975], [-84.39228744750228, 33.75084880672285], [-84.39336223404341, 33.750871520121116], [-84.39443702178868, 33.75089422417575], [-84.39551181073762, 33.750916918886716]]], [[[-84.39532172657839, 33.757198768937705], [-84.39424685940419, 33.757176068870805], [-84.39421968853792, 33.758073474655895], [-84.39419251646866, 33.75897088029098], [-84.39526740599737, 33.7589935818883], [-84.39524024390309, 33.75989098813863], [-84.39631514581347, 33.759913681154316], [-84.39739004892704, 33.75993636482312], [-84.39741718866519, 33.75903895704326], [-84.39744432720178, 33.758141549113475], [-84.39747146453685, 33.75724414103375], [-84.39749860067047, 33.756346732804076], [-84.3975257356027, 33.75544932442447], [-84.39755286933357, 33.75455191589493], [-84.39758000186312, 33.75365450721545], [-84.39760713319143, 33.75275709838605], [-84.39763426331852, 33.75185968940672], [-84.39870906704918, 33.75188235685061], [-84.39873618480144, 33.750984946957196], [-84.39766139224449, 33.75096228027746], [-84.3965866008897, 33.750939604253965], [-84.39551181073762, 33.75091691888671], [-84.39443702178868, 33.75089422417574], [-84.39336223404341, 33.75087152012111], [-84.39228744750228, 33.750848806722836], [-84.3912126621658, 33.75082608398097], [-84.39118546619866, 33.75172348851876], [-84.39011067089399, 33.75170075566698], [-84.39008346254889, 33.752598159288375], [-84.39005625299913, 33.753495562759745], [-84.391131070652, 33.753518297144275], [-84.39220588951018, 33.75354102218428], [-84.39217870110542, 33.75443842703809], [-84.39325353234334, 33.75446114349931], [-84.39328070957313, 33.753563737879745], [-84.39325353234332, 33.75446114349931], [-84.39432836478558, 33.75448385061565], [-84.39430119752798, 33.755381256850676], [-84.39322635391024, 33.755358548968886], [-84.39319917427382, 33.756255954288456], [-84.39317199343401, 33.757153359458044], [-84.39424685940419, 33.75717606887081], [-84.39532172657839, 33.75719876893771], [-84.39639659495612, 33.75722145965871], [-84.39747146453685, 33.75724414103375], [-84.39639659495612, 33.7572214596587], [-84.39532172657839, 33.757198768937705]]], [[[-84.40204181517826, 33.748360653482436], [-84.40096705253636, 33.74833801712375], [-84.4009399607304, 33.74923542899411], [-84.39986518811672, 33.749212782529014], [-84.39879041670414, 33.749190126720706], [-84.39771564649314, 33.749167461569215], [-84.39879041670414, 33.74919012672071], [-84.39986518811672, 33.74921278252902], [-84.4009399607304, 33.74923542899411], [-84.40201473454466, 33.74925806611595], [-84.40204181517826, 33.748360653482436]]], [[[-84.39631514581347, 33.759913681154316], [-84.39628799369513, 33.7608110880196], [-84.39626084037462, 33.76170849473492], [-84.39733576584588, 33.76173117993295], [-84.39736290798729, 33.76083377245302], [-84.39739004892704, 33.759936364823105], [-84.39631514581347, 33.759913681154316]]], [[[-84.3966951492727, 33.74734996929546], [-84.39776989593777, 33.74737264226128], [-84.39779701885872, 33.74647523238246], [-84.39672228336485, 33.74645256018101], [-84.3966951492727, 33.74734996929546]]]]}, "properties": {"ua_name": "Atlanta, GA", "county": "Fulton County", "place": "Atlanta", "acs_pop": 1805.0, "cbg_pop": 3271, "land_area": 0.8225, "treecanopy": 0.0979, "tc_goal": 0.3, "tc_gap": 0.2021, "temp_diff": 15.57, "temp_norm": 0.891747725133354, "pctpocnorm": 0.801662049861496, "pctpovnorm": 0.345058626465662, "unemplnorm": 0.075688073394495, "depratnorm": 0.036244800950683, "lingnorm": 0.0, "health_nor": 0.431777416842161, "pctpoc": 0.801662049861496, "pctpov": 0.345058626465662, "unemplrate": 0.075688073394495, "dep_ratio": 0.072489601901367, "tes": 82, "holc_grade": null, "density": 2194.528875379939, "pr_temp_diff": 0.9961147638971907, "pr_density": 0.8416019127316199, "pr_pctpocnorm": 0.6679617453676031, "pr_pctpovnorm": 0.6724447101016139, "pr_unemplnorm": 0.7483562462641961, "pr_depratnorm": 0.02749551703526599, "pr_lingnorm": 0.16527196652719664, "pr_health_nor": 0.8265092647937836, "GEOID": "131210035002", "fg_tiles": 80, "fg_temp_c_mean": 35.3761, "fg_temp_c_min": 35.3675, "fg_temp_c_max": 35.3952, "tile_area_m2": 789908.1, "dissolved_area_m2": 789908.1}}, {"type": "Feature", "geometry": {"type": "Polygon", "coordinates": [[[-84.40515791465218, 33.75201816528599], [-84.40513086274555, 33.75291557960782], [-84.4051579146522, 33.75201816528599], [-84.40518496536112, 33.75112075081434], [-84.40625976631945, 33.75114335208666], [-84.40628680465717, 33.75024593670327], [-84.40631384179778, 33.74934852117009], [-84.40523906318609, 33.7493259214216], [-84.404164285773, 33.74930331232972], [-84.4041372262863, 33.750200726338775], [-84.40306243889934, 33.75017810714101], [-84.40303536704108, 33.75107552023768], [-84.40300829398417, 33.7519729331845], [-84.40298121972859, 33.75287034598148], [-84.40295414427426, 33.753767758628605], [-84.40292706762116, 33.75466517112588], [-84.40400191088038, 33.754687794136586], [-84.40507675533901, 33.754710407802044], [-84.40615160099657, 33.75473301212222], [-84.40617864412319, 33.75383559733803], [-84.40620568605252, 33.75293818240404], [-84.40623272678458, 33.75204076732025], [-84.40625976631945, 33.75114335208665], [-84.40518496536112, 33.75112075081434], [-84.40515791465218, 33.75201816528599]]]}, "properties": {"ua_name": "Atlanta, GA", "county": "Fulton County", "place": "Atlanta", "acs_pop": 132.0, "cbg_pop": 133, "land_area": 0.1948, "treecanopy": 0.1985, "tc_goal": 0.5, "tc_gap": 0.3015, "temp_diff": 11.01, "temp_norm": 0.748666457483527, "pctpocnorm": 0.916666666666667, "pctpovnorm": 1.0, "unemplnorm": 0.0, "depratnorm": 0.794117647058823, "lingnorm": 0.0, "health_nor": 0.389680246116736, "pctpoc": 0.916666666666667, "pctpov": 1.0, "unemplrate": 0.0, "dep_ratio": 1.588235294117647, "tes": 64, "holc_grade": "D", "density": 677.6180698151951, "pr_temp_diff": 0.9536760310818888, "pr_density": 0.2973699940227137, "pr_pctpocnorm": 0.7949790794979079, "pr_pctpovnorm": 0.9989539748953975, "pr_unemplnorm": 0.13613269575612671, "pr_depratnorm": 0.9877465630603706, "pr_lingnorm": 0.16527196652719664, "pr_health_nor": 0.7398386132695756, "GEOID": "131210036001", "fg_tiles": 17, "fg_temp_c_mean": 35.4015, "fg_temp_c_min": 35.3668, "fg_temp_c_max": 35.4352, "tile_area_m2": 167856.6, "dissolved_area_m2": 167856.6}}, {"type": "Feature", "geometry": {"type": "MultiPolygon", "coordinates": [[[[-84.40088577351986, 33.751030252285204], [-84.40196056968037, 33.751052890933394], [-84.40303536704108, 33.75107552023768], [-84.40196056968037, 33.75105289093339], [-84.40088577351986, 33.7510302522852], [-84.39981097856005, 33.75100760429312], [-84.39873618480144, 33.750984946957196], [-84.39870906704918, 33.75188235685061], [-84.39763426331852, 33.75185968940672], [-84.39760713319143, 33.75275709838605], [-84.39758000186312, 33.75365450721545], [-84.39865482794266, 33.75367717618767], [-84.39972965522405, 33.75369983581512], [-84.40080448370678, 33.75372248609778], [-84.40187931339035, 33.75374512703562], [-84.40295414427426, 33.753767758628605], [-84.40298121972859, 33.75287034598148], [-84.40300829398419, 33.7519729331845], [-84.40303536704108, 33.75107552023768], [-84.40306243889934, 33.75017810714101], [-84.4041372262863, 33.750200726338775], [-84.404164285773, 33.74930331232972], [-84.40308950955904, 33.7492806938945], [-84.40201473454466, 33.74925806611594], [-84.4009399607304, 33.74923542899411], [-84.40091286772491, 33.750132840714585], [-84.40088577351986, 33.751030252285204]]], [[[-84.40419134406167, 33.74840589817085], [-84.40311657902019, 33.748383280498146], [-84.40204181517826, 33.748360653482436], [-84.40201473454466, 33.74925806611595], [-84.40308950955904, 33.749280693894505], [-84.404164285773, 33.74930331232972], [-84.40419134406167, 33.74840589817085]]]]}, "properties": {"ua_name": "Atlanta, GA", "county": "Fulton County", "place": "Atlanta", "acs_pop": 1111.0, "cbg_pop": 769, "land_area": 0.1991, "treecanopy": 0.1875, "tc_goal": 0.5, "tc_gap": 0.3125, "temp_diff": 11.24, "temp_norm": 0.75588327580797, "pctpocnorm": 0.716471647164716, "pctpovnorm": 0.179117911791179, "unemplnorm": 0.001007049345418, "depratnorm": 0.046214355948869, "lingnorm": 0.0, "health_nor": 0.389680246116736, "pctpoc": 0.716471647164716, "pctpov": 0.179117911791179, "unemplrate": 0.001007049345418, "dep_ratio": 0.092428711897738, "tes": 76, "holc_grade": "D", "density": 5580.110497237569, "pr_temp_diff": 0.9575612671846981, "pr_density": 0.972504482964734, "pr_pctpocnorm": 0.586670651524208, "pr_pctpovnorm": 0.4202032277346085, "pr_unemplnorm": 0.2728631201434549, "pr_depratnorm": 0.03317393903167962, "pr_lingnorm": 0.16527196652719664, "pr_health_nor": 0.7398386132695756, "GEOID": "131210036002", "fg_tiles": 21, "fg_temp_c_mean": 35.377, "fg_temp_c_min": 35.3618, "fg_temp_c_max": 35.3911, "tile_area_m2": 207349.9, "dissolved_area_m2": 207349.9}}, {"type": "Feature", "geometry": {"type": "MultiPolygon", "coordinates": [[[[-84.41383732559937, 33.74950645779158], [-84.4127625386112, 33.74948392344781], [-84.4127355685101, 33.750381343545854], [-84.41270859721484, 33.75127876349419], [-84.41378340655037, 33.751301299357394], [-84.41485821708066, 33.751323825876284], [-84.414885166028, 33.75042640440882], [-84.41491211378221, 33.74952898279169], [-84.4149390603433, 33.74863156102487], [-84.41496600571135, 33.74773413910841], [-84.41389123987399, 33.74771161562705], [-84.41281647523121, 33.747689082802644], [-84.41278950751823, 33.74858650320007], [-84.4127625386112, 33.74948392344782], [-84.41383732559937, 33.74950645779158]], [[-84.41383732559937, 33.74950645779158], [-84.41381036667168, 33.75040387864933], [-84.41378340655037, 33.751301299357394], [-84.4138103666717, 33.75040387864933], [-84.41383732559937, 33.74950645779158]]], [[[-84.41389123987399, 33.747711615627054], [-84.41496600571135, 33.74773413910842], [-84.4149929498864, 33.746836717042285], [-84.41391819522103, 33.74681419432027], [-84.41389123987399, 33.747711615627054]]], [[[-84.41389123987399, 33.747711615627054], [-84.41391819522104, 33.74681419432027], [-84.41284344175018, 33.74679166225553], [-84.4128164752312, 33.747689082802644], [-84.41389123987399, 33.747711615627054]]], [[[-84.41270859721484, 33.751278763494184], [-84.41268162472542, 33.75217618329282], [-84.41265465104175, 33.753073602941754], [-84.41262767616378, 33.753971022440965], [-84.41260070009149, 33.75486844179048], [-84.41367555412764, 33.75489098069272], [-84.41475040935875, 33.754913510249416], [-84.4147773630792, 33.75401608938065], [-84.4148043156063, 33.753118668362205], [-84.4148312669401, 33.75222124719408], [-84.41485821708066, 33.75132382587628], [-84.41378340655037, 33.75130129935738], [-84.41375644523535, 33.752198719915754], [-84.4137294827266, 33.75309614032444], [-84.41375644523536, 33.752198719915754], [-84.41378340655037, 33.75130129935738], [-84.41270859721484, 33.751278763494184]]]]}, "properties": {"ua_name": "Atlanta, GA", "county": "Fulton County", "place": "Atlanta", "acs_pop": 2667.0, "cbg_pop": 2169, "land_area": 0.3901, "treecanopy": 0.3019, "tc_goal": 0.4, "tc_gap": 0.0981, "temp_diff": 10.96, "temp_norm": 0.747097583934735, "pctpocnorm": 0.790776152980877, "pctpovnorm": 0.431034482758621, "unemplnorm": 0.100536193029491, "depratnorm": 0.016060371517028, "lingnorm": 0.037874787483003, "health_nor": 0.396184264044688, "pctpoc": 0.790776152980877, "pctpov": 0.431034482758621, "unemplrate": 0.100536193029491, "dep_ratio": 0.032120743034056, "tes": 91, "holc_grade": "D", "density": 6836.70853627275, "pr_temp_diff": 0.9506873879258817, "pr_density": 0.9802749551703527, "pr_pctpocnorm": 0.6566049013747759, "pr_pctpovnorm": 0.7635983263598326, "pr_unemplnorm": 0.8272564255827854, "pr_depratnorm": 0.01643753735803945, "pr_lingnorm": 0.60415421398685, "pr_health_nor": 0.7586670651524208, "GEOID": "131210038001", "fg_tiles": 18, "fg_temp_c_mean": 35.3905, "fg_temp_c_min": 35.1009, "fg_temp_c_max": 35.59, "tile_area_m2": 177729.6, "dissolved_area_m2": 177729.6}}, {"type": "Feature", "geometry": {"type": "MultiPolygon", "coordinates": [[[[-84.40951118119854, 33.75031368217186], [-84.40953818481962, 33.74941626435484], [-84.40956518724514, 33.74851884638806], [-84.40959218847513, 33.74762142827156], [-84.40851742861554, 33.74759885807535], [-84.40854443982181, 33.746701440570014], [-84.40746969233092, 33.746678861792184], [-84.40639494603752, 33.74665627367182], [-84.4053202009421, 33.74663367620897], [-84.40529315622089, 33.74753109142965], [-84.40636791248791, 33.74755368965437], [-84.40744266995296, 33.74757627853627], [-84.40636791248791, 33.74755368965436], [-84.40529315622089, 33.74753109142964], [-84.40526611030224, 33.748428506500524], [-84.40419134406167, 33.74840589817085], [-84.404164285773, 33.74930331232972], [-84.40523906318609, 33.7493259214216], [-84.40631384179778, 33.7493485211701], [-84.4073886216076, 33.74937111157516], [-84.40846340261504, 33.74939369263674], [-84.4073886216076, 33.749371111575144], [-84.40631384179778, 33.74934852117009], [-84.40628680465717, 33.75024593670327], [-84.40625976631945, 33.75114335208666], [-84.40733456847602, 33.751165944014915], [-84.4084093718303, 33.751188526599094], [-84.40948417638182, 33.75121109983914], [-84.40951118119854, 33.75031368217186]]], [[[-84.4116877528182, 33.74946137976041], [-84.41166077154372, 33.750358799098414], [-84.4116337890746, 33.75125621828672], [-84.41270859721484, 33.75127876349419], [-84.4127355685101, 33.750381343545854], [-84.4127625386112, 33.74948392344781], [-84.4116877528182, 33.74946137976041]]], [[[-84.4116877528182, 33.74946137976041], [-84.4127625386112, 33.74948392344782], [-84.41278950751823, 33.74858650320007], [-84.41281647523121, 33.747689082802644], [-84.41174171178346, 33.747666540635244], [-84.41066694953129, 33.74764398912487], [-84.41063995947357, 33.748541408002], [-84.41061296822083, 33.74943882672941], [-84.4116877528182, 33.74946137976041]]], [[[-84.40617864412319, 33.75383559733803], [-84.40615160099657, 33.75473301212222], [-84.40722644785255, 33.75475560709708], [-84.40830129590644, 33.754778192726604], [-84.40937614515778, 33.75480076901072], [-84.41045099560607, 33.754823335949446], [-84.41047799403002, 33.753925918120444], [-84.41045099560607, 33.75482333594944], [-84.4115258472508, 33.7548458935427], [-84.41260070009149, 33.75486844179048], [-84.41262767616378, 33.753971022440965], [-84.41265465104175, 33.753073602941754], [-84.41268162472542, 33.75217618329282], [-84.41270859721486, 33.751278763494184], [-84.4116337890746, 33.75125621828671], [-84.4105589821301, 33.75123366373502], [-84.40948417638182, 33.75121109983913], [-84.4084093718303, 33.75118852659909], [-84.40733456847602, 33.75116594401491], [-84.40625976631945, 33.75114335208665], [-84.40623272678458, 33.75204076732025], [-84.40620568605252, 33.75293818240404], [-84.40617864412319, 33.75383559733803]]], [[[-84.41069393839402, 33.746746570098026], [-84.41066694953129, 33.74764398912488], [-84.41174171178346, 33.74766654063525], [-84.41281647523121, 33.747689082802644], [-84.41284344175018, 33.74679166225553], [-84.41176868947436, 33.74676912084811], [-84.41069393839402, 33.746746570098026]]]]}, "properties": {"ua_name": "Atlanta, GA", "county": "Fulton County", "place": "Atlanta", "acs_pop": 1884.0, "cbg_pop": 1287, "land_area": 0.4446, "treecanopy": 0.3011, "tc_goal": 0.5, "tc_gap": 0.1989, "temp_diff": 7.65, "temp_norm": 0.643238155004707, "pctpocnorm": 0.811571125265393, "pctpovnorm": 0.442666666666667, "unemplnorm": 0.255605381165919, "depratnorm": 0.049271137026239, "lingnorm": 0.037874787483003, "health_nor": 0.396184264044688, "pctpoc": 0.811571125265393, "pctpov": 0.442666666666667, "unemplrate": 0.255605381165919, "dep_ratio": 0.098542274052478, "tes": 82, "holc_grade": "D", "density": 4237.516869095816, "pr_temp_diff": 0.860430364614465, "pr_density": 0.9468021518230724, "pr_pctpocnorm": 0.6772265391512253, "pr_pctpovnorm": 0.7740585774058577, "pr_unemplnorm": 0.9793783622235505, "pr_depratnorm": 0.03616258218768679, "pr_lingnorm": 0.60415421398685, "pr_health_nor": 0.7586670651524208, "GEOID": "131210038002", "fg_tiles": 50, "fg_temp_c_mean": 35.3907, "fg_temp_c_min": 35.1444, "fg_temp_c_max": 35.5543, "tile_area_m2": 493690.7, "dissolved_area_m2": 493690.7}}, {"type": "Feature", "geometry": {"type": "MultiPolygon", "coordinates": [[[[-84.40209597284856, 33.746565827765885], [-84.40102123254994, 33.74654319293346], [-84.39994649345176, 33.74652054875872], [-84.39991939287334, 33.74741796016537], [-84.40099414314287, 33.74744060510354], [-84.40206889461287, 33.74746324069909], [-84.40314364728286, 33.74748586695198], [-84.40421840115238, 33.74750848386218], [-84.40529315622089, 33.74753109142965], [-84.4053202009421, 33.74663367620897], [-84.40424545704514, 33.74661106940368], [-84.40317071434711, 33.74658845325597], [-84.40209597284856, 33.746565827765885]]], [[[-84.40204181517826, 33.748360653482436], [-84.40311657902019, 33.748383280498146], [-84.40419134406167, 33.74840589817085], [-84.40526611030224, 33.748428506500524], [-84.40529315622089, 33.74753109142964], [-84.40421840115238, 33.74750848386217], [-84.40314364728286, 33.747485866951976], [-84.40206889461287, 33.747463240699076], [-84.40099414314287, 33.747440605103534], [-84.40096705253636, 33.74833801712375], [-84.40204181517826, 33.748360653482436]]]]}, "properties": {"ua_name": "Atlanta, GA", "county": "Fulton County", "place": "Atlanta", "acs_pop": 750.0, "cbg_pop": 778, "land_area": 0.2287, "treecanopy": 0.1724, "tc_goal": 0.4, "tc_gap": 0.2276, "temp_diff": 11.57, "temp_norm": 0.766237841229997, "pctpocnorm": 0.721333333333333, "pctpovnorm": 0.376, "unemplnorm": 0.116, "depratnorm": 0.111745513866232, "lingnorm": 0.0, "health_nor": 0.54631491540915, "pctpoc": 0.721333333333333, "pctpov": 0.376, "unemplrate": 0.116, "dep_ratio": 0.223491027732463, "tes": 80, "holc_grade": "D", "density": 3279.4053344993445, "pr_temp_diff": 0.9630902570233114, "pr_density": 0.9169157202630006, "pr_pctpocnorm": 0.5914524805738195, "pr_pctpovnorm": 0.710400478182905, "pr_unemplnorm": 0.8676031081888822, "pr_depratnorm": 0.08696951583980873, "pr_lingnorm": 0.16527196652719664, "pr_health_nor": 0.9500896592946803, "GEOID": "131210043003", "fg_tiles": 9, "fg_temp_c_mean": 35.3538, "fg_temp_c_min": 35.3219, "fg_temp_c_max": 35.375, "tile_area_m2": 88860.3, "dissolved_area_m2": 88860.3}}, {"type": "Feature", "geometry": {"type": "Polygon", "coordinates": [[[-84.39884464380482, 33.7473953058846], [-84.39991939287334, 33.74741796016537], [-84.39994649345176, 33.74652054875872], [-84.39887175555454, 33.74649789524172], [-84.39779701885872, 33.74647523238246], [-84.39776989593777, 33.74737264226128], [-84.39884464380482, 33.7473953058846]]]}, "properties": {"ua_name": "Atlanta, GA", "county": "Fulton County", "place": "Atlanta", "acs_pop": 1007.0, "cbg_pop": 1159, "land_area": 0.5948, "treecanopy": 0.2684, "tc_goal": 0.5, "tc_gap": 0.2316, "temp_diff": 7.51, "temp_norm": 0.638845309068089, "pctpocnorm": 0.909632571996028, "pctpovnorm": 0.409136047666336, "unemplnorm": 0.126530612244898, "depratnorm": 0.252615844544096, "lingnorm": 0.0, "health_nor": 0.674079260833172, "pctpoc": 0.909632571996028, "pctpov": 0.409136047666336, "unemplrate": 0.126530612244898, "dep_ratio": 0.505231689088191, "tes": 77, "holc_grade": "D", "density": 1693.0060524546066, "pr_temp_diff": 0.8554991034070532, "pr_density": 0.7591153616258218, "pr_pctpocnorm": 0.7866108786610879, "pr_pctpovnorm": 0.7417812313209803, "pr_unemplnorm": 0.8894202032277346, "pr_depratnorm": 0.38374178123132097, "pr_lingnorm": 0.16527196652719664, "pr_health_nor": 0.9887925881649731, "GEOID": "131210044002", "fg_tiles": 2, "fg_temp_c_mean": 35.3789, "fg_temp_c_min": 35.3786, "fg_temp_c_max": 35.3792, "tile_area_m2": 19746.5, "dissolved_area_m2": 19746.5}}, {"type": "Feature", "geometry": {"type": "MultiPolygon", "coordinates": [[[[-84.3827235522311, 33.74705437058632], [-84.38379828322557, 33.74707716500172], [-84.383825551368, 33.74617976508437], [-84.38379828322556, 33.74707716500172], [-84.38487301542843, 33.747099950075054], [-84.38490027240029, 33.746202549389544], [-84.383825551368, 33.74617976508437], [-84.38275083154407, 33.746156971437436], [-84.3827235522311, 33.74705437058632]]], [[[-84.38275083154407, 33.746156971437436], [-84.38167611292899, 33.74613416844879], [-84.38164882244554, 33.747031566828895], [-84.38272355223111, 33.74705437058632], [-84.38275083154407, 33.746156971437436]]], [[[-84.38490027240029, 33.746202549389544], [-84.38487301542841, 33.747099950075054], [-84.38594774883919, 33.74712272580628], [-84.38597499464042, 33.746225324352935], [-84.38490027240029, 33.746202549389544]]]]}, "properties": {"ua_name": "Atlanta, GA", "county": "Fulton County", "place": "Atlanta", "acs_pop": 419.0, "cbg_pop": 486, "land_area": 0.0917, "treecanopy": 0.1746, "tc_goal": 0.5, "tc_gap": 0.3254, "temp_diff": 10.83, "temp_norm": 0.743018512707876, "pctpocnorm": 0.873508353221957, "pctpovnorm": 0.625298329355609, "unemplnorm": 0.036036036036036, "depratnorm": 0.224913494809689, "lingnorm": 0.010762050009511, "health_nor": 0.658882369014921, "pctpoc": 0.873508353221957, "pctpov": 0.625298329355609, "unemplrate": 0.036036036036036, "dep_ratio": 0.449826989619377, "tes": 66, "holc_grade": "D", "density": 4569.247546346783, "pr_temp_diff": 0.9481470412432755, "pr_density": 0.9533771667662881, "pr_pctpocnorm": 0.7441721458457861, "pr_pctpovnorm": 0.913329348475792, "pr_unemplnorm": 0.5197250448296473, "pr_depratnorm": 0.29916317991631797, "pr_lingnorm": 0.42065152420800955, "pr_health_nor": 0.9869994022713688, "GEOID": "131210048001", "fg_tiles": 4, "fg_temp_c_mean": 35.3664, "fg_temp_c_min": 35.3649, "fg_temp_c_max": 35.3673, "tile_area_m2": 39492.2, "dissolved_area_m2": 39492.2}}, {"type": "Feature", "geometry": {"type": "MultiPolygon", "coordinates": [[[[-84.38594774883919, 33.74712272580628], [-84.38702248345734, 33.74714549219538], [-84.38809721928243, 33.74716824924231], [-84.38812444274225, 33.74627084625423], [-84.38704971808791, 33.746248089974515], [-84.38597499464042, 33.746225324352935], [-84.38594774883919, 33.74712272580628]]], [[[-84.38167611292899, 33.74613416844879], [-84.38060139552323, 33.746111356118476], [-84.38057409386934, 33.747008753729475], [-84.38164882244554, 33.747031566828895], [-84.38167611292899, 33.74613416844879]]]]}, "properties": {"ua_name": "Atlanta, GA", "county": "Fulton County", "place": "Atlanta", "acs_pop": 672.0, "cbg_pop": 689, "land_area": 0.2835, "treecanopy": 0.1991, "tc_goal": 0.5, "tc_gap": 0.3009, "temp_diff": 10.29, "temp_norm": 0.726074678380923, "pctpocnorm": 0.949404761904762, "pctpovnorm": 0.69047619047619, "unemplnorm": 0.310104529616725, "depratnorm": 0.363753213367609, "lingnorm": 0.010762050009511, "health_nor": 0.658882369014921, "pctpoc": 0.949404761904762, "pctpov": 0.69047619047619, "unemplrate": 0.310104529616725, "dep_ratio": 0.727506426735218, "tes": 65, "holc_grade": "D", "density": 2370.3703703703704, "pr_temp_diff": 0.9355947399880454, "pr_density": 0.8616258218768679, "pr_pctpocnorm": 0.8436939629408249, "pr_pctpovnorm": 0.9441123729826658, "pr_unemplnorm": 0.9901374775851763, "pr_depratnorm": 0.7175732217573222, "pr_lingnorm": 0.42065152420800955, "pr_health_nor": 0.9869994022713688, "GEOID": "131210048002", "fg_tiles": 3, "fg_temp_c_mean": 35.3619, "fg_temp_c_min": 35.3602, "fg_temp_c_max": 35.364, "tile_area_m2": 29619.2, "dissolved_area_m2": 29619.2}}, {"type": "Feature", "geometry": {"type": "MultiPolygon", "coordinates": [[[[-84.37949936650304, 33.74698593128811], [-84.38057409386934, 33.747008753729475], [-84.38060139552323, 33.746111356118476], [-84.37952667932728, 33.746088534446514], [-84.37949936650304, 33.74698593128811]]], [[[-84.37949936650304, 33.74698593128811], [-84.3795266793273, 33.746088534446514], [-84.37845196434168, 33.74606570343294], [-84.3784246403471, 33.746963099504796], [-84.37949936650304, 33.74698593128811]]], [[[-84.37737725056688, 33.7460428630778], [-84.3763025380034, 33.746020013381106], [-84.37522782665171, 33.745997154342916], [-84.37520046914646, 33.7468945481037], [-84.37627519166831, 33.74691740791256], [-84.37734991540202, 33.7469402583796], [-84.3784246403471, 33.746963099504796], [-84.37845196434169, 33.74606570343294], [-84.37737725056688, 33.7460428630778]]]]}, "properties": {"ua_name": "Atlanta, GA", "county": "Fulton County", "place": "Atlanta", "acs_pop": 1741.0, "cbg_pop": 1685, "land_area": 0.7517, "treecanopy": 0.4698, "tc_goal": 0.4, "tc_gap": 0.0, "temp_diff": 3.89, "temp_norm": 0.525258864135551, "pctpocnorm": 0.354394026421597, "pctpovnorm": 0.125215393452039, "unemplnorm": 0.013745704467354, "depratnorm": 0.182210031347962, "lingnorm": 0.012628459851787, "health_nor": 0.268425042126604, "pctpoc": 0.354394026421597, "pctpov": 0.125215393452039, "unemplrate": 0.013745704467354, "dep_ratio": 0.364420062695925, "tes": 100, "holc_grade": "D", "density": 2316.083543967008, "pr_temp_diff": 0.6782725642558278, "pr_density": 0.8556485355648535, "pr_pctpocnorm": 0.27615062761506276, "pr_pctpovnorm": 0.3063359234907352, "pr_unemplnorm": 0.33607292289300655, "pr_depratnorm": 0.1936640765092648, "pr_lingnorm": 0.4433652121936641, "pr_health_nor": 0.39584578601315, "GEOID": "131210049002", "fg_tiles": 5, "fg_temp_c_mean": 35.3269, "fg_temp_c_min": 35.2974, "fg_temp_c_max": 35.3526, "tile_area_m2": 49364.9, "dissolved_area_m2": 49364.9}}, {"type": "Feature", "geometry": {"type": "MultiPolygon", "coordinates": [[[[-84.41093182539659, 33.774589064623456], [-84.4120069242309, 33.77461162959736], [-84.41203392659142, 33.77371421354216], [-84.41200692423088, 33.77461162959736], [-84.41308202426175, 33.774634185218815], [-84.41310901543552, 33.773736768403495], [-84.41313600541432, 33.772839351438435], [-84.4120609277565, 33.772816797337214], [-84.41098585129514, 33.77279423388416], [-84.40991077603074, 33.77277166107935], [-84.40988375249326, 33.77366907576315], [-84.40985672775935, 33.774566490297126], [-84.40988375249327, 33.77366907576315], [-84.40880866724021, 33.773646492845515], [-84.40878163131968, 33.77454390661843], [-84.40985672775935, 33.774566490297126], [-84.41093182539659, 33.774589064623456]]], [[[-84.41313600541432, 33.772839351438435], [-84.41310901543551, 33.773736768403495], [-84.41308202426175, 33.774634185218815], [-84.4141571254887, 33.774656731487795], [-84.41418410547564, 33.77375931391267], [-84.41421108426812, 33.7728618961878], [-84.41313600541432, 33.772839351438435]]]]}, "properties": {"ua_name": "Atlanta, GA", "county": "Fulton County", "place": "Atlanta", "acs_pop": 421.0, "cbg_pop": 1322, "land_area": 0.5731, "treecanopy": 0.1742, "tc_goal": 0.4, "tc_gap": 0.2258, "temp_diff": 8.77, "temp_norm": 0.678380922497647, "pctpocnorm": 0.624703087885986, "pctpovnorm": 0.30166270783848, "unemplnorm": 0.0, "depratnorm": 0.0997150997151, "lingnorm": 0.0, "health_nor": 0.390518757920822, "pctpoc": 0.624703087885986, "pctpov": 0.30166270783848, "unemplrate": 0.0, "dep_ratio": 0.199430199430199, "tes": 83, "holc_grade": "D", "density": 734.6012912231721, "pr_temp_diff": 0.895397489539749, "pr_density": 0.3380155409444112, "pr_pctpocnorm": 0.5113568439928272, "pr_pctpovnorm": 0.6099820681410639, "pr_unemplnorm": 0.13613269575612671, "pr_depratnorm": 0.07531380753138076, "pr_lingnorm": 0.16527196652719664, "pr_health_nor": 0.7432755528989838, "GEOID": "131210118011", "fg_tiles": 9, "fg_temp_c_mean": 35.4993, "fg_temp_c_min": 35.4642, "fg_temp_c_max": 35.5333, "tile_area_m2": 88888.0, "dissolved_area_m2": 88888.0}}, {"type": "Feature", "geometry": {"type": "MultiPolygon", "coordinates": [[[[-84.41429201347931, 33.7701696421148], [-84.41321696818152, 33.770147099644724], [-84.41214192407953, 33.77012454782375], [-84.41106688117388, 33.77010198665189], [-84.40999183946504, 33.7700794161292], [-84.4089167989535, 33.770056836255705], [-84.40784175963975, 33.77003424703145], [-84.4067667215243, 33.77001164845645], [-84.40569168460766, 33.76998904053076], [-84.40461664889028, 33.769966423254395], [-84.40354161437268, 33.769943796627416], [-84.40246658105536, 33.769921160649844], [-84.4013915489388, 33.7698985153217], [-84.40136443951465, 33.77079592435799], [-84.4024394828155, 33.77081857044935], [-84.40351452731714, 33.77084120718982], [-84.40458957301912, 33.77086383457939], [-84.40566461992093, 33.770886452618015], [-84.40673966802207, 33.77090906130565], [-84.40671261332207, 33.771806474005025], [-84.40668555742427, 33.772703886554545], [-84.40671261332209, 33.771806474005025], [-84.40673966802207, 33.77090906130565], [-84.40566461992093, 33.77088645261801], [-84.40458957301912, 33.77086383457938], [-84.40456249594921, 33.7717612457545], [-84.40563755403596, 33.7717838645554], [-84.40561048695267, 33.77268127634295], [-84.40668555742427, 33.772703886554545], [-84.40776062909481, 33.77272648741451], [-84.4088357019638, 33.77274907892279], [-84.40991077603074, 33.772771661079354], [-84.41098585129514, 33.77279423388417], [-84.4120609277565, 33.77281679733722], [-84.41313600541432, 33.77283935143844], [-84.41421108426812, 33.772861896187806], [-84.4142380618662, 33.7719644783132], [-84.4142650382699, 33.77106706028886], [-84.41318998178727, 33.77104451705904], [-84.41211492650051, 33.771021964477995], [-84.41318998178727, 33.771044517059046], [-84.4142650382699, 33.771067060288864], [-84.41429201347931, 33.7701696421148]]], [[[-84.41429201347931, 33.7701696421148], [-84.41431898749445, 33.769272223791], [-84.41434596031539, 33.768374805317485], [-84.41327093738579, 33.76835226436686], [-84.41219591565192, 33.76832971406597], [-84.41112089511427, 33.76830715441483], [-84.4100458757733, 33.76828458541348], [-84.40897085762957, 33.76826200706196], [-84.40894382888986, 33.76915942173373], [-84.4089167989535, 33.77005683625571], [-84.40999183946504, 33.77007941612921], [-84.41106688117388, 33.770101986651895], [-84.41214192407953, 33.770124547823755], [-84.41321696818152, 33.77014709964473], [-84.41429201347931, 33.7701696421148]]], [[[-84.40136443951465, 33.770795924357984], [-84.40133732889025, 33.77169333324436], [-84.40241238337588, 33.77171598009894], [-84.40348743906236, 33.77173861760234], [-84.40456249594922, 33.7717612457545], [-84.40458957301912, 33.77086383457938], [-84.40351452731714, 33.77084120718981], [-84.4024394828155, 33.770818570449336], [-84.40136443951465, 33.770795924357984]]], [[[-84.40770653607805, 33.7745213135874], [-84.40878163131968, 33.77454390661843], [-84.40880866724021, 33.773646492845515], [-84.40988375249327, 33.77366907576315], [-84.40991077603074, 33.77277166107935], [-84.4088357019638, 33.772749078922786], [-84.40776062909481, 33.772726487414495], [-84.40668555742427, 33.77270388655454], [-84.40665850032859, 33.77360129895422], [-84.40773358318515, 33.77362390057586], [-84.40770653607805, 33.7745213135874]]], [[[-84.40673966802207, 33.77090906130565], [-84.40781471732205, 33.77093166064229], [-84.40888976782038, 33.77095425062788], [-84.40996481951657, 33.77097683126238], [-84.41103987241011, 33.77099940254576], [-84.40996481951657, 33.77097683126237], [-84.40888976782038, 33.770954250627874], [-84.40781471732205, 33.77093166064228], [-84.40673966802207, 33.77090906130565]]], [[[-84.41434596031539, 33.76837480531749], [-84.41437293194218, 33.76747738669423], [-84.41329792019593, 33.76745484650332], [-84.41222290964537, 33.767432296962454], [-84.41114790029096, 33.76740973807165], [-84.41007289213321, 33.76738716983094], [-84.40899788517262, 33.767364592240384], [-84.40897085762957, 33.76826200706196], [-84.4100458757733, 33.76828458541349], [-84.41112089511427, 33.768307154414835], [-84.41219591565192, 33.76832971406598], [-84.41327093738579, 33.76835226436687], [-84.41434596031539, 33.76837480531749]]], [[[-84.40993779837181, 33.77187424624575], [-84.40991077603074, 33.772771661079354], [-84.40993779837183, 33.77187424624575], [-84.40996481951657, 33.77097683126237], [-84.40993779837181, 33.77187424624575]]]]}, "properties": {"ua_name": "Atlanta, GA", "county": "Fulton County", "place": "Atlanta", "acs_pop": 647.0, "cbg_pop": 697, "land_area": 0.5986, "treecanopy": 0.3248, "tc_goal": 0.4, "tc_gap": 0.0752, "temp_diff": 8.24, "temp_norm": 0.661750862880452, "pctpocnorm": 0.893353941267388, "pctpovnorm": 0.610852713178295, "unemplnorm": 0.03030303030303, "depratnorm": 0.43768115942029, "lingnorm": 0.0, "health_nor": 0.390518757920822, "pctpoc": 0.893353941267388, "pctpov": 0.610852713178295, "unemplrate": 0.03030303030303, "dep_ratio": 0.87536231884058, "tes": 92, "holc_grade": "D", "density": 1080.8553291012363, "pr_temp_diff": 0.8798565451285116, "pr_density": 0.5505080693365212, "pr_pctpocnorm": 0.7680812910938434, "pr_pctpovnorm": 0.9073520621637776, "pr_unemplnorm": 0.47534369396294085, "pr_depratnorm": 0.856246264196055, "pr_lingnorm": 0.16527196652719664, "pr_health_nor": 0.7432755528989838, "GEOID": "131210118021", "fg_tiles": 51, "fg_temp_c_mean": 35.4663, "fg_temp_c_min": 35.3614, "fg_temp_c_max": 35.5505, "tile_area_m2": 503679.6, "dissolved_area_m2": 503679.6}}, {"type": "Feature", "geometry": {"type": "MultiPolygon", "coordinates": [[[[-84.40370411152446, 33.76455933010554], [-84.40477907894612, 33.764581952157364], [-84.40585404756726, 33.76460456486045], [-84.40692901738737, 33.764627168214744], [-84.40800398840597, 33.76464976222023], [-84.40907896062255, 33.764672346876864], [-84.4091059833796, 33.76377493145612], [-84.40803102234415, 33.76375234756068], [-84.40695606250662, 33.76372975431672], [-84.40588110386754, 33.763707151724276], [-84.40480614642738, 33.763684539783355], [-84.40373119018665, 33.763661918494016], [-84.40265623514584, 33.76363928785629], [-84.40158128130544, 33.7636166478702], [-84.40050632866594, 33.76359399853579], [-84.39943137722786, 33.7635713398531], [-84.39940425384246, 33.76446874841158], [-84.3993771292562, 33.76536615682014], [-84.39940425384248, 33.76446874841158], [-84.39943137722786, 33.7635713398531], [-84.39835642699167, 33.76354867182215], [-84.3983292924256, 33.76444607961659], [-84.39940425384248, 33.76446874841158], [-84.3983292924256, 33.76444607961658], [-84.39830215665816, 33.765343487261084], [-84.39827501968932, 33.766240894755626], [-84.398247881519, 33.76713830210023], [-84.39822074214715, 33.76803570929487], [-84.39929574829165, 33.76805838114621], [-84.39822074214715, 33.768035709294864], [-84.39819360157374, 33.76893311633955], [-84.39926861890137, 33.76895578895501], [-84.39924148830998, 33.76985319661389], [-84.40031651802352, 33.76987586064304], [-84.4013915489388, 33.76989851532171], [-84.40246658105536, 33.769921160649844], [-84.40354161437268, 33.76994379662742], [-84.40461664889028, 33.7699664232544], [-84.40569168460766, 33.76998904053077], [-84.4067667215243, 33.77001164845646], [-84.40784175963975, 33.770034247031454], [-84.4089167989535, 33.77005683625571], [-84.40894382888986, 33.76915942173373], [-84.40897085762957, 33.76826200706196], [-84.40899788517262, 33.767364592240384], [-84.40902491151911, 33.766467177269], [-84.40905193666907, 33.765569762147834], [-84.40907896062255, 33.76467234687686], [-84.40800398840597, 33.76464976222022], [-84.40692901738737, 33.76462716821474], [-84.40585404756726, 33.764604564860434], [-84.40477907894612, 33.76458195215736], [-84.40475201026644, 33.76547936438152], [-84.40472494038832, 33.766376776455814], [-84.40475201026645, 33.76547936438152], [-84.40477907894612, 33.76458195215736], [-84.40370411152446, 33.76455933010554]], [[-84.40359578488619, 33.76814897505298], [-84.4046707970365, 33.76817160015485], [-84.40574581038649, 33.76819421590671], [-84.40682082493566, 33.768216822308545], [-84.40789584068351, 33.768239419360306], [-84.40682082493566, 33.76821682230854], [-84.40574581038649, 33.7681942159067], [-84.4046707970365, 33.768171600154844], [-84.40359578488619, 33.76814897505298]]], [[[-84.40028939741514, 33.770773268915804], [-84.40136443951465, 33.77079592435799], [-84.4013915489388, 33.7698985153217], [-84.40031651802352, 33.76987586064303], [-84.39924148830998, 33.76985319661388], [-84.3992143565174, 33.7707506041228], [-84.40028939741514, 33.770773268915804]]]]}, "properties": {"ua_name": "Atlanta, GA", "county": "Fulton County", "place": "Atlanta", "acs_pop": 580.0, "cbg_pop": 673, "land_area": 0.7209, "treecanopy": 0.1647, "tc_goal": 0.5, "tc_gap": 0.3353, "temp_diff": 13.71, "temp_norm": 0.833385629118293, "pctpocnorm": 0.76551724137931, "pctpovnorm": 0.620689655172414, "unemplnorm": 0.103448275862069, "depratnorm": 0.04820415879017, "lingnorm": 0.0, "health_nor": 0.390518757920822, "pctpoc": 0.76551724137931, "pctpov": 0.620689655172414, "unemplrate": 0.103448275862069, "dep_ratio": 0.09640831758034, "tes": 69, "holc_grade": "D", "density": 804.5498682202802, "pr_temp_diff": 0.9846084877465631, "pr_density": 0.3873281530185296, "pr_pctpocnorm": 0.632098027495517, "pr_pctpovnorm": 0.9121338912133892, "pr_unemplnorm": 0.8353257621040048, "pr_depratnorm": 0.035265989240884636, "pr_lingnorm": 0.16527196652719664, "pr_health_nor": 0.7432755528989838, "GEOID": "131210118022", "fg_tiles": 71, "fg_temp_c_mean": 35.4125, "fg_temp_c_min": 35.364, "fg_temp_c_max": 35.4753, "tile_area_m2": 701165.7, "dissolved_area_m2": 701165.7}}, {"type": "Feature", "geometry": {"type": "MultiPolygon", "coordinates": [[[[-84.3898657524161, 33.75977738285812], [-84.39094064830319, 33.759800122607714], [-84.39201554539592, 33.759822853010604], [-84.39309044369381, 33.75984557406674], [-84.39416534319636, 33.7598682857761], [-84.39419251646866, 33.75897088029098], [-84.39421968853792, 33.758073474655895], [-84.39424685940419, 33.757176068870805], [-84.39317199343401, 33.75715335945804], [-84.39209712866834, 33.75713064069943], [-84.39317199343401, 33.757153359458044], [-84.39319917427382, 33.756255954288456], [-84.39322635391024, 33.755358548968886], [-84.39325353234334, 33.75446114349931], [-84.39217870110542, 33.75443842703809], [-84.39220588951018, 33.75354102218428], [-84.391131070652, 33.753518297144275], [-84.39005625299913, 33.753495562759745], [-84.38898143655204, 33.75347281903074], [-84.38895421462279, 33.75437022158537], [-84.38787938820725, 33.75434746774491], [-84.38785215389753, 33.75524486938244], [-84.38782491838198, 33.75614227086989], [-84.38779768166062, 33.75703967220728], [-84.3888725416033, 33.7570624283489], [-84.3899474027525, 33.757085175144816], [-84.3888725416033, 33.757062428348895], [-84.38779768166062, 33.75703967220727], [-84.38777044373332, 33.75793707339456], [-84.3877432046001, 33.75883447443178], [-84.38771596426085, 33.759731875318906], [-84.38879085773516, 33.75975463376184], [-84.3898657524161, 33.75977738285812]]], [[[-84.39322635391024, 33.755358548968886], [-84.39430119752798, 33.755381256850676], [-84.39432836478558, 33.75448385061565], [-84.39325353234332, 33.75446114349931], [-84.39322635391024, 33.755358548968886]]]]}, "properties": {"ua_name": "Atlanta, GA", "county": "Fulton County", "place": "Atlanta", "acs_pop": 436.0, "cbg_pop": 629, "land_area": 0.3578, "treecanopy": 0.1377, "tc_goal": 0.2, "tc_gap": 0.0623, "temp_diff": 9.5, "temp_norm": 0.70128647631001, "pctpocnorm": 0.456422018348624, "pctpovnorm": 0.334862385321101, "unemplnorm": 0.0, "depratnorm": 0.078249336870026, "lingnorm": 0.019077823360308, "health_nor": 0.402553661363347, "pctpoc": 0.456422018348624, "pctpov": 0.334862385321101, "unemplrate": 0.0, "dep_ratio": 0.156498673740053, "tes": 95, "holc_grade": null, "density": 1218.557853549469, "pr_temp_diff": 0.9136282127913927, "pr_density": 0.6096832038254633, "pr_pctpocnorm": 0.3634190077704722, "pr_pctpovnorm": 0.6551105797967722, "pr_unemplnorm": 0.13613269575612671, "pr_depratnorm": 0.056485355648535567, "pr_lingnorm": 0.5002988643156007, "pr_health_nor": 0.7743574417214585, "GEOID": "131210119011", "fg_tiles": 37, "fg_temp_c_mean": 35.3945, "fg_temp_c_min": 35.3801, "fg_temp_c_max": 35.4081, "tile_area_m2": 365349.2, "dissolved_area_m2": 365349.2}}, {"type": "Feature", "geometry": {"type": "MultiPolygon", "coordinates": [[[[-84.38266898998165, 33.74884916843368], [-84.38159423785366, 33.74882636313863], [-84.38051948693513, 33.74880354850098], [-84.37944473722659, 33.748780724520735], [-84.37836998872854, 33.748757891197926], [-84.37729524144143, 33.7487350485326], [-84.3772679026456, 33.74963244338379], [-84.37619314539825, 33.74960959060558], [-84.37616579421977, 33.75050698453613], [-84.37724056263932, 33.75052983808476], [-84.37831533227042, 33.75055268229027], [-84.37939010311258, 33.75057551715265], [-84.38046487516533, 33.750598342671836], [-84.38153964842816, 33.75062115884781], [-84.38156694374514, 33.74972376106829], [-84.38264170704511, 33.74974656713217], [-84.38266898998165, 33.74884916843368]]], [[[-84.37828800222641, 33.751450077611146], [-84.37936278424137, 33.75147291324332], [-84.38043756746696, 33.751495739532004], [-84.38046487516534, 33.75059834267183], [-84.37939010311258, 33.75057551715264], [-84.37831533227042, 33.75055268229026], [-84.37724056263932, 33.75052983808475], [-84.37616579421977, 33.75050698453612], [-84.37613844183034, 33.75140437831644], [-84.37721322142256, 33.75142723263551], [-84.37828800222641, 33.751450077611146]]]]}, "properties": {"ua_name": "Atlanta, GA", "county": "Fulton County", "place": "Atlanta", "acs_pop": 565.0, "cbg_pop": 601, "land_area": 0.1295, "treecanopy": 0.104, "tc_goal": 0.3, "tc_gap": 0.196, "temp_diff": 13.23, "temp_norm": 0.81832444304989, "pctpocnorm": 0.807079646017699, "pctpovnorm": 0.779751332149201, "unemplnorm": 0.128834355828221, "depratnorm": 0.092243186582809, "lingnorm": 0.019077823360308, "health_nor": 0.402553661363347, "pctpoc": 0.807079646017699, "pctpov": 0.779751332149201, "unemplrate": 0.128834355828221, "dep_ratio": 0.184486373165618, "tes": 80, "holc_grade": null, "density": 4362.934362934363, "pr_temp_diff": 0.9802749551703527, "pr_density": 0.9500896592946803, "pr_pctpocnorm": 0.6724447101016139, "pr_pctpovnorm": 0.9754931261207412, "pr_unemplnorm": 0.8936043036461446, "pr_depratnorm": 0.06754333532576211, "pr_lingnorm": 0.5002988643156007, "pr_health_nor": 0.7743574417214585, "GEOID": "131210119012", "fg_tiles": 14, "fg_temp_c_mean": 35.3578, "fg_temp_c_min": 35.3248, "fg_temp_c_max": 35.3828, "tile_area_m2": 138227.6, "dissolved_area_m2": 138227.6}}, {"type": "Feature", "geometry": {"type": "MultiPolygon", "coordinates": [[[[-84.38253256321872, 33.75333616042471], [-84.38250527424184, 33.75423355837249], [-84.38358009461831, 33.7542563589362], [-84.38465491620357, 33.75427915015534], [-84.38462764836846, 33.75517654948986], [-84.38460037932609, 33.75607394867426], [-84.38457310907637, 33.756971347708564], [-84.38564796539664, 33.75699413188707], [-84.38457310907637, 33.75697134770855], [-84.38454583761927, 33.7578687465927], [-84.38451856495473, 33.75876614532673], [-84.38449129108271, 33.75966354391063], [-84.38556618093413, 33.75968633039328], [-84.38664107199368, 33.759709107529375], [-84.38771596426085, 33.759731875318906], [-84.3877432046001, 33.75883447443178], [-84.38777044373332, 33.75793707339456], [-84.38779768166062, 33.75703967220727], [-84.38672282292488, 33.757016906719976], [-84.38669557382094, 33.75791430713988], [-84.3867228229249, 33.757016906719976], [-84.38675007082243, 33.756119506149986], [-84.38677731751363, 33.7552221054299], [-84.38680456299853, 33.754324704559735], [-84.38677731751362, 33.7552221054299], [-84.38675007082243, 33.756119506149986], [-84.38672282292488, 33.757016906719976], [-84.38779768166062, 33.75703967220728], [-84.38782491838198, 33.75614227086989], [-84.38785215389753, 33.75524486938244], [-84.38787938820725, 33.75434746774491], [-84.38895421462279, 33.75437022158537], [-84.38898143655204, 33.75347281903074], [-84.39005625299913, 33.753495562759745], [-84.39008346254889, 33.752598159288375], [-84.38900865727608, 33.752575416326074], [-84.38898143655204, 33.75347281903074], [-84.3890086572761, 33.752575416326074], [-84.38903587679498, 33.75167801347135], [-84.38796108390216, 33.75165526193191], [-84.38793385320952, 33.75255266401963], [-84.38796108390217, 33.75165526193191], [-84.3879883133892, 33.75075785969409], [-84.38691353287625, 33.75073509957816], [-84.38583875357043, 33.7507123301188], [-84.3847639754722, 33.75068955131605], [-84.38583875357043, 33.75071233011881], [-84.38586600419728, 33.7498149292658], [-84.38479123727167, 33.74979215123096], [-84.38481849786416, 33.74889475099576], [-84.38374374331866, 33.74887196438606], [-84.38371647155411, 33.74976936385307], [-84.38368919858209, 33.75066676316995], [-84.3847639754722, 33.75068955131605], [-84.38368919858209, 33.750666763169946], [-84.38261442290059, 33.75064396568052], [-84.38153964842816, 33.7506211588478], [-84.38046487516533, 33.75059834267183], [-84.38043756746696, 33.751495739532004], [-84.37936278424137, 33.75147291324332], [-84.37828800222641, 33.751450077611146], [-84.37721322142256, 33.75142723263551], [-84.37613844183034, 33.75140437831644], [-84.37611108822986, 33.75230177194653], [-84.37718587899528, 33.75232462703603], [-84.37715853535741, 33.75322202128634], [-84.37713119050889, 33.75411941538642], [-84.37820600483391, 33.75414226267251], [-84.37928082037023, 33.754165100614195], [-84.38035563711732, 33.754187929211454], [-84.38143045507468, 33.75421074846422], [-84.38250527424185, 33.75423355837249], [-84.38253256321873, 33.75333616042471], [-84.38255985098743, 33.75243876232678], [-84.38253256321872, 33.75333616042471]]], [[[-84.38153964842816, 33.75062115884781], [-84.38261442290059, 33.750643965680524], [-84.38368919858209, 33.75066676316995], [-84.38371647155412, 33.74976936385307], [-84.38374374331866, 33.74887196438606], [-84.38266898998165, 33.74884916843368], [-84.38264170704511, 33.74974656713217], [-84.38156694374514, 33.74972376106829], [-84.38153964842816, 33.75062115884781]]], [[[-84.37828800222641, 33.751450077611146], [-84.37826067097234, 33.75234747278181], [-84.37823333850821, 33.75324486780226], [-84.37826067097235, 33.75234747278181], [-84.37828800222641, 33.751450077611146]]]]}, "properties": {"ua_name": "Atlanta, GA", "county": "Fulton County", "place": "Atlanta", "acs_pop": 1102.0, "cbg_pop": 629, "land_area": 0.6864, "treecanopy": 0.0964, "tc_goal": 0.2, "tc_gap": 0.1036, "temp_diff": 12.85, "temp_norm": 0.806401004079071, "pctpocnorm": 0.773139745916515, "pctpovnorm": 0.47244094488189, "unemplnorm": 0.213903743315508, "depratnorm": 0.141443538998836, "lingnorm": 0.019077823360308, "health_nor": 0.402553661363347, "pctpoc": 0.773139745916515, "pctpov": 0.47244094488189, "unemplrate": 0.213903743315508, "dep_ratio": 0.282887077997672, "tes": 90, "holc_grade": null, "density": 1605.4778554778554, "pr_temp_diff": 0.976688583383144, "pr_density": 0.737895995218171, "pr_pctpocnorm": 0.6404662283323371, "pr_pctpovnorm": 0.8039450089659295, "pr_unemplnorm": 0.9647340107591154, "pr_depratnorm": 0.1228332337118948, "pr_lingnorm": 0.5002988643156007, "pr_health_nor": 0.7743574417214585, "GEOID": "131210119013", "fg_tiles": 66, "fg_temp_c_mean": 35.3992, "fg_temp_c_min": 35.3297, "fg_temp_c_max": 35.4159, "tile_area_m2": 651674.1, "dissolved_area_m2": 651674.1}}, {"type": "Feature", "geometry": {"type": "MultiPolygon", "coordinates": [[[[-84.3750910270123, 33.75048412164442], [-84.37506366345022, 33.75138151465399], [-84.3750362986766, 33.7522789075133], [-84.37500893269144, 33.75317630022236], [-84.37498156549464, 33.754073692781155], [-84.37605637739563, 33.75409655875596], [-84.37713119050889, 33.75411941538642], [-84.37715853535741, 33.75322202128634], [-84.37718587899528, 33.75232462703603], [-84.37611108822986, 33.75230177194653], [-84.37613844183034, 33.75140437831644], [-84.37616579421977, 33.75050698453612], [-84.3750910270123, 33.75048412164442]]], [[[-84.37619314539825, 33.74960959060558], [-84.37511838936292, 33.749586728484616], [-84.3750910270123, 33.750484121644426], [-84.37616579421977, 33.75050698453613], [-84.37619314539825, 33.74960959060558]]]]}, "properties": {"ua_name": "Atlanta, GA", "county": "Fulton County", "place": "Atlanta", "acs_pop": 604.0, "cbg_pop": 856, "land_area": 0.222, "treecanopy": 0.1656, "tc_goal": 0.3, "tc_gap": 0.1344, "temp_diff": 8.92, "temp_norm": 0.683087543144023, "pctpocnorm": 0.817880794701987, "pctpovnorm": 0.763245033112583, "unemplnorm": 0.181818181818182, "depratnorm": 0.286458333333333, "lingnorm": 0.0, "health_nor": 0.402553661363347, "pctpoc": 0.817880794701987, "pctpov": 0.763245033112583, "unemplrate": 0.181818181818182, "dep_ratio": 0.572916666666667, "tes": 86, "holc_grade": null, "density": 2720.7207207207207, "pr_temp_diff": 0.8992827256425583, "pr_density": 0.8891213389121339, "pr_pctpocnorm": 0.684997011356844, "pr_pctpovnorm": 0.970412432755529, "pr_unemplnorm": 0.946652719665272, "pr_depratnorm": 0.4931261207411835, "pr_lingnorm": 0.16527196652719664, "pr_health_nor": 0.7743574417214585, "GEOID": "131210119021", "fg_tiles": 7, "fg_temp_c_mean": 35.3156, "fg_temp_c_min": 35.306, "fg_temp_c_max": 35.3319, "tile_area_m2": 69115.3, "dissolved_area_m2": 69115.3}}, {"type": "Feature", "geometry": {"type": "Polygon", "coordinates": [[[-84.39242335341841, 33.74636177795385], [-84.39134862394154, 33.7463390590419], [-84.39027389566957, 33.74631633078796], [-84.38919916860297, 33.74629359319205], [-84.38812444274225, 33.74627084625423], [-84.38809721928243, 33.74716824924231], [-84.38917195631393, 33.74719099694703], [-84.39024669455137, 33.74721373530952], [-84.39132143399422, 33.74723646432974], [-84.39239617464202, 33.74725918400764], [-84.39347091649427, 33.74728189434319], [-84.39454565955046, 33.74730459533638], [-84.3956204038101, 33.747327286987144], [-84.3966951492727, 33.74734996929546], [-84.39672228336485, 33.74645256018101], [-84.39564754907337, 33.746429878637386], [-84.39457281598482, 33.746407187751636], [-84.39349808409966, 33.74638448752378], [-84.39242335341841, 33.74636177795385]]]}, "properties": {"ua_name": "Atlanta, GA", "county": "Fulton County", "place": "Atlanta", "acs_pop": 1296.0, "cbg_pop": 1613, "land_area": 1.0666, "treecanopy": 0.1919, "tc_goal": 0.5, "tc_gap": 0.3081, "temp_diff": 10.87, "temp_norm": 0.744273611546909, "pctpocnorm": 0.940586419753086, "pctpovnorm": 0.871913580246914, "unemplnorm": 0.18609865470852, "depratnorm": 0.233031674208145, "lingnorm": 0.006410173542941, "health_nor": 0.648946033974537, "pctpoc": 0.940586419753086, "pctpov": 0.871913580246914, "unemplrate": 0.18609865470852, "dep_ratio": 0.46606334841629, "tes": 65, "holc_grade": "D", "density": 1215.0759422463905, "pr_temp_diff": 0.9490436341900778, "pr_density": 0.608786610878661, "pr_pctpocnorm": 0.8296473401075911, "pr_pctpovnorm": 0.9889420203227735, "pr_unemplnorm": 0.9488942020322774, "pr_depratnorm": 0.326658696951584, "pr_lingnorm": 0.3714883442916916, "pr_health_nor": 0.9850567842199641, "GEOID": "131210120003", "fg_tiles": 8, "fg_temp_c_mean": 35.363, "fg_temp_c_min": 35.3572, "fg_temp_c_max": 35.3743, "tile_area_m2": 78985.4, "dissolved_area_m2": 78985.4}}]}