{
"type": "FeatureCollection",
"name": "final_analysis_grid",
"crs": { "type": "name", "properties": { "name": "urn:ogc:def:crs:OGC:1.3:CRS84" } },
"features": [
{ "type": "Feature", "properties": { "tile_id": 0, "average_temperature": 35.1009, "min_temperature": 35.1009, "max_temperature": 35.1009, "tree_opportunity_percent": 0.0 }, "geometry": { "type": "Polygon", "coordinates": [ [ [ -84.414992949886397, 33.746836717042285 ], [ -84.413918195221029, 33.746814194320272 ], [ -84.41389123987399, 33.747711615627054 ], [ -84.414966005711349, 33.747734139108417 ], [ -84.414992949886397, 33.746836717042285 ] ] ] } },
{ "type": "Feature", "properties": { "tile_id": 1, "average_temperature": 35.1214, "min_temperature": 35.1214, "max_temperature": 35.1214, "tree_opportunity_percent": 0.0 }, "geometry": { "type": "Polygon", "coordinates": [ [ [ -84.413918195221044, 33.746814194320272 ], [ -84.412843441750184, 33.746791662255532 ], [ -84.412816475231196, 33.747689082802644 ], [ -84.41389123987399, 33.747711615627054 ], [ -84.413918195221044, 33.746814194320272 ] ] ] } },
{ "type": "Feature", "properties": { "tile_id": 2, "average_temperature": 35.1444, "min_temperature": 35.1444, "max_temperature": 35.1444, "tree_opportunity_percent": 0.0 }, "geometry": { "type": "Polygon", "coordinates": [ [ [ -84.412843441750184, 33.746791662255532 ], [ -84.411768689474357, 33.746769120848107 ], [ -84.411741711783463, 33.747666540635251 ], [ -84.41281647523121, 33.747689082802644 ], [ -84.412843441750184, 33.746791662255532 ] ] ] } },
{ "type": "Feature", "properties": { "tile_id": 3, "average_temperature": 35.1694, "min_temperature": 35.1694, "max_temperature": 35.1694, "tree_opportunity_percent": 0.0 }, "geometry": { "type": "Polygon", "coordinates": [ [ [ -84.411768689474357, 33.746769120848107 ], [ -84.410693938394019, 33.746746570098026 ], [ -84.41066694953129, 33.747643989124882 ], [ -84.411741711783463, 33.747666540635251 ], [ -84.411768689474357, 33.746769120848107 ] ] ] } },
{ "type": "Feature", "properties": { "tile_id": 4, "average_temperature": 35.1956, "min_temperature": 35.1956, "max_temperature": 35.1956, "tree_opportunity_percent": 0.0 }, "geometry": { "type": "Polygon", "coordinates": [ [ [ -84.410693938394019, 33.746746570098026 ], [ -84.409619188509666, 33.746724010005302 ], [ -84.409592188475131, 33.747621428271565 ], [ -84.41066694953129, 33.747643989124882 ], [ -84.410693938394019, 33.746746570098026 ] ] ] } },
{ "type": "Feature", "properties": { "tile_id": 5, "average_temperature": 35.2224, "min_temperature": 35.2224, "max_temperature": 35.2224, "tree_opportunity_percent": 0.0 }, "geometry": { "type": "Polygon", "coordinates": [ [ [ -84.409619188509666, 33.746724010005302 ], [ -84.40854443982181, 33.746701440570014 ], [ -84.408517428615539, 33.747598858075349 ], [ -84.409592188475131, 33.747621428271565 ], [ -84.409619188509666, 33.746724010005302 ] ] ] } },
{ "type": "Feature", "properties": { "tile_id": 6, "average_temperature": 35.2492, "min_temperature": 35.2492, "max_temperature": 35.2492, "tree_opportunity_percent": 0.0 }, "geometry": { "type": "Polygon", "coordinates": [ [ [ -84.40854443982181, 33.746701440570014 ], [ -84.40746969233092, 33.746678861792184 ], [ -84.407442669952957, 33.747576278536272 ], [ -84.408517428615539, 33.747598858075349 ], [ -84.40854443982181, 33.746701440570014 ] ] ] } },
{ "type": "Feature", "properties": { "tile_id": 7, "average_temperature": 35.2752, "min_temperature": 35.2752, "max_temperature": 35.2752, "tree_opportunity_percent": 0.0 }, "geometry": { "type": "Polygon", "coordinates": [ [ [ -84.40746969233092, 33.746678861792184 ], [ -84.406394946037523, 33.746656273671817 ], [ -84.406367912487909, 33.747553689654367 ], [ -84.407442669952957, 33.747576278536272 ], [ -84.40746969233092, 33.746678861792184 ] ] ] } },
{ "type": "Feature", "properties": { "tile_id": 8, "average_temperature": 35.2996, "min_temperature": 35.2996, "max_temperature": 35.2996, "tree_opportunity_percent": 0.0 }, "geometry": { "type": "Polygon", "coordinates": [ [ [ -84.406394946037523, 33.746656273671817 ], [ -84.4053202009421, 33.746633676208972 ], [ -84.405293156220893, 33.74753109142965 ], [ -84.406367912487909, 33.747553689654367 ], [ -84.406394946037523, 33.746656273671817 ] ] ] } },
{ "type": "Feature", "properties": { "tile_id": 9, "average_temperature": 35.3219, "min_temperature": 35.3219, "max_temperature": 35.3219, "tree_opportunity_percent": 0.0 }, "geometry": { "type": "Polygon", "coordinates": [ [ [ -84.4053202009421, 33.746633676208972 ], [ -84.404245457045135, 33.746611069403677 ], [ -84.404218401152377, 33.747508483862177 ], [ -84.405293156220893, 33.74753109142965 ], [ -84.4053202009421, 33.746633676208972 ] ] ] } },
{ "type": "Feature", "properties": { "tile_id": 10, "average_temperature": 35.3412, "min_temperature": 35.3412, "max_temperature": 35.3412, "tree_opportunity_percent": 0.0 }, "geometry": { "type": "Polygon", "coordinates": [ [ [ -84.404245457045135, 33.746611069403677 ], [ -84.403170714347112, 33.746588453255967 ], [ -84.40314364728286, 33.747485866951983 ], [ -84.404218401152377, 33.747508483862177 ], [ -84.404245457045135, 33.746611069403677 ] ] ] } },
{ "type": "Feature", "properties": { "tile_id": 11, "average_temperature": 35.3568, "min_temperature": 35.3568, "max_temperature": 35.3568, "tree_opportunity_percent": 0.0 }, "geometry": { "type": "Polygon", "coordinates": [ [ [ -84.403170714347112, 33.746588453255967 ], [ -84.402095972848556, 33.746565827765885 ], [ -84.402068894612867, 33.747463240699091 ], [ -84.40314364728286, 33.747485866951983 ], [ -84.403170714347112, 33.746588453255967 ] ] ] } },
{ "type": "Feature", "properties": { "tile_id": 12, "average_temperature": 35.3679, "min_temperature": 35.3679, "max_temperature": 35.3679, "tree_opportunity_percent": 0.0 }, "geometry": { "type": "Polygon", "coordinates": [ [ [ -84.402095972848556, 33.746565827765885 ], [ -84.401021232549937, 33.746543192933458 ], [ -84.400994143142867, 33.747440605103542 ], [ -84.402068894612867, 33.747463240699091 ], [ -84.402095972848556, 33.746565827765885 ] ] ] } },
{ "type": "Feature", "properties": { "tile_id": 13, "average_temperature": 35.375, "min_temperature": 35.375, "max_temperature": 35.375, "tree_opportunity_percent": 0.0 }, "geometry": { "type": "Polygon", "coordinates": [ [ [ -84.401021232549937, 33.746543192933458 ], [ -84.399946493451765, 33.746520548758717 ], [ -84.399919392873343, 33.747417960165372 ], [ -84.400994143142867, 33.747440605103542 ], [ -84.401021232549937, 33.746543192933458 ] ] ] } },
{ "type": "Feature", "properties": { "tile_id": 14, "average_temperature": 35.3786, "min_temperature": 35.3786, "max_temperature": 35.3786, "tree_opportunity_percent": 0.0 }, "geometry": { "type": "Polygon", "coordinates": [ [ [ -84.399946493451765, 33.746520548758717 ], [ -84.398871755554538, 33.746497895241717 ], [ -84.398844643804821, 33.747395305884602 ], [ -84.399919392873343, 33.747417960165372 ], [ -84.399946493451765, 33.746520548758717 ] ] ] } },
{ "type": "Feature", "properties": { "tile_id": 15, "average_temperature": 35.3792, "min_temperature": 35.3792, "max_temperature": 35.3792, "tree_opportunity_percent": 0.0 }, "geometry": { "type": "Polygon", "coordinates": [ [ [ -84.398871755554538, 33.746497895241717 ], [ -84.397797018858725, 33.746475232382458 ], [ -84.39776989593777, 33.747372642261283 ], [ -84.398844643804821, 33.747395305884602 ], [ -84.398871755554538, 33.746497895241717 ] ] ] } },
{ "type": "Feature", "properties": { "tile_id": 16, "average_temperature": 35.3776, "min_temperature": 35.3776, "max_temperature": 35.3776, "tree_opportunity_percent": 0.0 }, "geometry": { "type": "Polygon", "coordinates": [ [ [ -84.397797018858725, 33.746475232382458 ], [ -84.396722283364852, 33.746452560181012 ], [ -84.396695149272702, 33.747349969295463 ], [ -84.39776989593777, 33.747372642261283 ], [ -84.397797018858725, 33.746475232382458 ] ] ] } },
{ "type": "Feature", "properties": { "tile_id": 17, "average_temperature": 35.3743, "min_temperature": 35.3743, "max_temperature": 35.3743, "tree_opportunity_percent": 0.0 }, "geometry": { "type": "Polygon", "coordinates": [ [ [ -84.396722283364852, 33.746452560181012 ], [ -84.395647549073374, 33.746429878637386 ], [ -84.395620403810099, 33.747327286987144 ], [ -84.396695149272702, 33.747349969295463 ], [ -84.396722283364852, 33.746452560181012 ] ] ] } },
{ "type": "Feature", "properties": { "tile_id": 18, "average_temperature": 35.3701, "min_temperature": 35.3701, "max_temperature": 35.3701, "tree_opportunity_percent": 0.0 }, "geometry": { "type": "Polygon", "coordinates": [ [ [ -84.395647549073374, 33.746429878637386 ], [ -84.394572815984816, 33.746407187751636 ], [ -84.39454565955046, 33.747304595336381 ], [ -84.395620403810099, 33.747327286987144 ], [ -84.395647549073374, 33.746429878637386 ] ] ] } },
{ "type": "Feature", "properties": { "tile_id": 19, "average_temperature": 35.3656, "min_temperature": 35.3656, "max_temperature": 35.3656, "tree_opportunity_percent": 0.0 }, "geometry": { "type": "Polygon", "coordinates": [ [ [ -84.394572815984816, 33.746407187751636 ], [ -84.393498084099662, 33.746384487523777 ], [ -84.393470916494266, 33.747281894343189 ], [ -84.39454565955046, 33.747304595336381 ], [ -84.394572815984816, 33.746407187751636 ] ] ] } },
{ "type": "Feature", "properties": { "tile_id": 20, "average_temperature": 35.3615, "min_temperature": 35.3615, "max_temperature": 35.3615, "tree_opportunity_percent": 0.0 }, "geometry": { "type": "Polygon", "coordinates": [ [ [ -84.393498084099662, 33.746384487523777 ], [ -84.392423353418408, 33.746361777953851 ], [ -84.392396174642016, 33.747259184007639 ], [ -84.393470916494266, 33.747281894343189 ], [ -84.393498084099662, 33.746384487523777 ] ] ] } },
{ "type": "Feature", "properties": { "tile_id": 21, "average_temperature": 35.3585, "min_temperature": 35.3585, "max_temperature": 35.3585, "tree_opportunity_percent": 0.0 }, "geometry": { "type": "Polygon", "coordinates": [ [ [ -84.392423353418408, 33.746361777953851 ], [ -84.391348623941539, 33.746339059041901 ], [ -84.391321433994221, 33.747236464329738 ], [ -84.392396174642016, 33.747259184007639 ], [ -84.392423353418408, 33.746361777953851 ] ] ] } },
{ "type": "Feature", "properties": { "tile_id": 22, "average_temperature": 35.3572, "min_temperature": 35.3572, "max_temperature": 35.3572, "tree_opportunity_percent": 0.0 }, "geometry": { "type": "Polygon", "coordinates": [ [ [ -84.391348623941539, 33.746339059041901 ], [ -84.390273895669566, 33.746316330787963 ], [ -84.390246694551365, 33.747213735309522 ], [ -84.391321433994221, 33.747236464329738 ], [ -84.391348623941539, 33.746339059041901 ] ] ] } },
{ "type": "Feature", "properties": { "tile_id": 23, "average_temperature": 35.3576, "min_temperature": 35.3576, "max_temperature": 35.3576, "tree_opportunity_percent": 0.0 }, "geometry": { "type": "Polygon", "coordinates": [ [ [ -84.390273895669566, 33.746316330787963 ], [ -84.389199168602971, 33.74629359319205 ], [ -84.38917195631393, 33.747190996947033 ], [ -84.390246694551365, 33.747213735309522 ], [ -84.390273895669566, 33.746316330787963 ] ] ] } },
{ "type": "Feature", "properties": { "tile_id": 24, "average_temperature": 35.3592, "min_temperature": 35.3592, "max_temperature": 35.3592, "tree_opportunity_percent": 0.0 }, "geometry": { "type": "Polygon", "coordinates": [ [ [ -84.389199168602971, 33.74629359319205 ], [ -84.388124442742253, 33.746270846254227 ], [ -84.388097219282429, 33.747168249242307 ], [ -84.38917195631393, 33.747190996947033 ], [ -84.389199168602971, 33.74629359319205 ] ] ] } },
{ "type": "Feature", "properties": { "tile_id": 25, "average_temperature": 35.3615, "min_temperature": 35.3615, "max_temperature": 35.3615, "tree_opportunity_percent": 0.0 }, "geometry": { "type": "Polygon", "coordinates": [ [ [ -84.388124442742253, 33.746270846254227 ], [ -84.387049718087908, 33.746248089974515 ], [ -84.387022483457343, 33.747145492195379 ], [ -84.388097219282429, 33.747168249242307 ], [ -84.388124442742253, 33.746270846254227 ] ] ] } },
{ "type": "Feature", "properties": { "tile_id": 26, "average_temperature": 35.364, "min_temperature": 35.364, "max_temperature": 35.364, "tree_opportunity_percent": 0.0 }, "geometry": { "type": "Polygon", "coordinates": [ [ [ -84.387049718087908, 33.746248089974515 ], [ -84.385974994640421, 33.746225324352935 ], [ -84.385947748839186, 33.747122725806278 ], [ -84.387022483457343, 33.747145492195379 ], [ -84.387049718087908, 33.746248089974515 ] ] ] } },
{ "type": "Feature", "properties": { "tile_id": 27, "average_temperature": 35.3661, "min_temperature": 35.3661, "max_temperature": 35.3661, "tree_opportunity_percent": 0.0 }, "geometry": { "type": "Polygon", "coordinates": [ [ [ -84.385974994640421, 33.746225324352935 ], [ -84.384900272400287, 33.746202549389544 ], [ -84.384873015428411, 33.747099950075054 ], [ -84.385947748839186, 33.747122725806278 ], [ -84.385974994640421, 33.746225324352935 ] ] ] } },
{ "type": "Feature", "properties": { "tile_id": 28, "average_temperature": 35.3673, "min_temperature": 35.3673, "max_temperature": 35.3673, "tree_opportunity_percent": 0.0 }, "geometry": { "type": "Polygon", "coordinates": [ [ [ -84.384900272400287, 33.746202549389544 ], [ -84.383825551368005, 33.746179765084371 ], [ -84.383798283225559, 33.74707716500172 ], [ -84.384873015428425, 33.747099950075054 ], [ -84.384900272400287, 33.746202549389544 ] ] ] } },
{ "type": "Feature", "properties": { "tile_id": 29, "average_temperature": 35.3671, "min_temperature": 35.3671, "max_temperature": 35.3671, "tree_opportunity_percent": 0.0 }, "geometry": { "type": "Polygon", "coordinates": [ [ [ -84.383825551368005, 33.746179765084371 ], [ -84.382750831544072, 33.746156971437436 ], [ -84.382723552231099, 33.747054370586319 ], [ -84.383798283225573, 33.74707716500172 ], [ -84.383825551368005, 33.746179765084371 ] ] ] } },
{ "type": "Feature", "properties": { "tile_id": 30, "average_temperature": 35.3649, "min_temperature": 35.3649, "max_temperature": 35.3649, "tree_opportunity_percent": 0.0 }, "geometry": { "type": "Polygon", "coordinates": [ [ [ -84.382750831544072, 33.746156971437436 ], [ -84.381676112928986, 33.746134168448791 ], [ -84.381648822445541, 33.747031566828895 ], [ -84.382723552231113, 33.747054370586319 ], [ -84.382750831544072, 33.746156971437436 ] ] ] } },
{ "type": "Feature", "properties": { "tile_id": 31, "average_temperature": 35.3602, "min_temperature": 35.3602, "max_temperature": 35.3602, "tree_opportunity_percent": 0.0 }, "geometry": { "type": "Polygon", "coordinates": [ [ [ -84.381676112928986, 33.746134168448791 ], [ -84.380601395523229, 33.746111356118476 ], [ -84.380574093869342, 33.747008753729475 ], [ -84.381648822445541, 33.747031566828895 ], [ -84.381676112928986, 33.746134168448791 ] ] ] } },
{ "type": "Feature", "properties": { "tile_id": 32, "average_temperature": 35.3526, "min_temperature": 35.3526, "max_temperature": 35.3526, "tree_opportunity_percent": 0.0 }, "geometry": { "type": "Polygon", "coordinates": [ [ [ -84.380601395523229, 33.746111356118476 ], [ -84.379526679327284, 33.746088534446514 ], [ -84.37949936650304, 33.746985931288108 ], [ -84.380574093869342, 33.747008753729475 ], [ -84.380601395523229, 33.746111356118476 ] ] ] } },
{ "type": "Feature", "properties": { "tile_id": 33, "average_temperature": 35.3419, "min_temperature": 35.3419, "max_temperature": 35.3419, "tree_opportunity_percent": 0.0 }, "geometry": { "type": "Polygon", "coordinates": [ [ [ -84.379526679327299, 33.746088534446514 ], [ -84.378451964341679, 33.74606570343294 ], [ -84.378424640347106, 33.746963099504796 ], [ -84.37949936650304, 33.746985931288108 ], [ -84.379526679327299, 33.746088534446514 ] ] ] } },
{ "type": "Feature", "properties": { "tile_id": 34, "average_temperature": 35.3287, "min_temperature": 35.3287, "max_temperature": 35.3287, "tree_opportunity_percent": 0.0 }, "geometry": { "type": "Polygon", "coordinates": [ [ [ -84.378451964341693, 33.74606570343294 ], [ -84.37737725056688, 33.746042863077797 ], [ -84.377349915402021, 33.746940258379603 ], [ -84.378424640347106, 33.746963099504796 ], [ -84.378451964341693, 33.74606570343294 ] ] ] } },
{ "type": "Feature", "properties": { "tile_id": 35, "average_temperature": 35.3137, "min_temperature": 35.3137, "max_temperature": 35.3137, "tree_opportunity_percent": 0.0 }, "geometry": { "type": "Polygon", "coordinates": [ [ [ -84.37737725056688, 33.746042863077797 ], [ -84.376302538003401, 33.746020013381106 ], [ -84.376275191668313, 33.746917407912562 ], [ -84.377349915402021, 33.746940258379603 ], [ -84.37737725056688, 33.746042863077797 ] ] ] } },
{ "type": "Feature", "properties": { "tile_id": 36, "average_temperature": 35.2974, "min_temperature": 35.2974, "max_temperature": 35.2974, "tree_opportunity_percent": 0.0 }, "geometry": { "type": "Polygon", "coordinates": [ [ [ -84.376302538003401, 33.746020013381106 ], [ -84.37522782665171, 33.745997154342916 ], [ -84.375200469146463, 33.746894548103697 ], [ -84.376275191668313, 33.746917407912562 ], [ -84.376302538003401, 33.746020013381106 ] ] ] } },
{ "type": "Feature", "properties": { "tile_id": 37, "average_temperature": 35.179, "min_temperature": 35.179, "max_temperature": 35.179, "tree_opportunity_percent": 0.0 }, "geometry": { "type": "Polygon", "coordinates": [ [ [ -84.414966005711349, 33.74773413910841 ], [ -84.41389123987399, 33.747711615627047 ], [ -84.413864283333453, 33.748609036784146 ], [ -84.414939060343301, 33.748631561024872 ], [ -84.414966005711349, 33.74773413910841 ] ] ] } },
{ "type": "Feature", "properties": { "tile_id": 38, "average_temperature": 35.1931, "min_temperature": 35.1931, "max_temperature": 35.1931, "tree_opportunity_percent": 0.0 }, "geometry": { "type": "Polygon", "coordinates": [ [ [ -84.41389123987399, 33.747711615627047 ], [ -84.41281647523121, 33.747689082802644 ], [ -84.412789507518227, 33.748586503200073 ], [ -84.413864283333453, 33.748609036784146 ], [ -84.41389123987399, 33.747711615627047 ] ] ] } },
{ "type": "Feature", "properties": { "tile_id": 39, "average_temperature": 35.2093, "min_temperature": 35.2093, "max_temperature": 35.2093, "tree_opportunity_percent": 0.0 }, "geometry": { "type": "Polygon", "coordinates": [ [ [ -84.41281647523121, 33.747689082802644 ], [ -84.411741711783463, 33.747666540635244 ], [ -84.411714732898091, 33.748563960272676 ], [ -84.412789507518227, 33.748586503200073 ], [ -84.41281647523121, 33.747689082802644 ] ] ] } },
{ "type": "Feature", "properties": { "tile_id": 40, "average_temperature": 35.227, "min_temperature": 35.227, "max_temperature": 35.227, "tree_opportunity_percent": 0.0 }, "geometry": { "type": "Polygon", "coordinates": [ [ [ -84.411741711783463, 33.747666540635244 ], [ -84.41066694953129, 33.747643989124867 ], [ -84.410639959473571, 33.748541408001998 ], [ -84.411714732898091, 33.748563960272676 ], [ -84.411741711783463, 33.747666540635244 ] ] ] } },
{ "type": "Feature", "properties": { "tile_id": 41, "average_temperature": 35.2457, "min_temperature": 35.2457, "max_temperature": 35.2457, "tree_opportunity_percent": 0.0 }, "geometry": { "type": "Polygon", "coordinates": [ [ [ -84.41066694953129, 33.747643989124867 ], [ -84.409592188475131, 33.747621428271557 ], [ -84.409565187245136, 33.748518846388059 ], [ -84.410639959473571, 33.748541408001998 ], [ -84.41066694953129, 33.747643989124867 ] ] ] } },
{ "type": "Feature", "properties": { "tile_id": 42, "average_temperature": 35.2649, "min_temperature": 35.2649, "max_temperature": 35.2649, "tree_opportunity_percent": 0.0 }, "geometry": { "type": "Polygon", "coordinates": [ [ [ -84.409592188475131, 33.747621428271557 ], [ -84.408517428615539, 33.747598858075349 ], [ -84.408490416213283, 33.748496275430924 ], [ -84.409565187245136, 33.748518846388059 ], [ -84.409592188475131, 33.747621428271557 ] ] ] } },
{ "type": "Feature", "properties": { "tile_id": 43, "average_temperature": 35.2842, "min_temperature": 35.2842, "max_temperature": 35.2842, "tree_opportunity_percent": 0.0 }, "geometry": { "type": "Polygon", "coordinates": [ [ [ -84.408517428615539, 33.747598858075349 ], [ -84.407442669952957, 33.747576278536272 ], [ -84.407415646378524, 33.748473695130585 ], [ -84.408490416213283, 33.748496275430924 ], [ -84.408517428615539, 33.747598858075349 ] ] ] } },
{ "type": "Feature", "properties": { "tile_id": 44, "average_temperature": 35.3031, "min_temperature": 35.3031, "max_temperature": 35.3031, "tree_opportunity_percent": 0.0 }, "geometry": { "type": "Polygon", "coordinates": [ [ [ -84.407442669952957, 33.747576278536272 ], [ -84.406367912487909, 33.74755368965436 ], [ -84.406340877741343, 33.748451105487113 ], [ -84.407415646378524, 33.748473695130585 ], [ -84.407442669952957, 33.747576278536272 ] ] ] } },
{ "type": "Feature", "properties": { "tile_id": 45, "average_temperature": 35.3209, "min_temperature": 35.3209, "max_temperature": 35.3209, "tree_opportunity_percent": 0.0 }, "geometry": { "type": "Polygon", "coordinates": [ [ [ -84.406367912487909, 33.74755368965436 ], [ -84.405293156220893, 33.747531091429643 ], [ -84.405266110302236, 33.748428506500524 ], [ -84.406340877741343, 33.748451105487113 ], [ -84.406367912487909, 33.74755368965436 ] ] ] } },
{ "type": "Feature", "properties": { "tile_id": 46, "average_temperature": 35.3371, "min_temperature": 35.3371, "max_temperature": 35.3371, "tree_opportunity_percent": 0.0 }, "geometry": { "type": "Polygon", "coordinates": [ [ [ -84.405293156220893, 33.747531091429643 ], [ -84.404218401152377, 33.74750848386217 ], [ -84.404191344061672, 33.748405898170851 ], [ -84.405266110302236, 33.748428506500524 ], [ -84.405293156220893, 33.747531091429643 ] ] ] } },
{ "type": "Feature", "properties": { "tile_id": 47, "average_temperature": 35.3511, "min_temperature": 35.3511, "max_temperature": 35.3511, "tree_opportunity_percent": 0.0 }, "geometry": { "type": "Polygon", "coordinates": [ [ [ -84.404218401152377, 33.74750848386217 ], [ -84.40314364728286, 33.747485866951976 ], [ -84.403116579020192, 33.748383280498146 ], [ -84.404191344061672, 33.748405898170851 ], [ -84.404218401152377, 33.74750848386217 ] ] ] } },
{ "type": "Feature", "properties": { "tile_id": 48, "average_temperature": 35.3624, "min_temperature": 35.3624, "max_temperature": 35.3624, "tree_opportunity_percent": 0.0 }, "geometry": { "type": "Polygon", "coordinates": [ [ [ -84.40314364728286, 33.747485866951976 ], [ -84.402068894612867, 33.747463240699076 ], [ -84.402041815178265, 33.748360653482436 ], [ -84.403116579020192, 33.748383280498146 ], [ -84.40314364728286, 33.747485866951976 ] ] ] } },
{ "type": "Feature", "properties": { "tile_id": 49, "average_temperature": 35.3705, "min_temperature": 35.3705, "max_temperature": 35.3705, "tree_opportunity_percent": 0.0 }, "geometry": { "type": "Polygon", "coordinates": [ [ [ -84.402068894612867, 33.747463240699076 ], [ -84.400994143142867, 33.747440605103534 ], [ -84.400967052536359, 33.74833801712375 ], [ -84.402041815178265, 33.748360653482436 ], [ -84.402068894612867, 33.747463240699076 ] ] ] } },
{ "type": "Feature", "properties": { "tile_id": 50, "average_temperature": 35.3755, "min_temperature": 35.3755, "max_temperature": 35.3755, "tree_opportunity_percent": 0.0 }, "geometry": { "type": "Polygon", "coordinates": [ [ [ -84.400994143142867, 33.747440605103534 ], [ -84.399919392873343, 33.747417960165365 ], [ -84.399892291095028, 33.74831537142213 ], [ -84.400967052536373, 33.74833801712375 ], [ -84.400994143142867, 33.747440605103534 ] ] ] } },
{ "type": "Feature", "properties": { "tile_id": 51, "average_temperature": 35.3778, "min_temperature": 35.3778, "max_temperature": 35.3778, "tree_opportunity_percent": 0.0 }, "geometry": { "type": "Polygon", "coordinates": [ [ [ -84.399919392873343, 33.747417960165365 ], [ -84.398844643804821, 33.747395305884595 ], [ -84.398817530854714, 33.748292716377605 ], [ -84.399892291095028, 33.74831537142213 ], [ -84.399919392873343, 33.747417960165365 ] ] ] } },
{ "type": "Feature", "properties": { "tile_id": 52, "average_temperature": 35.3781, "min_temperature": 35.3781, "max_temperature": 35.3781, "tree_opportunity_percent": 0.0 }, "geometry": { "type": "Polygon", "coordinates": [ [ [ -84.398844643804821, 33.747395305884595 ], [ -84.39776989593777, 33.747372642261283 ], [ -84.397742771815928, 33.748270051990204 ], [ -84.398817530854714, 33.748292716377605 ], [ -84.398844643804821, 33.747395305884595 ] ] ] } },
{ "type": "Feature", "properties": { "tile_id": 53, "average_temperature": 35.3766, "min_temperature": 35.3766, "max_temperature": 35.3766, "tree_opportunity_percent": 0.0 }, "geometry": { "type": "Polygon", "coordinates": [ [ [ -84.39776989593777, 33.747372642261283 ], [ -84.396695149272702, 33.747349969295456 ], [ -84.396668013979166, 33.748247378259975 ], [ -84.397742771815928, 33.748270051990204 ], [ -84.39776989593777, 33.747372642261283 ] ] ] } },
{ "type": "Feature", "properties": { "tile_id": 54, "average_temperature": 35.3741, "min_temperature": 35.3741, "max_temperature": 35.3741, "tree_opportunity_percent": 0.0 }, "geometry": { "type": "Polygon", "coordinates": [ [ [ -84.396695149272702, 33.747349969295456 ], [ -84.395620403810099, 33.747327286987129 ], [ -84.395593257344927, 33.748224695186941 ], [ -84.396668013979166, 33.748247378259975 ], [ -84.396695149272702, 33.747349969295456 ] ] ] } },
{ "type": "Feature", "properties": { "tile_id": 55, "average_temperature": 35.3709, "min_temperature": 35.3709, "max_temperature": 35.3709, "tree_opportunity_percent": 0.0 }, "geometry": { "type": "Polygon", "coordinates": [ [ [ -84.395620403810099, 33.747327286987129 ], [ -84.39454565955046, 33.747304595336367 ], [ -84.394518501913694, 33.748202002771158 ], [ -84.395593257344927, 33.748224695186941 ], [ -84.395620403810099, 33.747327286987129 ] ] ] } },
{ "type": "Feature", "properties": { "tile_id": 56, "average_temperature": 35.3675, "min_temperature": 35.3675, "max_temperature": 35.3675, "tree_opportunity_percent": 0.0 }, "geometry": { "type": "Polygon", "coordinates": [ [ [ -84.39454565955046, 33.747304595336367 ], [ -84.393470916494266, 33.747281894343182 ], [ -84.393443747685978, 33.748179301012634 ], [ -84.394518501913694, 33.748202002771158 ], [ -84.39454565955046, 33.747304595336367 ] ] ] } },
{ "type": "Feature", "properties": { "tile_id": 57, "average_temperature": 35.3647, "min_temperature": 35.3647, "max_temperature": 35.3647, "tree_opportunity_percent": 0.0 }, "geometry": { "type": "Polygon", "coordinates": [ [ [ -84.393470916494266, 33.747281894343182 ], [ -84.392396174642016, 33.747259184007625 ], [ -84.392368994662263, 33.748156589911417 ], [ -84.393443747685978, 33.748179301012634 ], [ -84.393470916494266, 33.747281894343182 ] ] ] } },
{ "type": "Feature", "properties": { "tile_id": 58, "average_temperature": 35.3628, "min_temperature": 35.3628, "max_temperature": 35.3628, "tree_opportunity_percent": 0.0 }, "geometry": { "type": "Polygon", "coordinates": [ [ [ -84.392396174642016, 33.747259184007625 ], [ -84.391321433994221, 33.747236464329731 ], [ -84.391294242843031, 33.748133869467551 ], [ -84.392368994662263, 33.748156589911417 ], [ -84.392396174642016, 33.747259184007625 ] ] ] } },
{ "type": "Feature", "properties": { "tile_id": 59, "average_temperature": 35.3625, "min_temperature": 35.3625, "max_temperature": 35.3625, "tree_opportunity_percent": 0.0 }, "geometry": { "type": "Polygon", "coordinates": [ [ [ -84.391321433994221, 33.747236464329731 ], [ -84.390246694551365, 33.747213735309515 ], [ -84.390219492228795, 33.748111139681058 ], [ -84.391294242843031, 33.748133869467551 ], [ -84.391321433994221, 33.747236464329731 ] ] ] } },
{ "type": "Feature", "properties": { "tile_id": 60, "average_temperature": 35.3636, "min_temperature": 35.3636, "max_temperature": 35.3636, "tree_opportunity_percent": 0.0 }, "geometry": { "type": "Polygon", "coordinates": [ [ [ -84.390246694551365, 33.747213735309515 ], [ -84.38917195631393, 33.747190996947026 ], [ -84.389144742820037, 33.748088400551964 ], [ -84.390219492228795, 33.748111139681058 ], [ -84.390246694551365, 33.747213735309515 ] ] ] } },
{ "type": "Feature", "properties": { "tile_id": 61, "average_temperature": 35.3656, "min_temperature": 35.3656, "max_temperature": 35.3656, "tree_opportunity_percent": 0.0 }, "geometry": { "type": "Polygon", "coordinates": [ [ [ -84.38917195631393, 33.747190996947026 ], [ -84.388097219282429, 33.7471682492423 ], [ -84.388069994617268, 33.748065652080328 ], [ -84.389144742820037, 33.748088400551964 ], [ -84.38917195631393, 33.747190996947026 ] ] ] } },
{ "type": "Feature", "properties": { "tile_id": 62, "average_temperature": 35.3681, "min_temperature": 35.3681, "max_temperature": 35.3681, "tree_opportunity_percent": 0.0 }, "geometry": { "type": "Polygon", "coordinates": [ [ [ -84.388097219282429, 33.7471682492423 ], [ -84.387022483457343, 33.747145492195372 ], [ -84.386995247620959, 33.748042894266177 ], [ -84.388069994617268, 33.748065652080328 ], [ -84.388097219282429, 33.7471682492423 ] ] ] } },
{ "type": "Feature", "properties": { "tile_id": 63, "average_temperature": 35.3706, "min_temperature": 35.3706, "max_temperature": 35.3706, "tree_opportunity_percent": 0.0 }, "geometry": { "type": "Polygon", "coordinates": [ [ [ -84.387022483457343, 33.747145492195372 ], [ -84.385947748839186, 33.747122725806271 ], [ -84.385920501831606, 33.748020127109548 ], [ -84.386995247620959, 33.748042894266177 ], [ -84.387022483457343, 33.747145492195372 ] ] ] } },
{ "type": "Feature", "properties": { "tile_id": 64, "average_temperature": 35.3726, "min_temperature": 35.3726, "max_temperature": 35.3726, "tree_opportunity_percent": 0.0 }, "geometry": { "type": "Polygon", "coordinates": [ [ [ -84.385947748839186, 33.747122725806271 ], [ -84.384873015428411, 33.747099950075047 ], [ -84.384845757249735, 33.74799735061044 ], [ -84.385920501831606, 33.748020127109548 ], [ -84.385947748839186, 33.747122725806271 ] ] ] } },
{ "type": "Feature", "properties": { "tile_id": 65, "average_temperature": 35.3735, "min_temperature": 35.3735, "max_temperature": 35.3735, "tree_opportunity_percent": 0.0 }, "geometry": { "type": "Polygon", "coordinates": [ [ [ -84.384873015428425, 33.747099950075047 ], [ -84.383798283225559, 33.747077165001713 ], [ -84.383771013875801, 33.747974564768946 ], [ -84.384845757249735, 33.74799735061044 ], [ -84.384873015428425, 33.747099950075047 ] ] ] } },
{ "type": "Feature", "properties": { "tile_id": 66, "average_temperature": 35.3729, "min_temperature": 35.3729, "max_temperature": 35.3729, "tree_opportunity_percent": 0.0 }, "geometry": { "type": "Polygon", "coordinates": [ [ [ -84.383798283225573, 33.747077165001713 ], [ -84.382723552231113, 33.747054370586312 ], [ -84.382696271710316, 33.747951769585057 ], [ -84.383771013875801, 33.747974564768946 ], [ -84.383798283225573, 33.747077165001713 ] ] ] } },
{ "type": "Feature", "properties": { "tile_id": 67, "average_temperature": 35.3702, "min_temperature": 35.3702, "max_temperature": 35.3702, "tree_opportunity_percent": 0.0 }, "geometry": { "type": "Polygon", "coordinates": [ [ [ -84.382723552231113, 33.747054370586312 ], [ -84.381648822445541, 33.747031566828888 ], [ -84.381621530753762, 33.747928965058847 ], [ -84.382696271710316, 33.747951769585057 ], [ -84.382723552231113, 33.747054370586312 ] ] ] } },
{ "type": "Feature", "properties": { "tile_id": 68, "average_temperature": 35.365, "min_temperature": 35.365, "max_temperature": 35.365, "tree_opportunity_percent": 0.0 }, "geometry": { "type": "Polygon", "coordinates": [ [ [ -84.381648822445541, 33.747031566828888 ], [ -84.380574093869342, 33.747008753729475 ], [ -84.380546791006665, 33.747906151190307 ], [ -84.381621530753762, 33.747928965058847 ], [ -84.381648822445541, 33.747031566828888 ] ] ] } },
{ "type": "Feature", "properties": { "tile_id": 69, "average_temperature": 35.3567, "min_temperature": 35.3567, "max_temperature": 35.3567, "tree_opportunity_percent": 0.0 }, "geometry": { "type": "Polygon", "coordinates": [ [ [ -84.380574093869342, 33.747008753729475 ], [ -84.37949936650304, 33.746985931288094 ], [ -84.379472052469481, 33.747883327979501 ], [ -84.380546791006665, 33.747906151190307 ], [ -84.380574093869342, 33.747008753729475 ] ] ] } },
{ "type": "Feature", "properties": { "tile_id": 70, "average_temperature": 35.3454, "min_temperature": 35.3454, "max_temperature": 35.3454, "tree_opportunity_percent": 0.0 }, "geometry": { "type": "Polygon", "coordinates": [ [ [ -84.37949936650304, 33.746985931288094 ], [ -84.378424640347106, 33.746963099504789 ], [ -84.378397315142735, 33.747860495426451 ], [ -84.379472052469481, 33.747883327979501 ], [ -84.37949936650304, 33.746985931288094 ] ] ] } },
{ "type": "Feature", "properties": { "tile_id": 71, "average_temperature": 35.3316, "min_temperature": 35.3316, "max_temperature": 35.3316, "tree_opportunity_percent": 0.0 }, "geometry": { "type": "Polygon", "coordinates": [ [ [ -84.378424640347106, 33.746963099504789 ], [ -84.377349915402021, 33.746940258379588 ], [ -84.377322579026895, 33.747837653531207 ], [ -84.378397315142735, 33.747860495426451 ], [ -84.378424640347106, 33.746963099504789 ] ] ] } },
{ "type": "Feature", "properties": { "tile_id": 72, "average_temperature": 35.316, "min_temperature": 35.316, "max_temperature": 35.316, "tree_opportunity_percent": 0.0 }, "geometry": { "type": "Polygon", "coordinates": [ [ [ -84.377349915402021, 33.746940258379588 ], [ -84.376275191668313, 33.746917407912562 ], [ -84.376247844122474, 33.747814802293796 ], [ -84.377322579026895, 33.747837653531207 ], [ -84.377349915402021, 33.746940258379588 ] ] ] } },
{ "type": "Feature", "properties": { "tile_id": 73, "average_temperature": 35.2992, "min_temperature": 35.2992, "max_temperature": 35.2992, "tree_opportunity_percent": 0.0 }, "geometry": { "type": "Polygon", "coordinates": [ [ [ -84.376275191668313, 33.746917407912562 ], [ -84.375200469146463, 33.74689454810369 ], [ -84.375173110429941, 33.74779194171424 ], [ -84.376247844122474, 33.747814802293796 ], [ -84.376275191668313, 33.746917407912562 ] ] ] } },
{ "type": "Feature", "properties": { "tile_id": 74, "average_temperature": 35.263, "min_temperature": 35.263, "max_temperature": 35.263, "tree_opportunity_percent": 0.0 }, "geometry": { "type": "Polygon", "coordinates": [ [ [ -84.414939060343301, 33.748631561024872 ], [ -84.413864283333453, 33.748609036784146 ], [ -84.413837325599374, 33.749506457791583 ], [ -84.414912113782208, 33.749528982791688 ], [ -84.414939060343301, 33.748631561024872 ] ] ] } },
{ "type": "Feature", "properties": { "tile_id": 75, "average_temperature": 35.2705, "min_temperature": 35.2705, "max_temperature": 35.2705, "tree_opportunity_percent": 0.0 }, "geometry": { "type": "Polygon", "coordinates": [ [ [ -84.413864283333453, 33.748609036784146 ], [ -84.412789507518227, 33.748586503200073 ], [ -84.412762538611204, 33.749483923447819 ], [ -84.413837325599374, 33.749506457791583 ], [ -84.413864283333453, 33.748609036784146 ] ] ] } },
{ "type": "Feature", "properties": { "tile_id": 76, "average_temperature": 35.2793, "min_temperature": 35.2793, "max_temperature": 35.2793, "tree_opportunity_percent": 0.0 }, "geometry": { "type": "Polygon", "coordinates": [ [ [ -84.412789507518227, 33.748586503200073 ], [ -84.411714732898091, 33.748563960272676 ], [ -84.411687752818196, 33.749461379760412 ], [ -84.412762538611204, 33.749483923447819 ], [ -84.412789507518227, 33.748586503200073 ] ] ] } },
{ "type": "Feature", "properties": { "tile_id": 77, "average_temperature": 35.2892, "min_temperature": 35.2892, "max_temperature": 35.2892, "tree_opportunity_percent": 0.0 }, "geometry": { "type": "Polygon", "coordinates": [ [ [ -84.411714732898091, 33.748563960272676 ], [ -84.410639959473571, 33.748541408001998 ], [ -84.410612968220832, 33.74943882672941 ], [ -84.411687752818196, 33.749461379760412 ], [ -84.411714732898091, 33.748563960272676 ] ] ] } },
{ "type": "Feature", "properties": { "tile_id": 78, "average_temperature": 35.2998, "min_temperature": 35.2998, "max_temperature": 35.2998, "tree_opportunity_percent": 0.0 }, "geometry": { "type": "Polygon", "coordinates": [ [ [ -84.410639959473571, 33.748541408001998 ], [ -84.409565187245136, 33.748518846388059 ], [ -84.409538184819624, 33.749416264354842 ], [ -84.410612968220832, 33.74943882672941 ], [ -84.410639959473571, 33.748541408001998 ] ] ] } },
{ "type": "Feature", "properties": { "tile_id": 79, "average_temperature": 35.3109, "min_temperature": 35.3109, "max_temperature": 35.3109, "tree_opportunity_percent": 0.0 }, "geometry": { "type": "Polygon", "coordinates": [ [ [ -84.409565187245136, 33.748518846388059 ], [ -84.408490416213283, 33.748496275430924 ], [ -84.408463402615041, 33.749393692636737 ], [ -84.409538184819624, 33.749416264354842 ], [ -84.409565187245136, 33.748518846388059 ] ] ] } },
{ "type": "Feature", "properties": { "tile_id": 80, "average_temperature": 35.3221, "min_temperature": 35.3221, "max_temperature": 35.3221, "tree_opportunity_percent": 0.0 }, "geometry": { "type": "Polygon", "coordinates": [ [ [ -84.408490416213283, 33.748496275430924 ], [ -84.407415646378524, 33.748473695130585 ], [ -84.407388621607595, 33.749371111575158 ], [ -84.408463402615041, 33.749393692636737 ], [ -84.408490416213283, 33.748496275430924 ] ] ] } },
{ "type": "Feature", "properties": { "tile_id": 81, "average_temperature": 35.3332, "min_temperature": 35.3332, "max_temperature": 35.3332, "tree_opportunity_percent": 0.0 }, "geometry": { "type": "Polygon", "coordinates": [ [ [ -84.407415646378524, 33.748473695130585 ], [ -84.406340877741343, 33.748451105487113 ], [ -84.406313841797783, 33.749348521170099 ], [ -84.407388621607595, 33.749371111575158 ], [ -84.407415646378524, 33.748473695130585 ] ] ] } },
{ "type": "Feature", "properties": { "tile_id": 82, "average_temperature": 35.3438, "min_temperature": 35.3438, "max_temperature": 35.3438, "tree_opportunity_percent": 0.0 }, "geometry": { "type": "Polygon", "coordinates": [ [ [ -84.406340877741343, 33.748451105487113 ], [ -84.405266110302236, 33.748428506500524 ], [ -84.405239063186087, 33.749325921421601 ], [ -84.406313841797783, 33.749348521170099 ], [ -84.406340877741343, 33.748451105487113 ] ] ] } },
{ "type": "Feature", "properties": { "tile_id": 83, "average_temperature": 35.3534, "min_temperature": 35.3534, "max_temperature": 35.3534, "tree_opportunity_percent": 0.0 }, "geometry": { "type": "Polygon", "coordinates": [ [ [ -84.405266110302236, 33.748428506500524 ], [ -84.404191344061672, 33.748405898170851 ], [ -84.404164285773007, 33.749303312329722 ], [ -84.405239063186087, 33.749325921421601 ], [ -84.405266110302236, 33.748428506500524 ] ] ] } },
{ "type": "Feature", "properties": { "tile_id": 84, "average_temperature": 35.3618, "min_temperature": 35.3618, "max_temperature": 35.3618, "tree_opportunity_percent": 0.0 }, "geometry": { "type": "Polygon", "coordinates": [ [ [ -84.404191344061672, 33.748405898170851 ], [ -84.403116579020192, 33.748383280498146 ], [ -84.403089509559038, 33.749280693894505 ], [ -84.404164285773007, 33.749303312329722 ], [ -84.404191344061672, 33.748405898170851 ] ] ] } },
{ "type": "Feature", "properties": { "tile_id": 85, "average_temperature": 35.3685, "min_temperature": 35.3685, "max_temperature": 35.3685, "tree_opportunity_percent": 0.0 }, "geometry": { "type": "Polygon", "coordinates": [ [ [ -84.403116579020192, 33.748383280498146 ], [ -84.402041815178265, 33.748360653482436 ], [ -84.402014734544665, 33.749258066115949 ], [ -84.403089509559038, 33.749280693894505 ], [ -84.403116579020192, 33.748383280498146 ] ] ] } },
{ "type": "Feature", "properties": { "tile_id": 86, "average_temperature": 35.3731, "min_temperature": 35.3731, "max_temperature": 35.3731, "tree_opportunity_percent": 0.0 }, "geometry": { "type": "Polygon", "coordinates": [ [ [ -84.402041815178265, 33.748360653482436 ], [ -84.400967052536359, 33.74833801712375 ], [ -84.400939960730398, 33.749235428994112 ], [ -84.402014734544665, 33.749258066115949 ], [ -84.402041815178265, 33.748360653482436 ] ] ] } },
{ "type": "Feature", "properties": { "tile_id": 87, "average_temperature": 35.3759, "min_temperature": 35.3759, "max_temperature": 35.3759, "tree_opportunity_percent": 0.0 }, "geometry": { "type": "Polygon", "coordinates": [ [ [ -84.400967052536373, 33.74833801712375 ], [ -84.399892291095028, 33.74831537142213 ], [ -84.399865188116721, 33.749212782529021 ], [ -84.400939960730398, 33.749235428994112 ], [ -84.400967052536373, 33.74833801712375 ] ] ] } },
{ "type": "Feature", "properties": { "tile_id": 88, "average_temperature": 35.377, "min_temperature": 35.377, "max_temperature": 35.377, "tree_opportunity_percent": 0.0 }, "geometry": { "type": "Polygon", "coordinates": [ [ [ -84.399892291095028, 33.74831537142213 ], [ -84.398817530854714, 33.748292716377605 ], [ -84.398790416704145, 33.749190126720713 ], [ -84.399865188116721, 33.749212782529021 ], [ -84.399892291095028, 33.74831537142213 ] ] ] } },
{ "type": "Feature", "properties": { "tile_id": 89, "average_temperature": 35.3768, "min_temperature": 35.3768, "max_temperature": 35.3768, "tree_opportunity_percent": 0.0 }, "geometry": { "type": "Polygon", "coordinates": [ [ [ -84.398817530854714, 33.748292716377605 ], [ -84.397742771815928, 33.748270051990204 ], [ -84.39771564649314, 33.749167461569215 ], [ -84.398790416704145, 33.749190126720713 ], [ -84.398817530854714, 33.748292716377605 ] ] ] } },
{ "type": "Feature", "properties": { "tile_id": 90, "average_temperature": 35.3756, "min_temperature": 35.3756, "max_temperature": 35.3756, "tree_opportunity_percent": 0.0 }, "geometry": { "type": "Polygon", "coordinates": [ [ [ -84.397742771815928, 33.748270051990204 ], [ -84.396668013979166, 33.748247378259975 ], [ -84.396640877484202, 33.74914478707457 ], [ -84.39771564649314, 33.749167461569215 ], [ -84.397742771815928, 33.748270051990204 ] ] ] } },
{ "type": "Feature", "properties": { "tile_id": 91, "average_temperature": 35.3738, "min_temperature": 35.3738, "max_temperature": 35.3738, "tree_opportunity_percent": 0.0 }, "geometry": { "type": "Polygon", "coordinates": [ [ [ -84.396668013979166, 33.748247378259975 ], [ -84.395593257344927, 33.748224695186941 ], [ -84.39556610967783, 33.749122103236814 ], [ -84.396640877484202, 33.74914478707457 ], [ -84.396668013979166, 33.748247378259975 ] ] ] } },
{ "type": "Feature", "properties": { "tile_id": 92, "average_temperature": 35.3718, "min_temperature": 35.3718, "max_temperature": 35.3718, "tree_opportunity_percent": 0.0 }, "geometry": { "type": "Polygon", "coordinates": [ [ [ -84.395593257344927, 33.748224695186941 ], [ -84.394518501913694, 33.748202002771158 ], [ -84.394491343074534, 33.74909941005599 ], [ -84.39556610967783, 33.749122103236814 ], [ -84.395593257344927, 33.748224695186941 ] ] ] } },
{ "type": "Feature", "properties": { "tile_id": 93, "average_temperature": 35.3698, "min_temperature": 35.3698, "max_temperature": 35.3698, "tree_opportunity_percent": 0.0 }, "geometry": { "type": "Polygon", "coordinates": [ [ [ -84.394518501913694, 33.748202002771158 ], [ -84.393443747685978, 33.748179301012634 ], [ -84.393416577674785, 33.749076707532112 ], [ -84.394491343074534, 33.74909941005599 ], [ -84.394518501913694, 33.748202002771158 ] ] ] } },
{ "type": "Feature", "properties": { "tile_id": 94, "average_temperature": 35.3683, "min_temperature": 35.3683, "max_temperature": 35.3683, "tree_opportunity_percent": 0.0 }, "geometry": { "type": "Polygon", "coordinates": [ [ [ -84.393443747685978, 33.748179301012634 ], [ -84.392368994662263, 33.748156589911417 ], [ -84.392341813479078, 33.749053995665236 ], [ -84.393416577674785, 33.749076707532112 ], [ -84.393443747685978, 33.748179301012634 ] ] ] } },
{ "type": "Feature", "properties": { "tile_id": 95, "average_temperature": 35.3678, "min_temperature": 35.3678, "max_temperature": 35.3678, "tree_opportunity_percent": 0.0 }, "geometry": { "type": "Polygon", "coordinates": [ [ [ -84.392368994662263, 33.748156589911417 ], [ -84.391294242843031, 33.748133869467551 ], [ -84.39126705048794, 33.749031274455376 ], [ -84.392341813479078, 33.749053995665236 ], [ -84.392368994662263, 33.748156589911417 ] ] ] } },
{ "type": "Feature", "properties": { "tile_id": 96, "average_temperature": 35.3685, "min_temperature": 35.3685, "max_temperature": 35.3685, "tree_opportunity_percent": 0.0 }, "geometry": { "type": "Polygon", "coordinates": [ [ [ -84.391294242843031, 33.748133869467551 ], [ -84.390219492228795, 33.748111139681058 ], [ -84.390192288701826, 33.749008543902583 ], [ -84.39126705048794, 33.749031274455376 ], [ -84.391294242843031, 33.748133869467551 ] ] ] } },
{ "type": "Feature", "properties": { "tile_id": 97, "average_temperature": 35.3704, "min_temperature": 35.3704, "max_temperature": 35.3704, "tree_opportunity_percent": 0.0 }, "geometry": { "type": "Polygon", "coordinates": [ [ [ -84.390219492228795, 33.748111139681058 ], [ -84.389144742820037, 33.748088400551964 ], [ -84.389117528121247, 33.748985804006885 ], [ -84.390192288701826, 33.749008543902583 ], [ -84.390219492228795, 33.748111139681058 ] ] ] } },
{ "type": "Feature", "properties": { "tile_id": 98, "average_temperature": 35.3729, "min_temperature": 35.3729, "max_temperature": 35.3729, "tree_opportunity_percent": 0.0 }, "geometry": { "type": "Polygon", "coordinates": [ [ [ -84.389144742820037, 33.748088400551964 ], [ -84.388069994617268, 33.748065652080328 ], [ -84.388042768746701, 33.748963054768325 ], [ -84.389117528121247, 33.748985804006885 ], [ -84.389144742820037, 33.748088400551964 ] ] ] } },
{ "type": "Feature", "properties": { "tile_id": 99, "average_temperature": 35.3757, "min_temperature": 35.3757, "max_temperature": 35.3757, "tree_opportunity_percent": 0.0 }, "geometry": { "type": "Polygon", "coordinates": [ [ [ -84.388069994617268, 33.748065652080328 ], [ -84.386995247620959, 33.748042894266177 ], [ -84.386968010578684, 33.748940296186916 ], [ -84.388042768746701, 33.748963054768325 ], [ -84.388069994617268, 33.748065652080328 ] ] ] } },
{ "type": "Feature", "properties": { "tile_id": 100, "average_temperature": 35.3782, "min_temperature": 35.3782, "max_temperature": 35.3782, "tree_opportunity_percent": 0.0 }, "geometry": { "type": "Polygon", "coordinates": [ [ [ -84.386995247620959, 33.748042894266177 ], [ -84.385920501831606, 33.748020127109548 ], [ -84.385893253617652, 33.74891752826273 ], [ -84.386968010578684, 33.748940296186916 ], [ -84.386995247620959, 33.748042894266177 ] ] ] } },
{ "type": "Feature", "properties": { "tile_id": 101, "average_temperature": 35.38, "min_temperature": 35.38, "max_temperature": 35.38, "tree_opportunity_percent": 0.0 }, "geometry": { "type": "Polygon", "coordinates": [ [ [ -84.385920501831606, 33.748020127109548 ], [ -84.384845757249735, 33.74799735061044 ], [ -84.38481849786416, 33.748894750995767 ], [ -84.385893253617652, 33.74891752826273 ], [ -84.385920501831606, 33.748020127109548 ] ] ] } },
{ "type": "Feature", "properties": { "tile_id": 102, "average_temperature": 35.3806, "min_temperature": 35.3806, "max_temperature": 35.3806, "tree_opportunity_percent": 0.0 }, "geometry": { "type": "Polygon", "coordinates": [ [ [ -84.384845757249735, 33.74799735061044 ], [ -84.383771013875801, 33.747974564768946 ], [ -84.383743743318661, 33.748871964386069 ], [ -84.38481849786416, 33.748894750995767 ], [ -84.384845757249735, 33.74799735061044 ] ] ] } },
{ "type": "Feature", "properties": { "tile_id": 103, "average_temperature": 35.3796, "min_temperature": 35.3796, "max_temperature": 35.3796, "tree_opportunity_percent": 0.0 }, "geometry": { "type": "Polygon", "coordinates": [ [ [ -84.383771013875801, 33.747974564768946 ], [ -84.382696271710316, 33.747951769585057 ], [ -84.382668989981653, 33.748849168433694 ], [ -84.383743743318661, 33.748871964386069 ], [ -84.383771013875801, 33.747974564768946 ] ] ] } },
{ "type": "Feature", "properties": { "tile_id": 104, "average_temperature": 35.3764, "min_temperature": 35.3764, "max_temperature": 35.3764, "tree_opportunity_percent": 0.0 }, "geometry": { "type": "Polygon", "coordinates": [ [ [ -84.382696271710316, 33.747951769585057 ], [ -84.381621530753762, 33.747928965058847 ], [ -84.381594237853662, 33.748826363138647 ], [ -84.382668989981653, 33.748849168433694 ], [ -84.382696271710316, 33.747951769585057 ] ] ] } },
{ "type": "Feature", "properties": { "tile_id": 105, "average_temperature": 35.3705, "min_temperature": 35.3705, "max_temperature": 35.3705, "tree_opportunity_percent": 0.0 }, "geometry": { "type": "Polygon", "coordinates": [ [ [ -84.381621530753762, 33.747928965058847 ], [ -84.380546791006665, 33.747906151190307 ], [ -84.380519486935128, 33.748803548500987 ], [ -84.381594237853662, 33.748826363138647 ], [ -84.381621530753762, 33.747928965058847 ] ] ] } },
{ "type": "Feature", "properties": { "tile_id": 106, "average_temperature": 35.3616, "min_temperature": 35.3616, "max_temperature": 35.3616, "tree_opportunity_percent": 0.0 }, "geometry": { "type": "Polygon", "coordinates": [ [ [ -84.380546791006665, 33.747906151190307 ], [ -84.379472052469481, 33.747883327979501 ], [ -84.379444737226592, 33.748780724520742 ], [ -84.380519486935128, 33.748803548500987 ], [ -84.380546791006665, 33.747906151190307 ] ] ] } },
{ "type": "Feature", "properties": { "tile_id": 107, "average_temperature": 35.3496, "min_temperature": 35.3496, "max_temperature": 35.3496, "tree_opportunity_percent": 0.0 }, "geometry": { "type": "Polygon", "coordinates": [ [ [ -84.379472052469481, 33.747883327979501 ], [ -84.378397315142735, 33.747860495426451 ], [ -84.378369988728537, 33.748757891197933 ], [ -84.379444737226592, 33.748780724520742 ], [ -84.379472052469481, 33.747883327979501 ] ] ] } },
{ "type": "Feature", "properties": { "tile_id": 108, "average_temperature": 35.3351, "min_temperature": 35.3351, "max_temperature": 35.3351, "tree_opportunity_percent": 0.0 }, "geometry": { "type": "Polygon", "coordinates": [ [ [ -84.378397315142735, 33.747860495426451 ], [ -84.377322579026895, 33.747837653531207 ], [ -84.377295241441431, 33.748735048532609 ], [ -84.378369988728537, 33.748757891197933 ], [ -84.378397315142735, 33.747860495426451 ] ] ] } },
{ "type": "Feature", "properties": { "tile_id": 109, "average_temperature": 35.3188, "min_temperature": 35.3188, "max_temperature": 35.3188, "tree_opportunity_percent": 0.0 }, "geometry": { "type": "Polygon", "coordinates": [ [ [ -84.377322579026895, 33.747837653531207 ], [ -84.376247844122474, 33.747814802293796 ], [ -84.3762204953658, 33.748712196524799 ], [ -84.377295241441431, 33.748735048532616 ], [ -84.377322579026895, 33.747837653531207 ] ] ] } },
{ "type": "Feature", "properties": { "tile_id": 110, "average_temperature": 35.3014, "min_temperature": 35.3014, "max_temperature": 35.3014, "tree_opportunity_percent": 0.0 }, "geometry": { "type": "Polygon", "coordinates": [ [ [ -84.376247844122474, 33.747814802293796 ], [ -84.375173110429941, 33.74779194171424 ], [ -84.375145750502114, 33.748689335174554 ], [ -84.3762204953658, 33.748712196524799 ], [ -84.376247844122474, 33.747814802293796 ] ] ] } },
{ "type": "Feature", "properties": { "tile_id": 111, "average_temperature": 35.3473, "min_temperature": 35.3473, "max_temperature": 35.3473, "tree_opportunity_percent": 0.0 }, "geometry": { "type": "Polygon", "coordinates": [ [ [ -84.414912113782208, 33.749528982791688 ], [ -84.413837325599374, 33.749506457791583 ], [ -84.413810366671683, 33.75040387864933 ], [ -84.414885166028, 33.75042640440882 ], [ -84.414912113782208, 33.749528982791688 ] ] ] } },
{ "type": "Feature", "properties": { "tile_id": 112, "average_temperature": 35.3482, "min_temperature": 35.3482, "max_temperature": 35.3482, "tree_opportunity_percent": 0.0 }, "geometry": { "type": "Polygon", "coordinates": [ [ [ -84.413837325599374, 33.749506457791583 ], [ -84.412762538611204, 33.749483923447812 ], [ -84.412735568510101, 33.750381343545854 ], [ -84.413810366671697, 33.75040387864933 ], [ -84.413837325599374, 33.749506457791583 ] ] ] } },
{ "type": "Feature", "properties": { "tile_id": 113, "average_temperature": 35.3497, "min_temperature": 35.3497, "max_temperature": 35.3497, "tree_opportunity_percent": 0.0 }, "geometry": { "type": "Polygon", "coordinates": [ [ [ -84.412762538611204, 33.749483923447812 ], [ -84.411687752818196, 33.749461379760412 ], [ -84.411660771543723, 33.750358799098414 ], [ -84.412735568510101, 33.750381343545854 ], [ -84.412762538611204, 33.749483923447812 ] ] ] } },
{ "type": "Feature", "properties": { "tile_id": 114, "average_temperature": 35.3518, "min_temperature": 35.3518, "max_temperature": 35.3518, "tree_opportunity_percent": 0.0 }, "geometry": { "type": "Polygon", "coordinates": [ [ [ -84.411687752818196, 33.749461379760412 ], [ -84.410612968220832, 33.749438826729403 ], [ -84.410585975773017, 33.750336245307082 ], [ -84.411660771543723, 33.750358799098414 ], [ -84.411687752818196, 33.749461379760412 ] ] ] } },
{ "type": "Feature", "properties": { "tile_id": 115, "average_temperature": 35.3543, "min_temperature": 35.3543, "max_temperature": 35.3543, "tree_opportunity_percent": 0.0 }, "geometry": { "type": "Polygon", "coordinates": [ [ [ -84.410612968220832, 33.749438826729403 ], [ -84.409538184819624, 33.749416264354842 ], [ -84.409511181198539, 33.750313682171857 ], [ -84.410585975773017, 33.750336245307082 ], [ -84.410612968220832, 33.749438826729403 ] ] ] } },
{ "type": "Feature", "properties": { "tile_id": 116, "average_temperature": 35.3572, "min_temperature": 35.3572, "max_temperature": 35.3572, "tree_opportunity_percent": 0.0 }, "geometry": { "type": "Polygon", "coordinates": [ [ [ -84.409538184819624, 33.749416264354842 ], [ -84.408463402615041, 33.749393692636737 ], [ -84.408436387820728, 33.750291109692796 ], [ -84.409511181198539, 33.750313682171857 ], [ -84.409538184819624, 33.749416264354842 ] ] ] } },
{ "type": "Feature", "properties": { "tile_id": 117, "average_temperature": 35.3603, "min_temperature": 35.3603, "max_temperature": 35.3603, "tree_opportunity_percent": 0.0 }, "geometry": { "type": "Polygon", "coordinates": [ [ [ -84.408463402615041, 33.749393692636737 ], [ -84.407388621607595, 33.749371111575144 ], [ -84.407361595640111, 33.750268527869913 ], [ -84.408436387820728, 33.750291109692796 ], [ -84.408463402615041, 33.749393692636737 ] ] ] } },
{ "type": "Feature", "properties": { "tile_id": 118, "average_temperature": 35.3636, "min_temperature": 35.3636, "max_temperature": 35.3636, "tree_opportunity_percent": 0.0 }, "geometry": { "type": "Polygon", "coordinates": [ [ [ -84.407388621607595, 33.749371111575144 ], [ -84.406313841797783, 33.749348521170091 ], [ -84.406286804657171, 33.750245936703273 ], [ -84.407361595640111, 33.750268527869913 ], [ -84.407388621607595, 33.749371111575144 ] ] ] } },
{ "type": "Feature", "properties": { "tile_id": 119, "average_temperature": 35.3668, "min_temperature": 35.3668, "max_temperature": 35.3668, "tree_opportunity_percent": 0.0 }, "geometry": { "type": "Polygon", "coordinates": [ [ [ -84.406313841797783, 33.749348521170091 ], [ -84.405239063186087, 33.749325921421601 ], [ -84.40521201487239, 33.750223336192875 ], [ -84.406286804657171, 33.750245936703273 ], [ -84.406313841797783, 33.749348521170091 ] ] ] } },
{ "type": "Feature", "properties": { "tile_id": 120, "average_temperature": 35.3699, "min_temperature": 35.3699, "max_temperature": 35.3699, "tree_opportunity_percent": 0.0 }, "geometry": { "type": "Polygon", "coordinates": [ [ [ -84.405239063186087, 33.749325921421601 ], [ -84.404164285773007, 33.749303312329722 ], [ -84.404137226286295, 33.750200726338775 ], [ -84.40521201487239, 33.750223336192875 ], [ -84.405239063186087, 33.749325921421601 ] ] ] } },
{ "type": "Feature", "properties": { "tile_id": 121, "average_temperature": 35.3725, "min_temperature": 35.3725, "max_temperature": 35.3725, "tree_opportunity_percent": 0.0 }, "geometry": { "type": "Polygon", "coordinates": [ [ [ -84.404164285773007, 33.749303312329722 ], [ -84.403089509559038, 33.749280693894498 ], [ -84.40306243889934, 33.750178107141011 ], [ -84.404137226286295, 33.750200726338775 ], [ -84.404164285773007, 33.749303312329722 ] ] ] } },
{ "type": "Feature", "properties": { "tile_id": 122, "average_temperature": 35.3745, "min_temperature": 35.3745, "max_temperature": 35.3745, "tree_opportunity_percent": 0.0 }, "geometry": { "type": "Polygon", "coordinates": [ [ [ -84.403089509559038, 33.749280693894498 ], [ -84.402014734544665, 33.749258066115942 ], [ -84.401987652712052, 33.750155478599595 ], [ -84.40306243889934, 33.750178107141011 ], [ -84.403089509559038, 33.749280693894498 ] ] ] } },
{ "type": "Feature", "properties": { "tile_id": 123, "average_temperature": 35.3757, "min_temperature": 35.3757, "max_temperature": 35.3757, "tree_opportunity_percent": 0.0 }, "geometry": { "type": "Polygon", "coordinates": [ [ [ -84.402014734544665, 33.749258066115942 ], [ -84.400939960730398, 33.749235428994112 ], [ -84.400912867724912, 33.750132840714585 ], [ -84.401987652712052, 33.750155478599595 ], [ -84.402014734544665, 33.749258066115942 ] ] ] } },
{ "type": "Feature", "properties": { "tile_id": 124, "average_temperature": 35.3762, "min_temperature": 35.3762, "max_temperature": 35.3762, "tree_opportunity_percent": 0.0 }, "geometry": { "type": "Polygon", "coordinates": [ [ [ -84.400939960730398, 33.749235428994112 ], [ -84.399865188116721, 33.749212782529014 ], [ -84.39983808393842, 33.750110193486009 ], [ -84.400912867724912, 33.750132840714585 ], [ -84.400939960730398, 33.749235428994112 ] ] ] } },
{ "type": "Feature", "properties": { "tile_id": 125, "average_temperature": 35.3761, "min_temperature": 35.3761, "max_temperature": 35.3761, "tree_opportunity_percent": 0.0 }, "geometry": { "type": "Polygon", "coordinates": [ [ [ -84.399865188116721, 33.749212782529014 ], [ -84.398790416704145, 33.749190126720706 ], [ -84.398763301353057, 33.75008753691391 ], [ -84.39983808393842, 33.750110193486009 ], [ -84.399865188116721, 33.749212782529014 ] ] ] } },
{ "type": "Feature", "properties": { "tile_id": 126, "average_temperature": 35.3755, "min_temperature": 35.3755, "max_temperature": 35.3755, "tree_opportunity_percent": 0.0 }, "geometry": { "type": "Polygon", "coordinates": [ [ [ -84.398790416704145, 33.749190126720706 ], [ -84.39771564649314, 33.749167461569215 ], [ -84.397688519969321, 33.750064870998301 ], [ -84.398763301353057, 33.75008753691391 ], [ -84.398790416704145, 33.749190126720706 ] ] ] } },
{ "type": "Feature", "properties": { "tile_id": 127, "average_temperature": 35.3746, "min_temperature": 35.3746, "max_temperature": 35.3746, "tree_opportunity_percent": 0.0 }, "geometry": { "type": "Polygon", "coordinates": [ [ [ -84.39771564649314, 33.749167461569215 ], [ -84.396640877484202, 33.74914478707457 ], [ -84.396613739787725, 33.750042195739226 ], [ -84.397688519969321, 33.750064870998301 ], [ -84.39771564649314, 33.749167461569215 ] ] ] } },
{ "type": "Feature", "properties": { "tile_id": 128, "average_temperature": 35.3736, "min_temperature": 35.3736, "max_temperature": 35.3736, "tree_opportunity_percent": 0.0 }, "geometry": { "type": "Polygon", "coordinates": [ [ [ -84.396640877484202, 33.74914478707457 ], [ -84.39556610967783, 33.749122103236814 ], [ -84.39553896080875, 33.750019511136735 ], [ -84.396613739787725, 33.750042195739226 ], [ -84.396640877484202, 33.74914478707457 ] ] ] } },
{ "type": "Feature", "properties": { "tile_id": 129, "average_temperature": 35.3728, "min_temperature": 35.3728, "max_temperature": 35.3728, "tree_opportunity_percent": 0.0 }, "geometry": { "type": "Polygon", "coordinates": [ [ [ -84.39556610967783, 33.749122103236814 ], [ -84.394491343074534, 33.749099410055983 ], [ -84.394464183032866, 33.749996817190855 ], [ -84.39553896080875, 33.750019511136735 ], [ -84.39556610967783, 33.749122103236814 ] ] ] } },
{ "type": "Feature", "properties": { "tile_id": 130, "average_temperature": 35.3722, "min_temperature": 35.3722, "max_temperature": 35.3722, "tree_opportunity_percent": 0.0 }, "geometry": { "type": "Polygon", "coordinates": [ [ [ -84.394491343074534, 33.749099410055983 ], [ -84.393416577674785, 33.749076707532112 ], [ -84.393389406460614, 33.749974113901608 ], [ -84.394464183032866, 33.749996817190855 ], [ -84.394491343074534, 33.749099410055983 ] ] ] } },
{ "type": "Feature", "properties": { "tile_id": 131, "average_temperature": 35.3722, "min_temperature": 35.3722, "max_temperature": 35.3722, "tree_opportunity_percent": 0.0 }, "geometry": { "type": "Polygon", "coordinates": [ [ [ -84.393416577674785, 33.749076707532112 ], [ -84.392341813479078, 33.749053995665228 ], [ -84.392314631092447, 33.749951401269044 ], [ -84.393389406460614, 33.749974113901608 ], [ -84.393416577674785, 33.749076707532112 ] ] ] } },
{ "type": "Feature", "properties": { "tile_id": 132, "average_temperature": 35.373, "min_temperature": 35.373, "max_temperature": 35.373, "tree_opportunity_percent": 0.0 }, "geometry": { "type": "Polygon", "coordinates": [ [ [ -84.392341813479078, 33.749053995665228 ], [ -84.39126705048794, 33.749031274455376 ], [ -84.391239856928877, 33.749928679293177 ], [ -84.392314631092447, 33.749951401269044 ], [ -84.392341813479078, 33.749053995665228 ] ] ] } },
{ "type": "Feature", "properties": { "tile_id": 133, "average_temperature": 35.3749, "min_temperature": 35.3749, "max_temperature": 35.3749, "tree_opportunity_percent": 0.0 }, "geometry": { "type": "Polygon", "coordinates": [ [ [ -84.39126705048794, 33.749031274455376 ], [ -84.390192288701826, 33.749008543902576 ], [ -84.390165083970402, 33.749905947974078 ], [ -84.391239856928877, 33.749928679293177 ], [ -84.39126705048794, 33.749031274455376 ] ] ] } },
{ "type": "Feature", "properties": { "tile_id": 134, "average_temperature": 35.3775, "min_temperature": 35.3775, "max_temperature": 35.3775, "tree_opportunity_percent": 0.0 }, "geometry": { "type": "Polygon", "coordinates": [ [ [ -84.390192288701826, 33.749008543902576 ], [ -84.389117528121247, 33.748985804006871 ], [ -84.389090312217505, 33.74988320731174 ], [ -84.390165083970402, 33.749905947974078 ], [ -84.390192288701826, 33.749008543902576 ] ] ] } },
{ "type": "Feature", "properties": { "tile_id": 135, "average_temperature": 35.3806, "min_temperature": 35.3806, "max_temperature": 35.3806, "tree_opportunity_percent": 0.0 }, "geometry": { "type": "Polygon", "coordinates": [ [ [ -84.389117528121247, 33.748985804006871 ], [ -84.388042768746701, 33.748963054768318 ], [ -84.388015541670697, 33.749860457306241 ], [ -84.389090312217519, 33.74988320731174 ], [ -84.389117528121247, 33.748985804006871 ] ] ] } },
{ "type": "Feature", "properties": { "tile_id": 136, "average_temperature": 35.3836, "min_temperature": 35.3836, "max_temperature": 35.3836, "tree_opportunity_percent": 0.0 }, "geometry": { "type": "Polygon", "coordinates": [ [ [ -84.388042768746701, 33.748963054768318 ], [ -84.386968010578684, 33.748940296186902 ], [ -84.386940772330462, 33.749837697957574 ], [ -84.388015541670697, 33.749860457306241 ], [ -84.388042768746701, 33.748963054768318 ] ] ] } },
{ "type": "Feature", "properties": { "tile_id": 137, "average_temperature": 35.3862, "min_temperature": 35.3862, "max_temperature": 35.3862, "tree_opportunity_percent": 0.0 }, "geometry": { "type": "Polygon", "coordinates": [ [ [ -84.386968010578684, 33.748940296186902 ], [ -84.385893253617652, 33.748917528262723 ], [ -84.385866004197283, 33.749814929265803 ], [ -84.386940772330462, 33.749837697957574 ], [ -84.386968010578684, 33.748940296186902 ] ] ] } },
{ "type": "Feature", "properties": { "tile_id": 138, "average_temperature": 35.3879, "min_temperature": 35.3879, "max_temperature": 35.3879, "tree_opportunity_percent": 0.0 }, "geometry": { "type": "Polygon", "coordinates": [ [ [ -84.385893253617652, 33.748917528262723 ], [ -84.38481849786416, 33.74889475099576 ], [ -84.384791237271671, 33.749792151230963 ], [ -84.385866004197283, 33.749814929265803 ], [ -84.385893253617652, 33.748917528262723 ] ] ] } },
{ "type": "Feature", "properties": { "tile_id": 139, "average_temperature": 35.3881, "min_temperature": 35.3881, "max_temperature": 35.3881, "tree_opportunity_percent": 0.0 }, "geometry": { "type": "Polygon", "coordinates": [ [ [ -84.38481849786416, 33.74889475099576 ], [ -84.383743743318661, 33.748871964386062 ], [ -84.383716471554109, 33.749769363853069 ], [ -84.384791237271671, 33.749792151230963 ], [ -84.38481849786416, 33.74889475099576 ] ] ] } },
{ "type": "Feature", "properties": { "tile_id": 140, "average_temperature": 35.3866, "min_temperature": 35.3866, "max_temperature": 35.3866, "tree_opportunity_percent": 0.0 }, "geometry": { "type": "Polygon", "coordinates": [ [ [ -84.383743743318661, 33.748871964386062 ], [ -84.382668989981653, 33.748849168433679 ], [ -84.38264170704511, 33.749746567132171 ], [ -84.383716471554123, 33.749769363853069 ], [ -84.383743743318661, 33.748871964386062 ] ] ] } },
{ "type": "Feature", "properties": { "tile_id": 141, "average_temperature": 35.3828, "min_temperature": 35.3828, "max_temperature": 35.3828, "tree_opportunity_percent": 0.0 }, "geometry": { "type": "Polygon", "coordinates": [ [ [ -84.382668989981653, 33.748849168433679 ], [ -84.381594237853662, 33.748826363138633 ], [ -84.381566943745142, 33.749723761068289 ], [ -84.38264170704511, 33.749746567132171 ], [ -84.382668989981653, 33.748849168433679 ] ] ] } },
{ "type": "Feature", "properties": { "tile_id": 142, "average_temperature": 35.3763, "min_temperature": 35.3763, "max_temperature": 35.3763, "tree_opportunity_percent": 0.0 }, "geometry": { "type": "Polygon", "coordinates": [ [ [ -84.381594237853662, 33.748826363138633 ], [ -84.380519486935128, 33.74880354850098 ], [ -84.380492181654716, 33.749700945661495 ], [ -84.381566943745142, 33.749723761068289 ], [ -84.381594237853662, 33.748826363138633 ] ] ] } },
{ "type": "Feature", "properties": { "tile_id": 143, "average_temperature": 35.3667, "min_temperature": 35.3667, "max_temperature": 35.3667, "tree_opportunity_percent": 0.0 }, "geometry": { "type": "Polygon", "coordinates": [ [ [ -84.380519486935128, 33.74880354850098 ], [ -84.379444737226592, 33.748780724520735 ], [ -84.379417420774303, 33.749678120911781 ], [ -84.380492181654716, 33.749700945661495 ], [ -84.380519486935128, 33.74880354850098 ] ] ] } },
{ "type": "Feature", "properties": { "tile_id": 144, "average_temperature": 35.354, "min_temperature": 35.354, "max_temperature": 35.354, "tree_opportunity_percent": 0.0 }, "geometry": { "type": "Polygon", "coordinates": [ [ [ -84.379444737226592, 33.748780724520735 ], [ -84.378369988728537, 33.748757891197926 ], [ -84.37834266110444, 33.749655286819191 ], [ -84.379417420774303, 33.749678120911781 ], [ -84.379444737226592, 33.748780724520735 ] ] ] } },
{ "type": "Feature", "properties": { "tile_id": 145, "average_temperature": 35.3388, "min_temperature": 35.3388, "max_temperature": 35.3388, "tree_opportunity_percent": 0.0 }, "geometry": { "type": "Polygon", "coordinates": [ [ [ -84.378369988728537, 33.748757891197926 ], [ -84.377295241441431, 33.748735048532602 ], [ -84.377267902645599, 33.749632443383788 ], [ -84.37834266110444, 33.749655286819191 ], [ -84.378369988728537, 33.748757891197926 ] ] ] } },
{ "type": "Feature", "properties": { "tile_id": 146, "average_temperature": 35.3218, "min_temperature": 35.3218, "max_temperature": 35.3218, "tree_opportunity_percent": 0.0 }, "geometry": { "type": "Polygon", "coordinates": [ [ [ -84.377295241441431, 33.748735048532609 ], [ -84.3762204953658, 33.748712196524799 ], [ -84.376193145398247, 33.74960959060558 ], [ -84.377267902645599, 33.749632443383788 ], [ -84.377295241441431, 33.748735048532609 ] ] ] } },
{ "type": "Feature", "properties": { "tile_id": 147, "average_temperature": 35.3037, "min_temperature": 35.3037, "max_temperature": 35.3037, "tree_opportunity_percent": 0.0 }, "geometry": { "type": "Polygon", "coordinates": [ [ [ -84.3762204953658, 33.748712196524799 ], [ -84.375145750502114, 33.748689335174554 ], [ -84.375118389362925, 33.749586728484616 ], [ -84.376193145398247, 33.74960959060558 ], [ -84.3762204953658, 33.748712196524799 ] ] ] } },
{ "type": "Feature", "properties": { "tile_id": 148, "average_temperature": 35.4263, "min_temperature": 35.4263, "max_temperature": 35.4263, "tree_opportunity_percent": 0.0 }, "geometry": { "type": "Polygon", "coordinates": [ [ [ -84.414885166028, 33.75042640440882 ], [ -84.413810366671683, 33.75040387864933 ], [ -84.413783406550365, 33.751301299357394 ], [ -84.414858217080663, 33.751323825876284 ], [ -84.414885166028, 33.75042640440882 ] ] ] } },
{ "type": "Feature", "properties": { "tile_id": 149, "average_temperature": 35.4211, "min_temperature": 35.4211, "max_temperature": 35.4211, "tree_opportunity_percent": 0.0 }, "geometry": { "type": "Polygon", "coordinates": [ [ [ -84.413810366671697, 33.75040387864933 ], [ -84.412735568510101, 33.750381343545854 ], [ -84.412708597214845, 33.751278763494192 ], [ -84.413783406550365, 33.751301299357394 ], [ -84.413810366671697, 33.75040387864933 ] ] ] } },
{ "type": "Feature", "properties": { "tile_id": 150, "average_temperature": 35.4158, "min_temperature": 35.4158, "max_temperature": 35.4158, "tree_opportunity_percent": 0.0 }, "geometry": { "type": "Polygon", "coordinates": [ [ [ -84.412735568510101, 33.750381343545854 ], [ -84.411660771543723, 33.750358799098414 ], [ -84.4116337890746, 33.75125621828672 ], [ -84.412708597214845, 33.751278763494192 ], [ -84.412735568510101, 33.750381343545854 ] ] ] } },
{ "type": "Feature", "properties": { "tile_id": 151, "average_temperature": 35.4106, "min_temperature": 35.4106, "max_temperature": 35.4106, "tree_opportunity_percent": 0.0 }, "geometry": { "type": "Polygon", "coordinates": [ [ [ -84.411660771543723, 33.750358799098414 ], [ -84.410585975773017, 33.750336245307082 ], [ -84.410558982130098, 33.751233663735022 ], [ -84.4116337890746, 33.75125621828672 ], [ -84.411660771543723, 33.750358799098414 ] ] ] } },
{ "type": "Feature", "properties": { "tile_id": 152, "average_temperature": 35.4055, "min_temperature": 35.4055, "max_temperature": 35.4055, "tree_opportunity_percent": 0.0 }, "geometry": { "type": "Polygon", "coordinates": [ [ [ -84.410585975773017, 33.750336245307082 ], [ -84.409511181198539, 33.750313682171857 ], [ -84.409484176381824, 33.751211099839139 ], [ -84.410558982130098, 33.751233663735022 ], [ -84.410585975773017, 33.750336245307082 ] ] ] } },
{ "type": "Feature", "properties": { "tile_id": 153, "average_temperature": 35.4007, "min_temperature": 35.4007, "max_temperature": 35.4007, "tree_opportunity_percent": 0.0 }, "geometry": { "type": "Polygon", "coordinates": [ [ [ -84.409511181198539, 33.750313682171857 ], [ -84.408436387820728, 33.750291109692796 ], [ -84.408409371830302, 33.751188526599094 ], [ -84.409484176381824, 33.751211099839139 ], [ -84.409511181198539, 33.750313682171857 ] ] ] } },
{ "type": "Feature", "properties": { "tile_id": 154, "average_temperature": 35.3963, "min_temperature": 35.3963, "max_temperature": 35.3963, "tree_opportunity_percent": 0.0 }, "geometry": { "type": "Polygon", "coordinates": [ [ [ -84.408436387820728, 33.750291109692796 ], [ -84.407361595640111, 33.750268527869913 ], [ -84.407334568476017, 33.751165944014915 ], [ -84.408409371830302, 33.751188526599094 ], [ -84.408436387820728, 33.750291109692796 ] ] ] } },
{ "type": "Feature", "properties": { "tile_id": 155, "average_temperature": 35.3922, "min_temperature": 35.3922, "max_temperature": 35.3922, "tree_opportunity_percent": 0.0 }, "geometry": { "type": "Polygon", "coordinates": [ [ [ -84.407361595640111, 33.750268527869913 ], [ -84.406286804657171, 33.750245936703273 ], [ -84.406259766319451, 33.751143352086658 ], [ -84.407334568476017, 33.751165944014915 ], [ -84.407361595640111, 33.750268527869913 ] ] ] } },
{ "type": "Feature", "properties": { "tile_id": 156, "average_temperature": 35.3885, "min_temperature": 35.3885, "max_temperature": 35.3885, "tree_opportunity_percent": 0.0 }, "geometry": { "type": "Polygon", "coordinates": [ [ [ -84.406286804657171, 33.750245936703273 ], [ -84.40521201487239, 33.750223336192875 ], [ -84.405184965361116, 33.751120750814337 ], [ -84.406259766319451, 33.751143352086658 ], [ -84.406286804657171, 33.750245936703273 ] ] ] } },
{ "type": "Feature", "properties": { "tile_id": 157, "average_temperature": 35.3853, "min_temperature": 35.3853, "max_temperature": 35.3853, "tree_opportunity_percent": 0.0 }, "geometry": { "type": "Polygon", "coordinates": [ [ [ -84.40521201487239, 33.750223336192875 ], [ -84.404137226286295, 33.750200726338775 ], [ -84.404110165601494, 33.751098140197996 ], [ -84.405184965361116, 33.751120750814337 ], [ -84.40521201487239, 33.750223336192875 ] ] ] } },
{ "type": "Feature", "properties": { "tile_id": 158, "average_temperature": 35.3825, "min_temperature": 35.3825, "max_temperature": 35.3825, "tree_opportunity_percent": 0.0 }, "geometry": { "type": "Polygon", "coordinates": [ [ [ -84.404137226286295, 33.750200726338775 ], [ -84.40306243889934, 33.750178107141011 ], [ -84.403035367041085, 33.751075520237677 ], [ -84.404110165601494, 33.751098140197996 ], [ -84.404137226286295, 33.750200726338775 ] ] ] } },
{ "type": "Feature", "properties": { "tile_id": 159, "average_temperature": 35.3801, "min_temperature": 35.3801, "max_temperature": 35.3801, "tree_opportunity_percent": 0.0 }, "geometry": { "type": "Polygon", "coordinates": [ [ [ -84.40306243889934, 33.750178107141011 ], [ -84.401987652712052, 33.750155478599595 ], [ -84.401960569680369, 33.751052890933394 ], [ -84.403035367041085, 33.751075520237677 ], [ -84.40306243889934, 33.750178107141011 ] ] ] } },
{ "type": "Feature", "properties": { "tile_id": 160, "average_temperature": 35.3781, "min_temperature": 35.3781, "max_temperature": 35.3781, "tree_opportunity_percent": 0.0 }, "geometry": { "type": "Polygon", "coordinates": [ [ [ -84.401987652712052, 33.750155478599595 ], [ -84.400912867724912, 33.750132840714585 ], [ -84.40088577351986, 33.751030252285204 ], [ -84.401960569680369, 33.751052890933394 ], [ -84.401987652712052, 33.750155478599595 ] ] ] } },
{ "type": "Feature", "properties": { "tile_id": 161, "average_temperature": 35.3765, "min_temperature": 35.3765, "max_temperature": 35.3765, "tree_opportunity_percent": 0.0 }, "geometry": { "type": "Polygon", "coordinates": [ [ [ -84.400912867724912, 33.750132840714585 ], [ -84.39983808393842, 33.750110193486009 ], [ -84.399810978560055, 33.751007604293129 ], [ -84.40088577351986, 33.751030252285204 ], [ -84.400912867724912, 33.750132840714585 ] ] ] } },
{ "type": "Feature", "properties": { "tile_id": 162, "average_temperature": 35.3752, "min_temperature": 35.3752, "max_temperature": 35.3752, "tree_opportunity_percent": 0.0 }, "geometry": { "type": "Polygon", "coordinates": [ [ [ -84.39983808393842, 33.750110193486009 ], [ -84.398763301353057, 33.75008753691391 ], [ -84.398736184801436, 33.750984946957203 ], [ -84.399810978560055, 33.751007604293129 ], [ -84.39983808393842, 33.750110193486009 ] ] ] } },
{ "type": "Feature", "properties": { "tile_id": 163, "average_temperature": 35.3742, "min_temperature": 35.3742, "max_temperature": 35.3742, "tree_opportunity_percent": 0.0 }, "geometry": { "type": "Polygon", "coordinates": [ [ [ -84.398763301353057, 33.75008753691391 ], [ -84.397688519969321, 33.750064870998301 ], [ -84.397661392244487, 33.75096228027747 ], [ -84.398736184801436, 33.750984946957203 ], [ -84.398763301353057, 33.75008753691391 ] ] ] } },
{ "type": "Feature", "properties": { "tile_id": 164, "average_temperature": 35.3737, "min_temperature": 35.3737, "max_temperature": 35.3737, "tree_opportunity_percent": 0.0 }, "geometry": { "type": "Polygon", "coordinates": [ [ [ -84.397688519969321, 33.750064870998301 ], [ -84.396613739787725, 33.750042195739226 ], [ -84.396586600889705, 33.750939604253965 ], [ -84.397661392244487, 33.75096228027747 ], [ -84.397688519969321, 33.750064870998301 ] ] ] } },
{ "type": "Feature", "properties": { "tile_id": 165, "average_temperature": 35.3735, "min_temperature": 35.3735, "max_temperature": 35.3735, "tree_opportunity_percent": 0.0 }, "geometry": { "type": "Polygon", "coordinates": [ [ [ -84.396613739787725, 33.750042195739226 ], [ -84.39553896080875, 33.750019511136735 ], [ -84.395511810737617, 33.750916918886716 ], [ -84.396586600889705, 33.750939604253965 ], [ -84.396613739787725, 33.750042195739226 ] ] ] } },
{ "type": "Feature", "properties": { "tile_id": 166, "average_temperature": 35.3738, "min_temperature": 35.3738, "max_temperature": 35.3738, "tree_opportunity_percent": 0.0 }, "geometry": { "type": "Polygon", "coordinates": [ [ [ -84.39553896080875, 33.750019511136735 ], [ -84.394464183032866, 33.749996817190855 ], [ -84.394437021788676, 33.750894224175752 ], [ -84.395511810737617, 33.750916918886716 ], [ -84.39553896080875, 33.750019511136735 ] ] ] } },
{ "type": "Feature", "properties": { "tile_id": 167, "average_temperature": 35.3747, "min_temperature": 35.3747, "max_temperature": 35.3747, "tree_opportunity_percent": 0.0 }, "geometry": { "type": "Polygon", "coordinates": [ [ [ -84.394464183032866, 33.749996817190855 ], [ -84.393389406460614, 33.749974113901608 ], [ -84.393362234043408, 33.750871520121116 ], [ -84.394437021788676, 33.750894224175752 ], [ -84.394464183032866, 33.749996817190855 ] ] ] } },
{ "type": "Feature", "properties": { "tile_id": 168, "average_temperature": 35.3761, "min_temperature": 35.3761, "max_temperature": 35.3761, "tree_opportunity_percent": 0.0 }, "geometry": { "type": "Polygon", "coordinates": [ [ [ -84.393389406460614, 33.749974113901608 ], [ -84.392314631092447, 33.749951401269044 ], [ -84.392287447502284, 33.75084880672285 ], [ -84.393362234043408, 33.750871520121116 ], [ -84.393389406460614, 33.749974113901608 ] ] ] } },
{ "type": "Feature", "properties": { "tile_id": 169, "average_temperature": 35.3782, "min_temperature": 35.3782, "max_temperature": 35.3782, "tree_opportunity_percent": 0.0 }, "geometry": { "type": "Polygon", "coordinates": [ [ [ -84.392314631092447, 33.749951401269044 ], [ -84.391239856928877, 33.749928679293177 ], [ -84.391212662165799, 33.750826083980975 ], [ -84.392287447502284, 33.75084880672285 ], [ -84.392314631092447, 33.749951401269044 ] ] ] } },
{ "type": "Feature", "properties": { "tile_id": 170, "average_temperature": 35.3811, "min_temperature": 35.3811, "max_temperature": 35.3811, "tree_opportunity_percent": 0.0 }, "geometry": { "type": "Polygon", "coordinates": [ [ [ -84.391239856928877, 33.749928679293177 ], [ -84.390165083970402, 33.749905947974078 ], [ -84.390137878034466, 33.750803351895541 ], [ -84.391212662165799, 33.750826083980975 ], [ -84.391239856928877, 33.749928679293177 ] ] ] } },
{ "type": "Feature", "properties": { "tile_id": 171, "average_temperature": 35.3846, "min_temperature": 35.3846, "max_temperature": 35.3846, "tree_opportunity_percent": 0.0 }, "geometry": { "type": "Polygon", "coordinates": [ [ [ -84.390165083970402, 33.749905947974078 ], [ -84.389090312217505, 33.74988320731174 ], [ -84.389063095108767, 33.75078061046657 ], [ -84.390137878034466, 33.750803351895541 ], [ -84.390165083970402, 33.749905947974078 ] ] ] } },
{ "type": "Feature", "properties": { "tile_id": 172, "average_temperature": 35.3882, "min_temperature": 35.3882, "max_temperature": 35.3882, "tree_opportunity_percent": 0.0 }, "geometry": { "type": "Polygon", "coordinates": [ [ [ -84.389090312217519, 33.74988320731174 ], [ -84.388015541670697, 33.749860457306241 ], [ -84.387988313389201, 33.750757859694104 ], [ -84.389063095108767, 33.75078061046657 ], [ -84.389090312217519, 33.74988320731174 ] ] ] } },
{ "type": "Feature", "properties": { "tile_id": 173, "average_temperature": 35.3915, "min_temperature": 35.3915, "max_temperature": 35.3915, "tree_opportunity_percent": 0.0 }, "geometry": { "type": "Polygon", "coordinates": [ [ [ -84.388015541670697, 33.749860457306241 ], [ -84.386940772330462, 33.749837697957574 ], [ -84.38691353287625, 33.750735099578172 ], [ -84.387988313389201, 33.750757859694104 ], [ -84.388015541670697, 33.749860457306241 ] ] ] } },
{ "type": "Feature", "properties": { "tile_id": 174, "average_temperature": 35.3941, "min_temperature": 35.3941, "max_temperature": 35.3941, "tree_opportunity_percent": 0.0 }, "geometry": { "type": "Polygon", "coordinates": [ [ [ -84.386940772330462, 33.749837697957574 ], [ -84.385866004197283, 33.749814929265803 ], [ -84.385838753570425, 33.750712330118809 ], [ -84.38691353287625, 33.750735099578172 ], [ -84.386940772330462, 33.749837697957574 ] ] ] } },
{ "type": "Feature", "properties": { "tile_id": 175, "average_temperature": 35.3956, "min_temperature": 35.3956, "max_temperature": 35.3956, "tree_opportunity_percent": 0.0 }, "geometry": { "type": "Polygon", "coordinates": [ [ [ -84.385866004197283, 33.749814929265803 ], [ -84.384791237271671, 33.749792151230963 ], [ -84.384763975472197, 33.75068955131605 ], [ -84.385838753570425, 33.750712330118809 ], [ -84.385866004197283, 33.749814929265803 ] ] ] } },
{ "type": "Feature", "properties": { "tile_id": 176, "average_temperature": 35.3956, "min_temperature": 35.3956, "max_temperature": 35.3956, "tree_opportunity_percent": 0.0 }, "geometry": { "type": "Polygon", "coordinates": [ [ [ -84.384791237271671, 33.749792151230963 ], [ -84.383716471554109, 33.749769363853069 ], [ -84.38368919858209, 33.750666763169953 ], [ -84.384763975472197, 33.75068955131605 ], [ -84.384791237271671, 33.749792151230963 ] ] ] } },
{ "type": "Feature", "properties": { "tile_id": 177, "average_temperature": 35.3936, "min_temperature": 35.3936, "max_temperature": 35.3936, "tree_opportunity_percent": 0.0 }, "geometry": { "type": "Polygon", "coordinates": [ [ [ -84.383716471554123, 33.749769363853069 ], [ -84.38264170704511, 33.749746567132171 ], [ -84.382614422900588, 33.750643965680524 ], [ -84.38368919858209, 33.750666763169953 ], [ -84.383716471554123, 33.749769363853069 ] ] ] } },
{ "type": "Feature", "properties": { "tile_id": 178, "average_temperature": 35.3892, "min_temperature": 35.3892, "max_temperature": 35.3892, "tree_opportunity_percent": 0.0 }, "geometry": { "type": "Polygon", "coordinates": [ [ [ -84.38264170704511, 33.749746567132171 ], [ -84.381566943745142, 33.749723761068289 ], [ -84.381539648428159, 33.750621158847807 ], [ -84.382614422900588, 33.750643965680524 ], [ -84.38264170704511, 33.749746567132171 ] ] ] } },
{ "type": "Feature", "properties": { "tile_id": 179, "average_temperature": 35.3821, "min_temperature": 35.3821, "max_temperature": 35.3821, "tree_opportunity_percent": 0.0 }, "geometry": { "type": "Polygon", "coordinates": [ [ [ -84.381566943745142, 33.749723761068289 ], [ -84.380492181654716, 33.749700945661495 ], [ -84.38046487516533, 33.750598342671836 ], [ -84.381539648428159, 33.750621158847807 ], [ -84.381566943745142, 33.749723761068289 ] ] ] } },
{ "type": "Feature", "properties": { "tile_id": 180, "average_temperature": 35.3717, "min_temperature": 35.3717, "max_temperature": 35.3717, "tree_opportunity_percent": 0.0 }, "geometry": { "type": "Polygon", "coordinates": [ [ [ -84.380492181654716, 33.749700945661495 ], [ -84.379417420774303, 33.749678120911781 ], [ -84.379390103112584, 33.750575517152647 ], [ -84.38046487516533, 33.750598342671836 ], [ -84.380492181654716, 33.749700945661495 ] ] ] } },
{ "type": "Feature", "properties": { "tile_id": 181, "average_temperature": 35.3583, "min_temperature": 35.3583, "max_temperature": 35.3583, "tree_opportunity_percent": 0.0 }, "geometry": { "type": "Polygon", "coordinates": [ [ [ -84.379417420774303, 33.749678120911781 ], [ -84.37834266110444, 33.749655286819191 ], [ -84.378315332270418, 33.75055268229027 ], [ -84.379390103112584, 33.750575517152647 ], [ -84.379417420774303, 33.749678120911781 ] ] ] } },
{ "type": "Feature", "properties": { "tile_id": 182, "average_temperature": 35.3424, "min_temperature": 35.3424, "max_temperature": 35.3424, "tree_opportunity_percent": 0.0 }, "geometry": { "type": "Polygon", "coordinates": [ [ [ -84.37834266110444, 33.749655286819191 ], [ -84.377267902645599, 33.749632443383788 ], [ -84.377240562639315, 33.750529838084759 ], [ -84.378315332270418, 33.75055268229027 ], [ -84.37834266110444, 33.749655286819191 ] ] ] } },
{ "type": "Feature", "properties": { "tile_id": 183, "average_temperature": 35.3248, "min_temperature": 35.3248, "max_temperature": 35.3248, "tree_opportunity_percent": 0.0 }, "geometry": { "type": "Polygon", "coordinates": [ [ [ -84.377267902645599, 33.749632443383788 ], [ -84.376193145398247, 33.74960959060558 ], [ -84.376165794219773, 33.750506984536131 ], [ -84.377240562639315, 33.750529838084759 ], [ -84.377267902645599, 33.749632443383788 ] ] ] } },
{ "type": "Feature", "properties": { "tile_id": 184, "average_temperature": 35.306, "min_temperature": 35.306, "max_temperature": 35.306, "tree_opportunity_percent": 0.0 }, "geometry": { "type": "Polygon", "coordinates": [ [ [ -84.376193145398247, 33.74960959060558 ], [ -84.375118389362925, 33.749586728484616 ], [ -84.375091027012303, 33.750484121644426 ], [ -84.376165794219773, 33.750506984536131 ], [ -84.376193145398247, 33.74960959060558 ] ] ] } },
{ "type": "Feature", "properties": { "tile_id": 185, "average_temperature": 35.4945, "min_temperature": 35.4945, "max_temperature": 35.4945, "tree_opportunity_percent": 0.0 }, "geometry": { "type": "Polygon", "coordinates": [ [ [ -84.414858217080663, 33.751323825876277 ], [ -84.413783406550365, 33.75130129935738 ], [ -84.41375644523535, 33.752198719915754 ], [ -84.414831266940098, 33.752221247194079 ], [ -84.414858217080663, 33.751323825876277 ] ] ] } },
{ "type": "Feature", "properties": { "tile_id": 186, "average_temperature": 35.4841, "min_temperature": 35.4841, "max_temperature": 35.4841, "tree_opportunity_percent": 0.0 }, "geometry": { "type": "Polygon", "coordinates": [ [ [ -84.413783406550365, 33.75130129935738 ], [ -84.412708597214845, 33.751278763494184 ], [ -84.412681624725423, 33.752176183292818 ], [ -84.413756445235364, 33.752198719915754 ], [ -84.413783406550365, 33.75130129935738 ] ] ] } },
{ "type": "Feature", "properties": { "tile_id": 187, "average_temperature": 35.473, "min_temperature": 35.473, "max_temperature": 35.473, "tree_opportunity_percent": 0.0 }, "geometry": { "type": "Polygon", "coordinates": [ [ [ -84.412708597214859, 33.751278763494184 ], [ -84.4116337890746, 33.751256218286713 ], [ -84.411606805410798, 33.752153637325307 ], [ -84.412681624725423, 33.752176183292818 ], [ -84.412708597214859, 33.751278763494184 ] ] ] } },
{ "type": "Feature", "properties": { "tile_id": 188, "average_temperature": 35.4616, "min_temperature": 35.4616, "max_temperature": 35.4616, "tree_opportunity_percent": 0.0 }, "geometry": { "type": "Polygon", "coordinates": [ [ [ -84.4116337890746, 33.751256218286713 ], [ -84.410558982130098, 33.751233663735022 ], [ -84.410531987291975, 33.752131082013243 ], [ -84.411606805410798, 33.752153637325307 ], [ -84.4116337890746, 33.751256218286713 ] ] ] } },
{ "type": "Feature", "properties": { "tile_id": 189, "average_temperature": 35.45, "min_temperature": 35.45, "max_temperature": 35.45, "tree_opportunity_percent": 0.0 }, "geometry": { "type": "Polygon", "coordinates": [ [ [ -84.410558982130098, 33.751233663735022 ], [ -84.409484176381824, 33.751211099839132 ], [ -84.40945717036945, 33.752108517356675 ], [ -84.410531987291975, 33.752131082013243 ], [ -84.410558982130098, 33.751233663735022 ] ] ] } },
{ "type": "Feature", "properties": { "tile_id": 190, "average_temperature": 35.4386, "min_temperature": 35.4386, "max_temperature": 35.4386, "tree_opportunity_percent": 0.0 }, "geometry": { "type": "Polygon", "coordinates": [ [ [ -84.409484176381824, 33.751211099839132 ], [ -84.408409371830302, 33.751188526599087 ], [ -84.408382354643706, 33.752085943355631 ], [ -84.40945717036945, 33.752108517356675 ], [ -84.409484176381824, 33.751211099839132 ] ] ] } },
{ "type": "Feature", "properties": { "tile_id": 191, "average_temperature": 35.4275, "min_temperature": 35.4275, "max_temperature": 35.4275, "tree_opportunity_percent": 0.0 }, "geometry": { "type": "Polygon", "coordinates": [ [ [ -84.408409371830302, 33.751188526599087 ], [ -84.407334568476017, 33.751165944014907 ], [ -84.407307540115255, 33.752063360010141 ], [ -84.408382354643706, 33.752085943355631 ], [ -84.408409371830302, 33.751188526599087 ] ] ] } },
{ "type": "Feature", "properties": { "tile_id": 192, "average_temperature": 35.4171, "min_temperature": 35.4171, "max_temperature": 35.4171, "tree_opportunity_percent": 0.0 }, "geometry": { "type": "Polygon", "coordinates": [ [ [ -84.407334568476017, 33.751165944014907 ], [ -84.406259766319451, 33.75114335208665 ], [ -84.40623272678458, 33.752040767320253 ], [ -84.407307540115255, 33.752063360010141 ], [ -84.407334568476017, 33.751165944014907 ] ] ] } },
{ "type": "Feature", "properties": { "tile_id": 193, "average_temperature": 35.4074, "min_temperature": 35.4074, "max_temperature": 35.4074, "tree_opportunity_percent": 0.0 }, "geometry": { "type": "Polygon", "coordinates": [ [ [ -84.406259766319451, 33.75114335208665 ], [ -84.405184965361116, 33.751120750814337 ], [ -84.405157914652179, 33.752018165285989 ], [ -84.40623272678458, 33.752040767320253 ], [ -84.406259766319451, 33.75114335208665 ] ] ] } },
{ "type": "Feature", "properties": { "tile_id": 194, "average_temperature": 35.3987, "min_temperature": 35.3987, "max_temperature": 35.3987, "tree_opportunity_percent": 0.0 }, "geometry": { "type": "Polygon", "coordinates": [ [ [ -84.405184965361116, 33.751120750814337 ], [ -84.404110165601494, 33.751098140197996 ], [ -84.404083103718534, 33.751995553907392 ], [ -84.405157914652193, 33.752018165285989 ], [ -84.405184965361116, 33.751120750814337 ] ] ] } },
{ "type": "Feature", "properties": { "tile_id": 195, "average_temperature": 35.3912, "min_temperature": 35.3912, "max_temperature": 35.3912, "tree_opportunity_percent": 0.0 }, "geometry": { "type": "Polygon", "coordinates": [ [ [ -84.404110165601494, 33.751098140197996 ], [ -84.403035367041085, 33.751075520237677 ], [ -84.403008293984172, 33.751972933184497 ], [ -84.404083103718534, 33.751995553907392 ], [ -84.404110165601494, 33.751098140197996 ] ] ] } },
{ "type": "Feature", "properties": { "tile_id": 196, "average_temperature": 35.385, "min_temperature": 35.385, "max_temperature": 35.385, "tree_opportunity_percent": 0.0 }, "geometry": { "type": "Polygon", "coordinates": [ [ [ -84.403035367041085, 33.751075520237677 ], [ -84.401960569680369, 33.751052890933387 ], [ -84.401933485449547, 33.75195030311734 ], [ -84.403008293984186, 33.751972933184497 ], [ -84.403035367041085, 33.751075520237677 ] ] ] } },
{ "type": "Feature", "properties": { "tile_id": 197, "average_temperature": 35.3802, "min_temperature": 35.3802, "max_temperature": 35.3802, "tree_opportunity_percent": 0.0 }, "geometry": { "type": "Polygon", "coordinates": [ [ [ -84.401960569680369, 33.751052890933387 ], [ -84.40088577351986, 33.751030252285197 ], [ -84.400858678115185, 33.751927663705949 ], [ -84.401933485449547, 33.75195030311734 ], [ -84.401960569680369, 33.751052890933387 ] ] ] } },
{ "type": "Feature", "properties": { "tile_id": 198, "average_temperature": 35.3767, "min_temperature": 35.3767, "max_temperature": 35.3767, "tree_opportunity_percent": 0.0 }, "geometry": { "type": "Polygon", "coordinates": [ [ [ -84.40088577351986, 33.751030252285197 ], [ -84.399810978560055, 33.751007604293122 ], [ -84.399783871981569, 33.751905014950353 ], [ -84.400858678115185, 33.751927663705949 ], [ -84.40088577351986, 33.751030252285197 ] ] ] } },
{ "type": "Feature", "properties": { "tile_id": 199, "average_temperature": 35.3744, "min_temperature": 35.3744, "max_temperature": 35.3744, "tree_opportunity_percent": 0.0 }, "geometry": { "type": "Polygon", "coordinates": [ [ [ -84.399810978560055, 33.751007604293122 ], [ -84.398736184801436, 33.750984946957196 ], [ -84.398709067049182, 33.751882356850608 ], [ -84.399783871981569, 33.751905014950353 ], [ -84.399810978560055, 33.751007604293122 ] ] ] } },
{ "type": "Feature", "properties": { "tile_id": 200, "average_temperature": 35.3732, "min_temperature": 35.3732, "max_temperature": 35.3732, "tree_opportunity_percent": 0.0 }, "geometry": { "type": "Polygon", "coordinates": [ [ [ -84.398736184801436, 33.750984946957196 ], [ -84.397661392244487, 33.750962280277463 ], [ -84.397634263318523, 33.751859689406722 ], [ -84.398709067049182, 33.751882356850608 ], [ -84.398736184801436, 33.750984946957196 ] ] ] } },
{ "type": "Feature", "properties": { "tile_id": 201, "average_temperature": 35.3729, "min_temperature": 35.3729, "max_temperature": 35.3729, "tree_opportunity_percent": 0.0 }, "geometry": { "type": "Polygon", "coordinates": [ [ [ -84.397661392244487, 33.750962280277463 ], [ -84.396586600889705, 33.750939604253965 ], [ -84.396559460790101, 33.751837012618758 ], [ -84.397634263318523, 33.751859689406722 ], [ -84.397661392244487, 33.750962280277463 ] ] ] } },
{ "type": "Feature", "properties": { "tile_id": 202, "average_temperature": 35.3735, "min_temperature": 35.3735, "max_temperature": 35.3735, "tree_opportunity_percent": 0.0 }, "geometry": { "type": "Polygon", "coordinates": [ [ [ -84.396586600889705, 33.750939604253965 ], [ -84.395511810737617, 33.750916918886709 ], [ -84.395484659464401, 33.751814326486731 ], [ -84.396559460790101, 33.751837012618758 ], [ -84.396586600889705, 33.750939604253965 ] ] ] } },
{ "type": "Feature", "properties": { "tile_id": 203, "average_temperature": 35.3749, "min_temperature": 35.3749, "max_temperature": 35.3749, "tree_opportunity_percent": 0.0 }, "geometry": { "type": "Polygon", "coordinates": [ [ [ -84.395511810737617, 33.750916918886709 ], [ -84.394437021788676, 33.750894224175738 ], [ -84.394409859341906, 33.751791631010683 ], [ -84.395484659464401, 33.751814326486731 ], [ -84.395511810737617, 33.750916918886709 ] ] ] } },
{ "type": "Feature", "properties": { "tile_id": 204, "average_temperature": 35.3769, "min_temperature": 35.3769, "max_temperature": 35.3769, "tree_opportunity_percent": 0.0 }, "geometry": { "type": "Polygon", "coordinates": [ [ [ -84.394437021788676, 33.750894224175738 ], [ -84.393362234043408, 33.750871520121109 ], [ -84.393335060423126, 33.75176892619065 ], [ -84.394409859341906, 33.751791631010683 ], [ -84.394437021788676, 33.750894224175738 ] ] ] } },
{ "type": "Feature", "properties": { "tile_id": 205, "average_temperature": 35.3797, "min_temperature": 35.3797, "max_temperature": 35.3797, "tree_opportunity_percent": 0.0 }, "geometry": { "type": "Polygon", "coordinates": [ [ [ -84.393362234043408, 33.750871520121109 ], [ -84.392287447502284, 33.750848806722836 ], [ -84.392260262708547, 33.751746212026674 ], [ -84.393335060423126, 33.75176892619065 ], [ -84.393362234043408, 33.750871520121109 ] ] ] } },
{ "type": "Feature", "properties": { "tile_id": 206, "average_temperature": 35.383, "min_temperature": 35.383, "max_temperature": 35.383, "tree_opportunity_percent": 0.0 }, "geometry": { "type": "Polygon", "coordinates": [ [ [ -84.392287447502284, 33.750848806722836 ], [ -84.391212662165799, 33.750826083980968 ], [ -84.391185466198664, 33.751723488518763 ], [ -84.392260262708547, 33.751746212026674 ], [ -84.392287447502284, 33.750848806722836 ] ] ] } },
{ "type": "Feature", "properties": { "tile_id": 207, "average_temperature": 35.3869, "min_temperature": 35.3869, "max_temperature": 35.3869, "tree_opportunity_percent": 0.0 }, "geometry": { "type": "Polygon", "coordinates": [ [ [ -84.391212662165799, 33.750826083980968 ], [ -84.390137878034466, 33.750803351895534 ], [ -84.390110670893989, 33.751700755666981 ], [ -84.391185466198664, 33.751723488518763 ], [ -84.391212662165799, 33.750826083980968 ] ] ] } },
{ "type": "Feature", "properties": { "tile_id": 208, "average_temperature": 35.391, "min_temperature": 35.391, "max_temperature": 35.391, "tree_opportunity_percent": 0.0 }, "geometry": { "type": "Polygon", "coordinates": [ [ [ -84.390137878034466, 33.750803351895534 ], [ -84.389063095108767, 33.750780610466556 ], [ -84.389035876794978, 33.751678013471349 ], [ -84.390110670893989, 33.751700755666981 ], [ -84.390137878034466, 33.750803351895534 ] ] ] } },
{ "type": "Feature", "properties": { "tile_id": 209, "average_temperature": 35.3951, "min_temperature": 35.3951, "max_temperature": 35.3951, "tree_opportunity_percent": 0.0 }, "geometry": { "type": "Polygon", "coordinates": [ [ [ -84.389063095108767, 33.750780610466556 ], [ -84.387988313389201, 33.75075785969409 ], [ -84.387961083902155, 33.751655261931909 ], [ -84.389035876794978, 33.751678013471349 ], [ -84.389063095108767, 33.750780610466556 ] ] ] } },
{ "type": "Feature", "properties": { "tile_id": 210, "average_temperature": 35.3986, "min_temperature": 35.3986, "max_temperature": 35.3986, "tree_opportunity_percent": 0.0 }, "geometry": { "type": "Polygon", "coordinates": [ [ [ -84.387988313389201, 33.75075785969409 ], [ -84.38691353287625, 33.750735099578158 ], [ -84.386886292216019, 33.751632501048675 ], [ -84.387961083902169, 33.751655261931909 ], [ -84.387988313389201, 33.75075785969409 ] ] ] } },
{ "type": "Feature", "properties": { "tile_id": 211, "average_temperature": 35.4013, "min_temperature": 35.4013, "max_temperature": 35.4013, "tree_opportunity_percent": 0.0 }, "geometry": { "type": "Polygon", "coordinates": [ [ [ -84.38691353287625, 33.750735099578158 ], [ -84.385838753570425, 33.750712330118802 ], [ -84.385811501737024, 33.751609730821727 ], [ -84.386886292216019, 33.751632501048675 ], [ -84.38691353287625, 33.750735099578158 ] ] ] } },
{ "type": "Feature", "properties": { "tile_id": 212, "average_temperature": 35.4027, "min_temperature": 35.4027, "max_temperature": 35.4027, "tree_opportunity_percent": 0.0 }, "geometry": { "type": "Polygon", "coordinates": [ [ [ -84.385838753570425, 33.750712330118802 ], [ -84.384763975472197, 33.75068955131605 ], [ -84.38473671246571, 33.751586951251056 ], [ -84.385811501737024, 33.751609730821727 ], [ -84.385838753570425, 33.750712330118802 ] ] ] } },
{ "type": "Feature", "properties": { "tile_id": 213, "average_temperature": 35.4024, "min_temperature": 35.4024, "max_temperature": 35.4024, "tree_opportunity_percent": 0.0 }, "geometry": { "type": "Polygon", "coordinates": [ [ [ -84.384763975472197, 33.75068955131605 ], [ -84.38368919858209, 33.750666763169946 ], [ -84.383661924402546, 33.751564162336713 ], [ -84.38473671246571, 33.751586951251056 ], [ -84.384763975472197, 33.75068955131605 ] ] ] } },
{ "type": "Feature", "properties": { "tile_id": 214, "average_temperature": 35.4, "min_temperature": 35.4, "max_temperature": 35.4, "tree_opportunity_percent": 0.0 }, "geometry": { "type": "Polygon", "coordinates": [ [ [ -84.38368919858209, 33.750666763169946 ], [ -84.382614422900588, 33.750643965680517 ], [ -84.382587137548043, 33.751541364078733 ], [ -84.383661924402546, 33.751564162336713 ], [ -84.38368919858209, 33.750666763169946 ] ] ] } },
{ "type": "Feature", "properties": { "tile_id": 215, "average_temperature": 35.3951, "min_temperature": 35.3951, "max_temperature": 35.3951, "tree_opportunity_percent": 0.0 }, "geometry": { "type": "Polygon", "coordinates": [ [ [ -84.382614422900588, 33.750643965680517 ], [ -84.381539648428159, 33.7506211588478 ], [ -84.381512351902686, 33.751518556477144 ], [ -84.382587137548043, 33.751541364078733 ], [ -84.382614422900588, 33.750643965680517 ] ] ] } },
{ "type": "Feature", "properties": { "tile_id": 216, "average_temperature": 35.3874, "min_temperature": 35.3874, "max_temperature": 35.3874, "tree_opportunity_percent": 0.0 }, "geometry": { "type": "Polygon", "coordinates": [ [ [ -84.381539648428159, 33.7506211588478 ], [ -84.38046487516533, 33.750598342671829 ], [ -84.380437567466956, 33.751495739532004 ], [ -84.381512351902686, 33.751518556477144 ], [ -84.381539648428159, 33.7506211588478 ] ] ] } },
{ "type": "Feature", "properties": { "tile_id": 217, "average_temperature": 35.3764, "min_temperature": 35.3764, "max_temperature": 35.3764, "tree_opportunity_percent": 0.0 }, "geometry": { "type": "Polygon", "coordinates": [ [ [ -84.380464875165345, 33.750598342671829 ], [ -84.379390103112584, 33.75057551715264 ], [ -84.379362784241366, 33.751472913243319 ], [ -84.380437567466956, 33.751495739532004 ], [ -84.380464875165345, 33.750598342671829 ] ] ] } },
{ "type": "Feature", "properties": { "tile_id": 218, "average_temperature": 35.3623, "min_temperature": 35.3623, "max_temperature": 35.3623, "tree_opportunity_percent": 0.0 }, "geometry": { "type": "Polygon", "coordinates": [ [ [ -84.379390103112584, 33.75057551715264 ], [ -84.378315332270418, 33.750552682290262 ], [ -84.378288002226412, 33.751450077611146 ], [ -84.379362784241366, 33.751472913243319 ], [ -84.379390103112584, 33.75057551715264 ] ] ] } },
{ "type": "Feature", "properties": { "tile_id": 219, "average_temperature": 35.3458, "min_temperature": 35.3458, "max_temperature": 35.3458, "tree_opportunity_percent": 0.0 }, "geometry": { "type": "Polygon", "coordinates": [ [ [ -84.378315332270418, 33.750552682290262 ], [ -84.377240562639315, 33.750529838084752 ], [ -84.377213221422565, 33.751427232635507 ], [ -84.378288002226412, 33.751450077611146 ], [ -84.378315332270418, 33.750552682290262 ] ] ] } },
{ "type": "Feature", "properties": { "tile_id": 220, "average_temperature": 35.3275, "min_temperature": 35.3275, "max_temperature": 35.3275, "tree_opportunity_percent": 0.0 }, "geometry": { "type": "Polygon", "coordinates": [ [ [ -84.377240562639315, 33.750529838084752 ], [ -84.376165794219773, 33.750506984536123 ], [ -84.376138441830335, 33.751404378316437 ], [ -84.377213221422565, 33.751427232635507 ], [ -84.377240562639315, 33.750529838084752 ] ] ] } },
{ "type": "Feature", "properties": { "tile_id": 221, "average_temperature": 35.3081, "min_temperature": 35.3081, "max_temperature": 35.3081, "tree_opportunity_percent": 0.0 }, "geometry": { "type": "Polygon", "coordinates": [ [ [ -84.376165794219773, 33.750506984536123 ], [ -84.375091027012303, 33.750484121644419 ], [ -84.37506366345022, 33.751381514653993 ], [ -84.376138441830335, 33.751404378316437 ], [ -84.376165794219773, 33.750506984536123 ] ] ] } },
{ "type": "Feature", "properties": { "tile_id": 222, "average_temperature": 35.5462, "min_temperature": 35.5462, "max_temperature": 35.5462, "tree_opportunity_percent": 0.0 }, "geometry": { "type": "Polygon", "coordinates": [ [ [ -84.414831266940098, 33.752221247194079 ], [ -84.41375644523535, 33.752198719915754 ], [ -84.413729482726595, 33.753096140324438 ], [ -84.414804315606304, 33.753118668362205 ], [ -84.414831266940098, 33.752221247194079 ] ] ] } },
{ "type": "Feature", "properties": { "tile_id": 223, "average_temperature": 35.532, "min_temperature": 35.532, "max_temperature": 35.532, "tree_opportunity_percent": 0.0 }, "geometry": { "type": "Polygon", "coordinates": [ [ [ -84.413756445235364, 33.752198719915754 ], [ -84.412681624725423, 33.752176183292818 ], [ -84.412654651041748, 33.753073602941754 ], [ -84.413729482726595, 33.753096140324438 ], [ -84.413756445235364, 33.752198719915754 ] ] ] } },
{ "type": "Feature", "properties": { "tile_id": 224, "average_temperature": 35.5167, "min_temperature": 35.5167, "max_temperature": 35.5167, "tree_opportunity_percent": 0.0 }, "geometry": { "type": "Polygon", "coordinates": [ [ [ -84.412681624725423, 33.752176183292818 ], [ -84.411606805410798, 33.752153637325307 ], [ -84.411579820552276, 33.753051056214161 ], [ -84.412654651041748, 33.753073602941754 ], [ -84.412681624725423, 33.752176183292818 ] ] ] } },
{ "type": "Feature", "properties": { "tile_id": 225, "average_temperature": 35.5006, "min_temperature": 35.5006, "max_temperature": 35.5006, "tree_opportunity_percent": 0.0 }, "geometry": { "type": "Polygon", "coordinates": [ [ [ -84.411606805410798, 33.752153637325307 ], [ -84.410531987291975, 33.752131082013243 ], [ -84.410504991258634, 33.75302850014171 ], [ -84.411579820552276, 33.753051056214161 ], [ -84.411606805410798, 33.752153637325307 ] ] ] } },
{ "type": "Feature", "properties": { "tile_id": 226, "average_temperature": 35.4842, "min_temperature": 35.4842, "max_temperature": 35.4842, "tree_opportunity_percent": 0.0 }, "geometry": { "type": "Polygon", "coordinates": [ [ [ -84.410531987291975, 33.752131082013243 ], [ -84.40945717036945, 33.752108517356675 ], [ -84.409430163161346, 33.753005934724442 ], [ -84.410504991258634, 33.75302850014171 ], [ -84.410531987291975, 33.752131082013243 ] ] ] } },
{ "type": "Feature", "properties": { "tile_id": 227, "average_temperature": 35.4677, "min_temperature": 35.4677, "max_temperature": 35.4677, "tree_opportunity_percent": 0.0 }, "geometry": { "type": "Polygon", "coordinates": [ [ [ -84.40945717036945, 33.752108517356675 ], [ -84.408382354643706, 33.752085943355631 ], [ -84.408355336260897, 33.752983359962386 ], [ -84.409430163161346, 33.753005934724442 ], [ -84.40945717036945, 33.752108517356675 ] ] ] } },
{ "type": "Feature", "properties": { "tile_id": 228, "average_temperature": 35.4517, "min_temperature": 35.4517, "max_temperature": 35.4517, "tree_opportunity_percent": 0.0 }, "geometry": { "type": "Polygon", "coordinates": [ [ [ -84.408382354643706, 33.752085943355631 ], [ -84.407307540115255, 33.752063360010141 ], [ -84.407280510557783, 33.75296077585557 ], [ -84.408355336260897, 33.752983359962386 ], [ -84.408382354643706, 33.752085943355631 ] ] ] } },
{ "type": "Feature", "properties": { "tile_id": 229, "average_temperature": 35.4363, "min_temperature": 35.4363, "max_temperature": 35.4363, "tree_opportunity_percent": 0.0 }, "geometry": { "type": "Polygon", "coordinates": [ [ [ -84.407307540115255, 33.752063360010141 ], [ -84.40623272678458, 33.752040767320253 ], [ -84.406205686052516, 33.752938182404037 ], [ -84.407280510557783, 33.75296077585557 ], [ -84.407307540115255, 33.752063360010141 ] ] ] } },
{ "type": "Feature", "properties": { "tile_id": 230, "average_temperature": 35.422, "min_temperature": 35.422, "max_temperature": 35.422, "tree_opportunity_percent": 0.0 }, "geometry": { "type": "Polygon", "coordinates": [ [ [ -84.40623272678458, 33.752040767320253 ], [ -84.405157914652179, 33.752018165285989 ], [ -84.405130862745551, 33.752915579607823 ], [ -84.406205686052516, 33.752938182404037 ], [ -84.40623272678458, 33.752040767320253 ] ] ] } },
{ "type": "Feature", "properties": { "tile_id": 231, "average_temperature": 35.4091, "min_temperature": 35.4091, "max_temperature": 35.4091, "tree_opportunity_percent": 0.0 }, "geometry": { "type": "Polygon", "coordinates": [ [ [ -84.405157914652193, 33.752018165285989 ], [ -84.404083103718534, 33.751995553907392 ], [ -84.404056040637414, 33.752892967466956 ], [ -84.405130862745551, 33.752915579607823 ], [ -84.405157914652193, 33.752018165285989 ] ] ] } },
{ "type": "Feature", "properties": { "tile_id": 232, "average_temperature": 35.3979, "min_temperature": 35.3979, "max_temperature": 35.3979, "tree_opportunity_percent": 0.0 }, "geometry": { "type": "Polygon", "coordinates": [ [ [ -84.404083103718534, 33.751995553907392 ], [ -84.403008293984172, 33.751972933184497 ], [ -84.402981219728588, 33.752870345981478 ], [ -84.404056040637414, 33.752892967466956 ], [ -84.404083103718534, 33.751995553907392 ] ] ] } },
{ "type": "Feature", "properties": { "tile_id": 233, "average_temperature": 35.3887, "min_temperature": 35.3887, "max_temperature": 35.3887, "tree_opportunity_percent": 0.0 }, "geometry": { "type": "Polygon", "coordinates": [ [ [ -84.403008293984186, 33.751972933184497 ], [ -84.401933485449547, 33.75195030311734 ], [ -84.40190640001957, 33.752847715151404 ], [ -84.402981219728588, 33.752870345981478 ], [ -84.403008293984186, 33.751972933184497 ] ] ] } },
{ "type": "Feature", "properties": { "tile_id": 234, "average_temperature": 35.3817, "min_temperature": 35.3817, "max_temperature": 35.3817, "tree_opportunity_percent": 0.0 }, "geometry": { "type": "Polygon", "coordinates": [ [ [ -84.401933485449547, 33.75195030311734 ], [ -84.400858678115185, 33.751927663705949 ], [ -84.400831581510843, 33.752825074976798 ], [ -84.40190640001957, 33.752847715151404 ], [ -84.401933485449547, 33.75195030311734 ] ] ] } },
{ "type": "Feature", "properties": { "tile_id": 235, "average_temperature": 35.3768, "min_temperature": 35.3768, "max_temperature": 35.3768, "tree_opportunity_percent": 0.0 }, "geometry": { "type": "Polygon", "coordinates": [ [ [ -84.400858678115185, 33.751927663705949 ], [ -84.399783871981569, 33.751905014950353 ], [ -84.39975676420292, 33.752802425457674 ], [ -84.400831581510843, 33.752825074976798 ], [ -84.400858678115185, 33.751927663705949 ] ] ] } },
{ "type": "Feature", "properties": { "tile_id": 236, "average_temperature": 35.3738, "min_temperature": 35.3738, "max_temperature": 35.3738, "tree_opportunity_percent": 0.0 }, "geometry": { "type": "Polygon", "coordinates": [ [ [ -84.399783871981569, 33.751905014950353 ], [ -84.398709067049182, 33.751882356850608 ], [ -84.398681948096282, 33.752779766594088 ], [ -84.39975676420292, 33.752802425457674 ], [ -84.399783871981569, 33.751905014950353 ] ] ] } },
{ "type": "Feature", "properties": { "tile_id": 237, "average_temperature": 35.3723, "min_temperature": 35.3723, "max_temperature": 35.3723, "tree_opportunity_percent": 0.0 }, "geometry": { "type": "Polygon", "coordinates": [ [ [ -84.398709067049182, 33.751882356850608 ], [ -84.397634263318523, 33.751859689406722 ], [ -84.397607133191428, 33.752757098386049 ], [ -84.398681948096282, 33.752779766594088 ], [ -84.398709067049182, 33.751882356850608 ] ] ] } },
{ "type": "Feature", "properties": { "tile_id": 238, "average_temperature": 35.3723, "min_temperature": 35.3723, "max_temperature": 35.3723, "tree_opportunity_percent": 0.0 }, "geometry": { "type": "Polygon", "coordinates": [ [ [ -84.397634263318523, 33.751859689406722 ], [ -84.396559460790101, 33.751837012618758 ], [ -84.396532319488855, 33.752734420833605 ], [ -84.397607133191428, 33.752757098386049 ], [ -84.397634263318523, 33.751859689406722 ] ] ] } },
{ "type": "Feature", "properties": { "tile_id": 239, "average_temperature": 35.3735, "min_temperature": 35.3735, "max_temperature": 35.3735, "tree_opportunity_percent": 0.0 }, "geometry": { "type": "Polygon", "coordinates": [ [ [ -84.396559460790101, 33.751837012618758 ], [ -84.395484659464401, 33.751814326486731 ], [ -84.395457506989047, 33.752711733936792 ], [ -84.396532319488855, 33.752734420833605 ], [ -84.396559460790101, 33.751837012618758 ] ] ] } },
{ "type": "Feature", "properties": { "tile_id": 240, "average_temperature": 35.3758, "min_temperature": 35.3758, "max_temperature": 35.3758, "tree_opportunity_percent": 0.0 }, "geometry": { "type": "Polygon", "coordinates": [ [ [ -84.395484659464401, 33.751814326486731 ], [ -84.394409859341906, 33.751791631010683 ], [ -84.394382695692499, 33.752689037695639 ], [ -84.395457506989047, 33.752711733936792 ], [ -84.395484659464401, 33.751814326486731 ] ] ] } },
{ "type": "Feature", "properties": { "tile_id": 241, "average_temperature": 35.3789, "min_temperature": 35.3789, "max_temperature": 35.3789, "tree_opportunity_percent": 0.0 }, "geometry": { "type": "Polygon", "coordinates": [ [ [ -84.394409859341906, 33.751791631010683 ], [ -84.393335060423126, 33.75176892619065 ], [ -84.393307885599711, 33.752666332110195 ], [ -84.394382695692499, 33.752689037695639 ], [ -84.394409859341906, 33.751791631010683 ] ] ] } },
{ "type": "Feature", "properties": { "tile_id": 242, "average_temperature": 35.3827, "min_temperature": 35.3827, "max_temperature": 35.3827, "tree_opportunity_percent": 0.0 }, "geometry": { "type": "Polygon", "coordinates": [ [ [ -84.393335060423126, 33.75176892619065 ], [ -84.392260262708547, 33.751746212026674 ], [ -84.392233076711193, 33.752643617180475 ], [ -84.393307885599711, 33.752666332110195 ], [ -84.393335060423126, 33.75176892619065 ] ] ] } },
{ "type": "Feature", "properties": { "tile_id": 243, "average_temperature": 35.387, "min_temperature": 35.387, "max_temperature": 35.387, "tree_opportunity_percent": 0.0 }, "geometry": { "type": "Polygon", "coordinates": [ [ [ -84.392260262708547, 33.751746212026674 ], [ -84.391185466198664, 33.751723488518763 ], [ -84.391158269027414, 33.752620892906521 ], [ -84.392233076711193, 33.752643617180475 ], [ -84.392260262708547, 33.751746212026674 ] ] ] } },
{ "type": "Feature", "properties": { "tile_id": 244, "average_temperature": 35.3917, "min_temperature": 35.3917, "max_temperature": 35.3917, "tree_opportunity_percent": 0.0 }, "geometry": { "type": "Polygon", "coordinates": [ [ [ -84.391185466198664, 33.751723488518763 ], [ -84.390110670893989, 33.751700755666981 ], [ -84.390083462548887, 33.752598159288375 ], [ -84.391158269027414, 33.752620892906521 ], [ -84.391185466198664, 33.751723488518763 ] ] ] } },
{ "type": "Feature", "properties": { "tile_id": 245, "average_temperature": 35.3965, "min_temperature": 35.3965, "max_temperature": 35.3965, "tree_opportunity_percent": 0.0 }, "geometry": { "type": "Polygon", "coordinates": [ [ [ -84.390110670893989, 33.751700755666981 ], [ -84.389035876794978, 33.751678013471349 ], [ -84.389008657276079, 33.752575416326074 ], [ -84.390083462548887, 33.752598159288375 ], [ -84.390110670893989, 33.751700755666981 ] ] ] } },
{ "type": "Feature", "properties": { "tile_id": 246, "average_temperature": 35.4009, "min_temperature": 35.4009, "max_temperature": 35.4009, "tree_opportunity_percent": 0.0 }, "geometry": { "type": "Polygon", "coordinates": [ [ [ -84.389035876794978, 33.751678013471349 ], [ -84.387961083902155, 33.751655261931909 ], [ -84.387933853209518, 33.752552664019632 ], [ -84.389008657276094, 33.752575416326074 ], [ -84.389035876794978, 33.751678013471349 ] ] ] } },
{ "type": "Feature", "properties": { "tile_id": 247, "average_temperature": 35.4046, "min_temperature": 35.4046, "max_temperature": 35.4046, "tree_opportunity_percent": 0.0 }, "geometry": { "type": "Polygon", "coordinates": [ [ [ -84.387961083902169, 33.751655261931909 ], [ -84.386886292216019, 33.751632501048675 ], [ -84.38685905034967, 33.752529902369112 ], [ -84.387933853209518, 33.752552664019632 ], [ -84.387961083902169, 33.751655261931909 ] ] ] } },
{ "type": "Feature", "properties": { "tile_id": 248, "average_temperature": 35.4073, "min_temperature": 35.4073, "max_temperature": 35.4073, "tree_opportunity_percent": 0.0 }, "geometry": { "type": "Polygon", "coordinates": [ [ [ -84.386886292216019, 33.751632501048675 ], [ -84.385811501737024, 33.751609730821727 ], [ -84.38578424869705, 33.752507131374529 ], [ -84.38685905034967, 33.752529902369112 ], [ -84.386886292216019, 33.751632501048675 ] ] ] } },
{ "type": "Feature", "properties": { "tile_id": 249, "average_temperature": 35.4086, "min_temperature": 35.4086, "max_temperature": 35.4086, "tree_opportunity_percent": 0.0 }, "geometry": { "type": "Polygon", "coordinates": [ [ [ -84.385811501737024, 33.751609730821727 ], [ -84.38473671246571, 33.751586951251056 ], [ -84.384709448252153, 33.752484351035918 ], [ -84.38578424869705, 33.752507131374529 ], [ -84.385811501737024, 33.751609730821727 ] ] ] } },
{ "type": "Feature", "properties": { "tile_id": 250, "average_temperature": 35.408, "min_temperature": 35.408, "max_temperature": 35.408, "tree_opportunity_percent": 0.0 }, "geometry": { "type": "Polygon", "coordinates": [ [ [ -84.38473671246571, 33.751586951251056 ], [ -84.383661924402546, 33.751564162336713 ], [ -84.383634649015434, 33.752461561353336 ], [ -84.384709448252153, 33.752484351035918 ], [ -84.38473671246571, 33.751586951251056 ] ] ] } },
{ "type": "Feature", "properties": { "tile_id": 251, "average_temperature": 35.4053, "min_temperature": 35.4053, "max_temperature": 35.4053, "tree_opportunity_percent": 0.0 }, "geometry": { "type": "Polygon", "coordinates": [ [ [ -84.383661924402546, 33.751564162336713 ], [ -84.382587137548043, 33.751541364078733 ], [ -84.382559850987434, 33.752438762326783 ], [ -84.383634649015448, 33.752461561353336 ], [ -84.383661924402546, 33.751564162336713 ] ] ] } },
{ "type": "Feature", "properties": { "tile_id": 252, "average_temperature": 35.4, "min_temperature": 35.4, "max_temperature": 35.4, "tree_opportunity_percent": 0.0 }, "geometry": { "type": "Polygon", "coordinates": [ [ [ -84.382587137548043, 33.751541364078733 ], [ -84.381512351902686, 33.751518556477144 ], [ -84.381485054168635, 33.752415953956323 ], [ -84.382559850987434, 33.752438762326783 ], [ -84.382587137548043, 33.751541364078733 ] ] ] } },
{ "type": "Feature", "properties": { "tile_id": 253, "average_temperature": 35.3918, "min_temperature": 35.3918, "max_temperature": 35.3918, "tree_opportunity_percent": 0.0 }, "geometry": { "type": "Polygon", "coordinates": [ [ [ -84.381512351902686, 33.751518556477144 ], [ -84.380437567466956, 33.751495739532004 ], [ -84.380410258559522, 33.752393136241999 ], [ -84.381485054168635, 33.752415953956323 ], [ -84.381512351902686, 33.751518556477144 ] ] ] } },
{ "type": "Feature", "properties": { "tile_id": 254, "average_temperature": 35.3802, "min_temperature": 35.3802, "max_temperature": 35.3802, "tree_opportunity_percent": 0.0 }, "geometry": { "type": "Polygon", "coordinates": [ [ [ -84.380437567466956, 33.751495739532004 ], [ -84.379362784241366, 33.751472913243319 ], [ -84.37933546416059, 33.752370309183803 ], [ -84.380410258559522, 33.752393136241999 ], [ -84.380437567466956, 33.751495739532004 ] ] ] } },
{ "type": "Feature", "properties": { "tile_id": 255, "average_temperature": 35.3656, "min_temperature": 35.3656, "max_temperature": 35.3656, "tree_opportunity_percent": 0.0 }, "geometry": { "type": "Polygon", "coordinates": [ [ [ -84.379362784241366, 33.751472913243319 ], [ -84.378288002226412, 33.751450077611146 ], [ -84.378260670972338, 33.752347472781807 ], [ -84.379335464160604, 33.752370309183803 ], [ -84.379362784241366, 33.751472913243319 ] ] ] } },
{ "type": "Feature", "properties": { "tile_id": 256, "average_temperature": 35.3485, "min_temperature": 35.3485, "max_temperature": 35.3485, "tree_opportunity_percent": 0.0 }, "geometry": { "type": "Polygon", "coordinates": [ [ [ -84.378288002226412, 33.751450077611146 ], [ -84.377213221422565, 33.751427232635507 ], [ -84.377185878995277, 33.752324627036032 ], [ -84.378260670972352, 33.752347472781807 ], [ -84.378288002226412, 33.751450077611146 ] ] ] } },
{ "type": "Feature", "properties": { "tile_id": 257, "average_temperature": 35.3297, "min_temperature": 35.3297, "max_temperature": 35.3297, "tree_opportunity_percent": 0.0 }, "geometry": { "type": "Polygon", "coordinates": [ [ [ -84.377213221422565, 33.751427232635507 ], [ -84.376138441830335, 33.751404378316437 ], [ -84.376111088229862, 33.752301771946527 ], [ -84.377185878995277, 33.752324627036032 ], [ -84.377213221422565, 33.751427232635507 ] ] ] } },
{ "type": "Feature", "properties": { "tile_id": 258, "average_temperature": 35.3098, "min_temperature": 35.3098, "max_temperature": 35.3098, "tree_opportunity_percent": 0.0 }, "geometry": { "type": "Polygon", "coordinates": [ [ [ -84.376138441830335, 33.751404378316437 ], [ -84.37506366345022, 33.751381514653993 ], [ -84.375036298676605, 33.752278907513301 ], [ -84.376111088229862, 33.752301771946527 ], [ -84.376138441830335, 33.751404378316437 ] ] ] } },
{ "type": "Feature", "properties": { "tile_id": 259, "average_temperature": 35.5772, "min_temperature": 35.5772, "max_temperature": 35.5772, "tree_opportunity_percent": 0.0 }, "geometry": { "type": "Polygon", "coordinates": [ [ [ -84.414804315606304, 33.753118668362205 ], [ -84.413729482726595, 33.753096140324438 ], [ -84.413702519024028, 33.753993560583439 ], [ -84.414777363079196, 33.754016089380649 ], [ -84.414804315606304, 33.753118668362205 ] ] ] } },
{ "type": "Feature", "properties": { "tile_id": 260, "average_temperature": 35.5609, "min_temperature": 35.5609, "max_temperature": 35.5609, "tree_opportunity_percent": 0.0 }, "geometry": { "type": "Polygon", "coordinates": [ [ [ -84.413729482726595, 33.753096140324438 ], [ -84.412654651041748, 33.753073602941754 ], [ -84.41262767616378, 33.753971022440965 ], [ -84.413702519024028, 33.753993560583439 ], [ -84.413729482726595, 33.753096140324438 ] ] ] } },
{ "type": "Feature", "properties": { "tile_id": 261, "average_temperature": 35.5432, "min_temperature": 35.5432, "max_temperature": 35.5432, "tree_opportunity_percent": 0.0 }, "geometry": { "type": "Polygon", "coordinates": [ [ [ -84.412654651041748, 33.753073602941754 ], [ -84.411579820552276, 33.753051056214161 ], [ -84.411552834498949, 33.753948474953297 ], [ -84.41262767616378, 33.753971022440965 ], [ -84.412654651041748, 33.753073602941754 ] ] ] } },
{ "type": "Feature", "properties": { "tile_id": 262, "average_temperature": 35.5244, "min_temperature": 35.5244, "max_temperature": 35.5244, "tree_opportunity_percent": 0.0 }, "geometry": { "type": "Polygon", "coordinates": [ [ [ -84.411579820552276, 33.753051056214161 ], [ -84.410504991258634, 33.75302850014171 ], [ -84.410477994030018, 33.753925918120444 ], [ -84.411552834498949, 33.753948474953297 ], [ -84.411579820552276, 33.753051056214161 ] ] ] } },
{ "type": "Feature", "properties": { "tile_id": 263, "average_temperature": 35.5051, "min_temperature": 35.5051, "max_temperature": 35.5051, "tree_opportunity_percent": 0.0 }, "geometry": { "type": "Polygon", "coordinates": [ [ [ -84.410504991258634, 33.75302850014171 ], [ -84.409430163161346, 33.753005934724442 ], [ -84.409403154757484, 33.753903351942469 ], [ -84.410477994030018, 33.753925918120444 ], [ -84.410504991258634, 33.75302850014171 ] ] ] } },
{ "type": "Feature", "properties": { "tile_id": 264, "average_temperature": 35.4857, "min_temperature": 35.4857, "max_temperature": 35.4857, "tree_opportunity_percent": 0.0 }, "geometry": { "type": "Polygon", "coordinates": [ [ [ -84.409430163161346, 33.753005934724442 ], [ -84.408355336260897, 33.752983359962386 ], [ -84.408328316681832, 33.753880776419379 ], [ -84.409403154757484, 33.753903351942469 ], [ -84.409430163161346, 33.753005934724442 ] ] ] } },
{ "type": "Feature", "properties": { "tile_id": 265, "average_temperature": 35.4666, "min_temperature": 35.4666, "max_temperature": 35.4666, "tree_opportunity_percent": 0.0 }, "geometry": { "type": "Polygon", "coordinates": [ [ [ -84.408355336260897, 33.752983359962386 ], [ -84.407280510557783, 33.75296077585557 ], [ -84.407253479803572, 33.753858191551224 ], [ -84.408328316681832, 33.753880776419379 ], [ -84.408355336260897, 33.752983359962386 ] ] ] } },
{ "type": "Feature", "properties": { "tile_id": 266, "average_temperature": 35.4483, "min_temperature": 35.4483, "max_temperature": 35.4483, "tree_opportunity_percent": 0.0 }, "geometry": { "type": "Polygon", "coordinates": [ [ [ -84.407280510557783, 33.75296077585557 ], [ -84.406205686052516, 33.752938182404037 ], [ -84.406178644123187, 33.753835597338032 ], [ -84.407253479803572, 33.753858191551224 ], [ -84.407280510557783, 33.75296077585557 ] ] ] } },
{ "type": "Feature", "properties": { "tile_id": 267, "average_temperature": 35.4311, "min_temperature": 35.4311, "max_temperature": 35.4311, "tree_opportunity_percent": 0.0 }, "geometry": { "type": "Polygon", "coordinates": [ [ [ -84.406205686052516, 33.752938182404037 ], [ -84.405130862745551, 33.752915579607823 ], [ -84.405103809641176, 33.753812993779832 ], [ -84.406178644123187, 33.753835597338032 ], [ -84.406205686052516, 33.752938182404037 ] ] ] } },
{ "type": "Feature", "properties": { "tile_id": 268, "average_temperature": 35.4156, "min_temperature": 35.4156, "max_temperature": 35.4156, "tree_opportunity_percent": 0.0 }, "geometry": { "type": "Polygon", "coordinates": [ [ [ -84.405130862745551, 33.752915579607823 ], [ -84.404056040637414, 33.752892967466956 ], [ -84.404028976358035, 33.753790380876687 ], [ -84.405103809641176, 33.753812993779832 ], [ -84.405130862745551, 33.752915579607823 ] ] ] } },
{ "type": "Feature", "properties": { "tile_id": 269, "average_temperature": 35.4021, "min_temperature": 35.4021, "max_temperature": 35.4021, "tree_opportunity_percent": 0.0 }, "geometry": { "type": "Polygon", "coordinates": [ [ [ -84.404056040637414, 33.752892967466956 ], [ -84.402981219728588, 33.752870345981478 ], [ -84.402954144274261, 33.753767758628605 ], [ -84.404028976358035, 33.753790380876687 ], [ -84.404056040637414, 33.752892967466956 ] ] ] } },
{ "type": "Feature", "properties": { "tile_id": 270, "average_temperature": 35.3911, "min_temperature": 35.3911, "max_temperature": 35.3911, "tree_opportunity_percent": 0.0 }, "geometry": { "type": "Polygon", "coordinates": [ [ [ -84.402981219728588, 33.752870345981478 ], [ -84.40190640001957, 33.752847715151404 ], [ -84.401879313390353, 33.753745127035621 ], [ -84.402954144274261, 33.753767758628605 ], [ -84.402981219728588, 33.752870345981478 ] ] ] } },
{ "type": "Feature", "properties": { "tile_id": 271, "average_temperature": 35.3827, "min_temperature": 35.3827, "max_temperature": 35.3827, "tree_opportunity_percent": 0.0 }, "geometry": { "type": "Polygon", "coordinates": [ [ [ -84.40190640001957, 33.752847715151404 ], [ -84.400831581510843, 33.752825074976798 ], [ -84.400804483706779, 33.753722486097779 ], [ -84.401879313390353, 33.753745127035621 ], [ -84.40190640001957, 33.752847715151404 ] ] ] } },
{ "type": "Feature", "properties": { "tile_id": 272, "average_temperature": 35.3769, "min_temperature": 35.3769, "max_temperature": 35.3769, "tree_opportunity_percent": 0.0 }, "geometry": { "type": "Polygon", "coordinates": [ [ [ -84.400831581510843, 33.752825074976798 ], [ -84.39975676420292, 33.752802425457674 ], [ -84.39972965522405, 33.753699835815119 ], [ -84.400804483706779, 33.753722486097779 ], [ -84.400831581510843, 33.752825074976798 ] ] ] } },
{ "type": "Feature", "properties": { "tile_id": 273, "average_temperature": 35.3734, "min_temperature": 35.3734, "max_temperature": 35.3734, "tree_opportunity_percent": 0.0 }, "geometry": { "type": "Polygon", "coordinates": [ [ [ -84.39975676420292, 33.752802425457674 ], [ -84.398681948096282, 33.752779766594088 ], [ -84.398654827942664, 33.753677176187672 ], [ -84.39972965522405, 33.753699835815119 ], [ -84.39975676420292, 33.752802425457674 ] ] ] } },
{ "type": "Feature", "properties": { "tile_id": 274, "average_temperature": 35.3718, "min_temperature": 35.3718, "max_temperature": 35.3718, "tree_opportunity_percent": 0.0 }, "geometry": { "type": "Polygon", "coordinates": [ [ [ -84.398681948096282, 33.752779766594088 ], [ -84.397607133191428, 33.752757098386049 ], [ -84.397580001863119, 33.753654507215451 ], [ -84.398654827942664, 33.753677176187672 ], [ -84.398681948096282, 33.752779766594088 ] ] ] } },
{ "type": "Feature", "properties": { "tile_id": 275, "average_temperature": 35.372, "min_temperature": 35.372, "max_temperature": 35.372, "tree_opportunity_percent": 0.0 }, "geometry": { "type": "Polygon", "coordinates": [ [ [ -84.397607133191428, 33.752757098386049 ], [ -84.396532319488855, 33.752734420833605 ], [ -84.396505176985897, 33.753631828898513 ], [ -84.397580001863119, 33.753654507215451 ], [ -84.397607133191428, 33.752757098386049 ] ] ] } },
{ "type": "Feature", "properties": { "tile_id": 276, "average_temperature": 35.3737, "min_temperature": 35.3737, "max_temperature": 35.3737, "tree_opportunity_percent": 0.0 }, "geometry": { "type": "Polygon", "coordinates": [ [ [ -84.396532319488855, 33.752734420833605 ], [ -84.395457506989047, 33.752711733936792 ], [ -84.395430353311497, 33.753609141236893 ], [ -84.396505176985897, 33.753631828898513 ], [ -84.396532319488855, 33.752734420833605 ] ] ] } },
{ "type": "Feature", "properties": { "tile_id": 277, "average_temperature": 35.3765, "min_temperature": 35.3765, "max_temperature": 35.3765, "tree_opportunity_percent": 0.0 }, "geometry": { "type": "Polygon", "coordinates": [ [ [ -84.395457506989047, 33.752711733936792 ], [ -84.394382695692499, 33.752689037695639 ], [ -84.394355530840414, 33.753586444230635 ], [ -84.395430353311497, 33.753609141236893 ], [ -84.395457506989047, 33.752711733936792 ] ] ] } },
{ "type": "Feature", "properties": { "tile_id": 278, "average_temperature": 35.3804, "min_temperature": 35.3804, "max_temperature": 35.3804, "tree_opportunity_percent": 0.0 }, "geometry": { "type": "Polygon", "coordinates": [ [ [ -84.394382695692499, 33.752689037695639 ], [ -84.393307885599711, 33.752666332110195 ], [ -84.393280709573133, 33.753563737879745 ], [ -84.394355530840414, 33.753586444230635 ], [ -84.394382695692499, 33.752689037695639 ] ] ] } },
{ "type": "Feature", "properties": { "tile_id": 279, "average_temperature": 35.3849, "min_temperature": 35.3849, "max_temperature": 35.3849, "tree_opportunity_percent": 0.0 }, "geometry": { "type": "Polygon", "coordinates": [ [ [ -84.393307885599711, 33.752666332110195 ], [ -84.392233076711193, 33.752643617180475 ], [ -84.39220588951018, 33.75354102218428 ], [ -84.393280709573133, 33.753563737879745 ], [ -84.393307885599711, 33.752666332110195 ] ] ] } },
{ "type": "Feature", "properties": { "tile_id": 280, "average_temperature": 35.3899, "min_temperature": 35.3899, "max_temperature": 35.3899, "tree_opportunity_percent": 0.0 }, "geometry": { "type": "Polygon", "coordinates": [ [ [ -84.392233076711193, 33.752643617180475 ], [ -84.391158269027414, 33.752620892906521 ], [ -84.391131070651994, 33.753518297144275 ], [ -84.39220588951018, 33.75354102218428 ], [ -84.392233076711193, 33.752643617180475 ] ] ] } },
{ "type": "Feature", "properties": { "tile_id": 281, "average_temperature": 35.3952, "min_temperature": 35.3952, "max_temperature": 35.3952, "tree_opportunity_percent": 0.0 }, "geometry": { "type": "Polygon", "coordinates": [ [ [ -84.391158269027414, 33.752620892906521 ], [ -84.390083462548887, 33.752598159288375 ], [ -84.39005625299913, 33.753495562759745 ], [ -84.391131070651994, 33.753518297144275 ], [ -84.391158269027414, 33.752620892906521 ] ] ] } },
{ "type": "Feature", "properties": { "tile_id": 282, "average_temperature": 35.4003, "min_temperature": 35.4003, "max_temperature": 35.4003, "tree_opportunity_percent": 0.0 }, "geometry": { "type": "Polygon", "coordinates": [ [ [ -84.390083462548887, 33.752598159288375 ], [ -84.389008657276079, 33.752575416326074 ], [ -84.388981436552044, 33.75347281903074 ], [ -84.39005625299913, 33.753495562759745 ], [ -84.390083462548887, 33.752598159288375 ] ] ] } },
{ "type": "Feature", "properties": { "tile_id": 283, "average_temperature": 35.405, "min_temperature": 35.405, "max_temperature": 35.405, "tree_opportunity_percent": 0.0 }, "geometry": { "type": "Polygon", "coordinates": [ [ [ -84.389008657276094, 33.752575416326074 ], [ -84.387933853209518, 33.752552664019632 ], [ -84.387906621311231, 33.75345006595731 ], [ -84.388981436552044, 33.75347281903074 ], [ -84.389008657276094, 33.752575416326074 ] ] ] } },
{ "type": "Feature", "properties": { "tile_id": 284, "average_temperature": 35.4089, "min_temperature": 35.4089, "max_temperature": 35.4089, "tree_opportunity_percent": 0.0 }, "geometry": { "type": "Polygon", "coordinates": [ [ [ -84.387933853209518, 33.752552664019632 ], [ -84.38685905034967, 33.752529902369112 ], [ -84.386831807277204, 33.753427303539461 ], [ -84.387906621311231, 33.75345006595731 ], [ -84.387933853209518, 33.752552664019632 ] ] ] } },
{ "type": "Feature", "properties": { "tile_id": 285, "average_temperature": 35.4116, "min_temperature": 35.4116, "max_temperature": 35.4116, "tree_opportunity_percent": 0.0 }, "geometry": { "type": "Polygon", "coordinates": [ [ [ -84.38685905034967, 33.752529902369112 ], [ -84.38578424869705, 33.752507131374529 ], [ -84.385756994450432, 33.753404531777242 ], [ -84.386831807277204, 33.753427303539461 ], [ -84.38685905034967, 33.752529902369112 ] ] ] } },
{ "type": "Feature", "properties": { "tile_id": 286, "average_temperature": 35.4128, "min_temperature": 35.4128, "max_temperature": 35.4128, "tree_opportunity_percent": 0.0 }, "geometry": { "type": "Polygon", "coordinates": [ [ [ -84.38578424869705, 33.752507131374529 ], [ -84.384709448252153, 33.752484351035918 ], [ -84.38468218283144, 33.753381750670691 ], [ -84.385756994450432, 33.753404531777242 ], [ -84.38578424869705, 33.752507131374529 ] ] ] } },
{ "type": "Feature", "properties": { "tile_id": 287, "average_temperature": 35.4121, "min_temperature": 35.4121, "max_temperature": 35.4121, "tree_opportunity_percent": 0.0 }, "geometry": { "type": "Polygon", "coordinates": [ [ [ -84.384709448252153, 33.752484351035918 ], [ -84.383634649015434, 33.752461561353336 ], [ -84.383607372420713, 33.753358960219842 ], [ -84.38468218283144, 33.753381750670691 ], [ -84.384709448252153, 33.752484351035918 ] ] ] } },
{ "type": "Feature", "properties": { "tile_id": 288, "average_temperature": 35.4091, "min_temperature": 35.4091, "max_temperature": 35.4091, "tree_opportunity_percent": 0.0 }, "geometry": { "type": "Polygon", "coordinates": [ [ [ -84.383634649015448, 33.752461561353336 ], [ -84.382559850987434, 33.752438762326783 ], [ -84.382532563218717, 33.753336160424709 ], [ -84.383607372420713, 33.753358960219842 ], [ -84.383634649015448, 33.752461561353336 ] ] ] } },
{ "type": "Feature", "properties": { "tile_id": 289, "average_temperature": 35.4035, "min_temperature": 35.4035, "max_temperature": 35.4035, "tree_opportunity_percent": 0.0 }, "geometry": { "type": "Polygon", "coordinates": [ [ [ -84.382559850987434, 33.752438762326783 ], [ -84.381485054168635, 33.752415953956323 ], [ -84.381457755225995, 33.753313351285357 ], [ -84.382532563218732, 33.753336160424709 ], [ -84.382559850987434, 33.752438762326783 ] ] ] } },
{ "type": "Feature", "properties": { "tile_id": 290, "average_temperature": 35.3949, "min_temperature": 35.3949, "max_temperature": 35.3949, "tree_opportunity_percent": 0.0 }, "geometry": { "type": "Polygon", "coordinates": [ [ [ -84.381485054168635, 33.752415953956323 ], [ -84.380410258559522, 33.752393136241999 ], [ -84.380382948443, 33.753290532801813 ], [ -84.381457755225995, 33.753313351285357 ], [ -84.381485054168635, 33.752415953956323 ] ] ] } },
{ "type": "Feature", "properties": { "tile_id": 291, "average_temperature": 35.383, "min_temperature": 35.383, "max_temperature": 35.383, "tree_opportunity_percent": 0.0 }, "geometry": { "type": "Polygon", "coordinates": [ [ [ -84.380410258559522, 33.752393136241999 ], [ -84.37933546416059, 33.752370309183803 ], [ -84.379308142870244, 33.7532677049741 ], [ -84.380382948443, 33.753290532801813 ], [ -84.380410258559522, 33.752393136241999 ] ] ] } },
{ "type": "Feature", "properties": { "tile_id": 292, "average_temperature": 35.3679, "min_temperature": 35.3679, "max_temperature": 35.3679, "tree_opportunity_percent": 0.0 }, "geometry": { "type": "Polygon", "coordinates": [ [ [ -84.379335464160604, 33.752370309183803 ], [ -84.378260670972338, 33.752347472781807 ], [ -84.37823333850821, 33.753244867802259 ], [ -84.379308142870244, 33.7532677049741 ], [ -84.379335464160604, 33.752370309183803 ] ] ] } },
{ "type": "Feature", "properties": { "tile_id": 293, "average_temperature": 35.3504, "min_temperature": 35.3504, "max_temperature": 35.3504, "tree_opportunity_percent": 0.0 }, "geometry": { "type": "Polygon", "coordinates": [ [ [ -84.378260670972352, 33.752347472781807 ], [ -84.377185878995277, 33.752324627036032 ], [ -84.37715853535741, 33.753222021286341 ], [ -84.37823333850821, 33.753244867802259 ], [ -84.378260670972352, 33.752347472781807 ] ] ] } },
{ "type": "Feature", "properties": { "tile_id": 294, "average_temperature": 35.3312, "min_temperature": 35.3312, "max_temperature": 35.3312, "tree_opportunity_percent": 0.0 }, "geometry": { "type": "Polygon", "coordinates": [ [ [ -84.377185878995277, 33.752324627036032 ], [ -84.376111088229862, 33.752301771946527 ], [ -84.376083733418312, 33.753199165426359 ], [ -84.37715853535741, 33.753222021286341 ], [ -84.377185878995277, 33.752324627036032 ] ] ] } },
{ "type": "Feature", "properties": { "tile_id": 295, "average_temperature": 35.311, "min_temperature": 35.311, "max_temperature": 35.311, "tree_opportunity_percent": 0.0 }, "geometry": { "type": "Polygon", "coordinates": [ [ [ -84.376111088229862, 33.752301771946527 ], [ -84.375036298676605, 33.752278907513301 ], [ -84.375008932691443, 33.753176300222357 ], [ -84.376083733418312, 33.753199165426359 ], [ -84.376111088229862, 33.752301771946527 ] ] ] } },
{ "type": "Feature", "properties": { "tile_id": 296, "average_temperature": 35.59, "min_temperature": 35.59, "max_temperature": 35.59, "tree_opportunity_percent": 0.0 }, "geometry": { "type": "Polygon", "coordinates": [ [ [ -84.414777363079196, 33.754016089380649 ], [ -84.413702519024028, 33.753993560583439 ], [ -84.413675554127636, 33.754890980692721 ], [ -84.414750409358746, 33.754913510249416 ], [ -84.414777363079196, 33.754016089380649 ] ] ] } },
{ "type": "Feature", "properties": { "tile_id": 297, "average_temperature": 35.573, "min_temperature": 35.573, "max_temperature": 35.573, "tree_opportunity_percent": 0.0 }, "geometry": { "type": "Polygon", "coordinates": [ [ [ -84.413702519024028, 33.753993560583439 ], [ -84.41262767616378, 33.753971022440965 ], [ -84.412600700091488, 33.754868441790478 ], [ -84.413675554127636, 33.754890980692721 ], [ -84.413702519024028, 33.753993560583439 ] ] ] } },
{ "type": "Feature", "properties": { "tile_id": 298, "average_temperature": 35.5543, "min_temperature": 35.5543, "max_temperature": 35.5543, "tree_opportunity_percent": 0.0 }, "geometry": { "type": "Polygon", "coordinates": [ [ [ -84.41262767616378, 33.753971022440965 ], [ -84.411552834498949, 33.753948474953297 ], [ -84.4115258472508, 33.754845893542701 ], [ -84.412600700091488, 33.754868441790478 ], [ -84.41262767616378, 33.753971022440965 ] ] ] } },
{ "type": "Feature", "properties": { "tile_id": 299, "average_temperature": 35.5345, "min_temperature": 35.5345, "max_temperature": 35.5345, "tree_opportunity_percent": 0.0 }, "geometry": { "type": "Polygon", "coordinates": [ [ [ -84.411552834498949, 33.753948474953297 ], [ -84.410477994030018, 33.753925918120444 ], [ -84.41045099560607, 33.754823335949439 ], [ -84.4115258472508, 33.754845893542701 ], [ -84.411552834498949, 33.753948474953297 ] ] ] } },
{ "type": "Feature", "properties": { "tile_id": 300, "average_temperature": 35.5141, "min_temperature": 35.5141, "max_temperature": 35.5141, "tree_opportunity_percent": 0.0 }, "geometry": { "type": "Polygon", "coordinates": [ [ [ -84.410477994030018, 33.753925918120444 ], [ -84.409403154757484, 33.753903351942469 ], [ -84.409376145157779, 33.754800769010721 ], [ -84.41045099560607, 33.754823335949446 ], [ -84.410477994030018, 33.753925918120444 ] ] ] } },
{ "type": "Feature", "properties": { "tile_id": 301, "average_temperature": 35.4935, "min_temperature": 35.4935, "max_temperature": 35.4935, "tree_opportunity_percent": 0.0 }, "geometry": { "type": "Polygon", "coordinates": [ [ [ -84.409403154757484, 33.753903351942469 ], [ -84.408328316681832, 33.753880776419379 ], [ -84.40830129590644, 33.754778192726604 ], [ -84.409376145157779, 33.754800769010721 ], [ -84.409403154757484, 33.753903351942469 ] ] ] } },
{ "type": "Feature", "properties": { "tile_id": 302, "average_temperature": 35.4731, "min_temperature": 35.4731, "max_temperature": 35.4731, "tree_opportunity_percent": 0.0 }, "geometry": { "type": "Polygon", "coordinates": [ [ [ -84.408328316681832, 33.753880776419379 ], [ -84.407253479803572, 33.753858191551224 ], [ -84.407226447852551, 33.754755607097081 ], [ -84.40830129590644, 33.754778192726604 ], [ -84.408328316681832, 33.753880776419379 ] ] ] } },
{ "type": "Feature", "properties": { "tile_id": 303, "average_temperature": 35.4535, "min_temperature": 35.4535, "max_temperature": 35.4535, "tree_opportunity_percent": 0.0 }, "geometry": { "type": "Polygon", "coordinates": [ [ [ -84.407253479803572, 33.753858191551224 ], [ -84.406178644123187, 33.753835597338032 ], [ -84.406151600996566, 33.754733012122223 ], [ -84.407226447852551, 33.754755607097081 ], [ -84.407253479803572, 33.753858191551224 ] ] ] } },
{ "type": "Feature", "properties": { "tile_id": 304, "average_temperature": 35.4352, "min_temperature": 35.4352, "max_temperature": 35.4352, "tree_opportunity_percent": 0.0 }, "geometry": { "type": "Polygon", "coordinates": [ [ [ -84.406178644123187, 33.753835597338032 ], [ -84.405103809641176, 33.753812993779832 ], [ -84.40507675533901, 33.754710407802044 ], [ -84.406151600996566, 33.754733012122223 ], [ -84.406178644123187, 33.753835597338032 ] ] ] } },
{ "type": "Feature", "properties": { "tile_id": 305, "average_temperature": 35.4185, "min_temperature": 35.4185, "max_temperature": 35.4185, "tree_opportunity_percent": 0.0 }, "geometry": { "type": "Polygon", "coordinates": [ [ [ -84.405103809641176, 33.753812993779832 ], [ -84.404028976358035, 33.753790380876687 ], [ -84.404001910880382, 33.754687794136586 ], [ -84.40507675533901, 33.754710407802044 ], [ -84.405103809641176, 33.753812993779832 ] ] ] } },
{ "type": "Feature", "properties": { "tile_id": 306, "average_temperature": 35.404, "min_temperature": 35.404, "max_temperature": 35.404, "tree_opportunity_percent": 0.0 }, "geometry": { "type": "Polygon", "coordinates": [ [ [ -84.404028976358035, 33.753790380876687 ], [ -84.402954144274261, 33.753767758628605 ], [ -84.402927067621164, 33.754665171125879 ], [ -84.404001910880382, 33.754687794136586 ], [ -84.404028976358035, 33.753790380876687 ] ] ] } },
{ "type": "Feature", "properties": { "tile_id": 307, "average_temperature": 35.3921, "min_temperature": 35.3921, "max_temperature": 35.3921, "tree_opportunity_percent": 0.0 }, "geometry": { "type": "Polygon", "coordinates": [ [ [ -84.402954144274261, 33.753767758628605 ], [ -84.401879313390353, 33.753745127035621 ], [ -84.401852225561839, 33.754642538769964 ], [ -84.402927067621164, 33.754665171125879 ], [ -84.402954144274261, 33.753767758628605 ] ] ] } },
{ "type": "Feature", "properties": { "tile_id": 308, "average_temperature": 35.3831, "min_temperature": 35.3831, "max_temperature": 35.3831, "tree_opportunity_percent": 0.0 }, "geometry": { "type": "Polygon", "coordinates": [ [ [ -84.401879313390353, 33.753745127035621 ], [ -84.400804483706779, 33.753722486097779 ], [ -84.400777384702934, 33.754619897068892 ], [ -84.401852225561839, 33.754642538769964 ], [ -84.401879313390353, 33.753745127035621 ] ] ] } },
{ "type": "Feature", "properties": { "tile_id": 309, "average_temperature": 35.377, "min_temperature": 35.377, "max_temperature": 35.377, "tree_opportunity_percent": 0.0 }, "geometry": { "type": "Polygon", "coordinates": [ [ [ -84.400804483706779, 33.753722486097779 ], [ -84.39972965522405, 33.753699835815119 ], [ -84.399702545044917, 33.754597246022662 ], [ -84.400777384702934, 33.754619897068892 ], [ -84.400804483706779, 33.753722486097779 ] ] ] } },
{ "type": "Feature", "properties": { "tile_id": 310, "average_temperature": 35.3732, "min_temperature": 35.3732, "max_temperature": 35.3732, "tree_opportunity_percent": 0.0 }, "geometry": { "type": "Polygon", "coordinates": [ [ [ -84.39972965522405, 33.753699835815119 ], [ -84.398654827942664, 33.753677176187672 ], [ -84.3986277065883, 33.754574585631339 ], [ -84.399702545044917, 33.754597246022662 ], [ -84.39972965522405, 33.753699835815119 ] ] ] } },
{ "type": "Feature", "properties": { "tile_id": 311, "average_temperature": 35.3716, "min_temperature": 35.3716, "max_temperature": 35.3716, "tree_opportunity_percent": 0.0 }, "geometry": { "type": "Polygon", "coordinates": [ [ [ -84.398654827942664, 33.753677176187672 ], [ -84.397580001863119, 33.753654507215451 ], [ -84.397552869333566, 33.754551915894929 ], [ -84.3986277065883, 33.754574585631339 ], [ -84.398654827942664, 33.753677176187672 ] ] ] } },
{ "type": "Feature", "properties": { "tile_id": 312, "average_temperature": 35.372, "min_temperature": 35.372, "max_temperature": 35.372, "tree_opportunity_percent": 0.0 }, "geometry": { "type": "Polygon", "coordinates": [ [ [ -84.397580001863119, 33.753654507215451 ], [ -84.396505176985897, 33.753631828898513 ], [ -84.396478033281198, 33.754529236813489 ], [ -84.397552869333566, 33.754551915894929 ], [ -84.397580001863119, 33.753654507215451 ] ] ] } },
{ "type": "Feature", "properties": { "tile_id": 313, "average_temperature": 35.3738, "min_temperature": 35.3738, "max_temperature": 35.3738, "tree_opportunity_percent": 0.0 }, "geometry": { "type": "Polygon", "coordinates": [ [ [ -84.396505176985897, 33.753631828898513 ], [ -84.395430353311497, 33.753609141236893 ], [ -84.395403198431708, 33.754506548387056 ], [ -84.396478033281198, 33.754529236813489 ], [ -84.396505176985897, 33.753631828898513 ] ] ] } },
{ "type": "Feature", "properties": { "tile_id": 314, "average_temperature": 35.377, "min_temperature": 35.377, "max_temperature": 35.377, "tree_opportunity_percent": 0.0 }, "geometry": { "type": "Polygon", "coordinates": [ [ [ -84.395430353311497, 33.753609141236893 ], [ -84.394355530840414, 33.753586444230635 ], [ -84.394328364785579, 33.754483850615649 ], [ -84.395403198431708, 33.754506548387056 ], [ -84.395430353311497, 33.753609141236893 ] ] ] } },
{ "type": "Feature", "properties": { "tile_id": 315, "average_temperature": 35.3812, "min_temperature": 35.3812, "max_temperature": 35.3812, "tree_opportunity_percent": 0.0 }, "geometry": { "type": "Polygon", "coordinates": [ [ [ -84.394355530840414, 33.753586444230635 ], [ -84.393280709573133, 33.753563737879745 ], [ -84.393253532343323, 33.754461143499313 ], [ -84.394328364785579, 33.754483850615649 ], [ -84.394355530840414, 33.753586444230635 ] ] ] } },
{ "type": "Feature", "properties": { "tile_id": 316, "average_temperature": 35.3862, "min_temperature": 35.3862, "max_temperature": 35.3862, "tree_opportunity_percent": 0.0 }, "geometry": { "type": "Polygon", "coordinates": [ [ [ -84.393280709573133, 33.753563737879745 ], [ -84.39220588951018, 33.75354102218428 ], [ -84.392178701105422, 33.754438427038089 ], [ -84.393253532343337, 33.754461143499313 ], [ -84.393280709573133, 33.753563737879745 ] ] ] } },
{ "type": "Feature", "properties": { "tile_id": 317, "average_temperature": 35.3915, "min_temperature": 35.3915, "max_temperature": 35.3915, "tree_opportunity_percent": 0.0 }, "geometry": { "type": "Polygon", "coordinates": [ [ [ -84.39220588951018, 33.75354102218428 ], [ -84.391131070651994, 33.753518297144275 ], [ -84.391103871072374, 33.754415701231991 ], [ -84.392178701105422, 33.754438427038089 ], [ -84.39220588951018, 33.75354102218428 ] ] ] } },
{ "type": "Feature", "properties": { "tile_id": 318, "average_temperature": 35.3971, "min_temperature": 35.3971, "max_temperature": 35.3971, "tree_opportunity_percent": 0.0 }, "geometry": { "type": "Polygon", "coordinates": [ [ [ -84.391131070651994, 33.753518297144275 ], [ -84.39005625299913, 33.753495562759745 ], [ -84.390029042244649, 33.754392966081085 ], [ -84.391103871072374, 33.754415701231991 ], [ -84.391131070651994, 33.753518297144275 ] ] ] } },
{ "type": "Feature", "properties": { "tile_id": 319, "average_temperature": 35.4025, "min_temperature": 35.4025, "max_temperature": 35.4025, "tree_opportunity_percent": 0.0 }, "geometry": { "type": "Polygon", "coordinates": [ [ [ -84.39005625299913, 33.753495562759745 ], [ -84.388981436552044, 33.75347281903074 ], [ -84.388954214622785, 33.754370221585368 ], [ -84.390029042244649, 33.754392966081085 ], [ -84.39005625299913, 33.753495562759745 ] ] ] } },
{ "type": "Feature", "properties": { "tile_id": 320, "average_temperature": 35.4073, "min_temperature": 35.4073, "max_temperature": 35.4073, "tree_opportunity_percent": 0.0 }, "geometry": { "type": "Polygon", "coordinates": [ [ [ -84.388981436552044, 33.75347281903074 ], [ -84.387906621311231, 33.75345006595731 ], [ -84.387879388207253, 33.754347467744907 ], [ -84.388954214622785, 33.754370221585368 ], [ -84.388981436552044, 33.75347281903074 ] ] ] } },
{ "type": "Feature", "properties": { "tile_id": 321, "average_temperature": 35.4113, "min_temperature": 35.4113, "max_temperature": 35.4113, "tree_opportunity_percent": 0.0 }, "geometry": { "type": "Polygon", "coordinates": [ [ [ -84.387906621311231, 33.75345006595731 ], [ -84.386831807277204, 33.753427303539461 ], [ -84.386804562998535, 33.754324704559735 ], [ -84.387879388207253, 33.754347467744907 ], [ -84.387906621311231, 33.75345006595731 ] ] ] } },
{ "type": "Feature", "properties": { "tile_id": 322, "average_temperature": 35.414, "min_temperature": 35.414, "max_temperature": 35.414, "tree_opportunity_percent": 0.0 }, "geometry": { "type": "Polygon", "coordinates": [ [ [ -84.386831807277204, 33.753427303539461 ], [ -84.385756994450432, 33.753404531777242 ], [ -84.385729738997142, 33.754301932029854 ], [ -84.386804562998535, 33.754324704559735 ], [ -84.386831807277204, 33.753427303539461 ] ] ] } },
{ "type": "Feature", "properties": { "tile_id": 323, "average_temperature": 35.4151, "min_temperature": 35.4151, "max_temperature": 35.4151, "tree_opportunity_percent": 0.0 }, "geometry": { "type": "Polygon", "coordinates": [ [ [ -84.385756994450432, 33.753404531777242 ], [ -84.38468218283144, 33.753381750670691 ], [ -84.384654916203573, 33.754279150155341 ], [ -84.385729738997142, 33.754301932029854 ], [ -84.385756994450432, 33.753404531777242 ] ] ] } },
{ "type": "Feature", "properties": { "tile_id": 324, "average_temperature": 35.4143, "min_temperature": 35.4143, "max_temperature": 35.4143, "tree_opportunity_percent": 0.0 }, "geometry": { "type": "Polygon", "coordinates": [ [ [ -84.38468218283144, 33.753381750670691 ], [ -84.383607372420713, 33.753358960219842 ], [ -84.38358009461831, 33.754256358936203 ], [ -84.384654916203573, 33.754279150155341 ], [ -84.38468218283144, 33.753381750670691 ] ] ] } },
{ "type": "Feature", "properties": { "tile_id": 325, "average_temperature": 35.4112, "min_temperature": 35.4112, "max_temperature": 35.4112, "tree_opportunity_percent": 0.0 }, "geometry": { "type": "Polygon", "coordinates": [ [ [ -84.383607372420713, 33.753358960219842 ], [ -84.382532563218717, 33.753336160424709 ], [ -84.382505274241836, 33.754233558372491 ], [ -84.38358009461831, 33.754256358936203 ], [ -84.383607372420713, 33.753358960219842 ] ] ] } },
{ "type": "Feature", "properties": { "tile_id": 326, "average_temperature": 35.4054, "min_temperature": 35.4054, "max_temperature": 35.4054, "tree_opportunity_percent": 0.0 }, "geometry": { "type": "Polygon", "coordinates": [ [ [ -84.382532563218732, 33.753336160424709 ], [ -84.381457755225995, 33.753313351285357 ], [ -84.381430455074678, 33.754210748464217 ], [ -84.382505274241851, 33.754233558372491 ], [ -84.382532563218732, 33.753336160424709 ] ] ] } },
{ "type": "Feature", "properties": { "tile_id": 327, "average_temperature": 35.3965, "min_temperature": 35.3965, "max_temperature": 35.3965, "tree_opportunity_percent": 0.0 }, "geometry": { "type": "Polygon", "coordinates": [ [ [ -84.381457755225995, 33.753313351285357 ], [ -84.380382948443, 33.753290532801813 ], [ -84.380355637117319, 33.754187929211454 ], [ -84.381430455074678, 33.754210748464217 ], [ -84.381457755225995, 33.753313351285357 ] ] ] } },
{ "type": "Feature", "properties": { "tile_id": 328, "average_temperature": 35.3843, "min_temperature": 35.3843, "max_temperature": 35.3843, "tree_opportunity_percent": 0.0 }, "geometry": { "type": "Polygon", "coordinates": [ [ [ -84.380382948443, 33.753290532801813 ], [ -84.379308142870244, 33.7532677049741 ], [ -84.379280820370226, 33.754165100614195 ], [ -84.380355637117319, 33.754187929211454 ], [ -84.380382948443, 33.753290532801813 ] ] ] } },
{ "type": "Feature", "properties": { "tile_id": 329, "average_temperature": 35.369, "min_temperature": 35.369, "max_temperature": 35.369, "tree_opportunity_percent": 0.0 }, "geometry": { "type": "Polygon", "coordinates": [ [ [ -84.379308142870244, 33.7532677049741 ], [ -84.37823333850821, 33.753244867802259 ], [ -84.378206004833913, 33.754142262672509 ], [ -84.379280820370226, 33.754165100614195 ], [ -84.379308142870244, 33.7532677049741 ] ] ] } },
{ "type": "Feature", "properties": { "tile_id": 330, "average_temperature": 35.3513, "min_temperature": 35.3513, "max_temperature": 35.3513, "tree_opportunity_percent": 0.0 }, "geometry": { "type": "Polygon", "coordinates": [ [ [ -84.37823333850821, 33.753244867802259 ], [ -84.37715853535741, 33.753222021286341 ], [ -84.377131190508891, 33.75411941538642 ], [ -84.378206004833913, 33.754142262672509 ], [ -84.37823333850821, 33.753244867802259 ] ] ] } },
{ "type": "Feature", "properties": { "tile_id": 331, "average_temperature": 35.3319, "min_temperature": 35.3319, "max_temperature": 35.3319, "tree_opportunity_percent": 0.0 }, "geometry": { "type": "Polygon", "coordinates": [ [ [ -84.37715853535741, 33.753222021286341 ], [ -84.376083733418312, 33.753199165426359 ], [ -84.376056377395628, 33.754096558755961 ], [ -84.377131190508891, 33.75411941538642 ], [ -84.37715853535741, 33.753222021286341 ] ] ] } },
{ "type": "Feature", "properties": { "tile_id": 332, "average_temperature": 35.3114, "min_temperature": 35.3114, "max_temperature": 35.3114, "tree_opportunity_percent": 0.0 }, "geometry": { "type": "Polygon", "coordinates": [ [ [ -84.376083733418312, 33.753199165426359 ], [ -84.375008932691443, 33.753176300222357 ], [ -84.374981565494636, 33.754073692781155 ], [ -84.376056377395628, 33.754096558755961 ], [ -84.376083733418312, 33.753199165426359 ] ] ] } },
{ "type": "Feature", "properties": { "tile_id": 333, "average_temperature": 35.5892, "min_temperature": 35.5892, "max_temperature": 35.5892, "tree_opportunity_percent": 0.0 }, "geometry": { "type": "Polygon", "coordinates": [ [ [ -84.414750409358746, 33.754913510249416 ], [ -84.413675554127636, 33.754890980692721 ], [ -84.413648588037319, 33.755788400652314 ], [ -84.414723454444882, 33.755810930968494 ], [ -84.414750409358746, 33.754913510249416 ] ] ] } },
{ "type": "Feature", "properties": { "tile_id": 334, "average_temperature": 35.5724, "min_temperature": 35.5724, "max_temperature": 35.5724, "tree_opportunity_percent": 0.0 }, "geometry": { "type": "Polygon", "coordinates": [ [ [ -84.413675554127636, 33.754890980692721 ], [ -84.412600700091488, 33.754868441790478 ], [ -84.412573722824789, 33.755765860990266 ], [ -84.413648588037319, 33.755788400652314 ], [ -84.413675554127636, 33.754890980692721 ] ] ] } },
{ "type": "Feature", "properties": { "tile_id": 335, "average_temperature": 35.554, "min_temperature": 35.554, "max_temperature": 35.554, "tree_opportunity_percent": 0.0 }, "geometry": { "type": "Polygon", "coordinates": [ [ [ -84.412600700091488, 33.754868441790478 ], [ -84.4115258472508, 33.754845893542701 ], [ -84.411498858807775, 33.755743311982378 ], [ -84.412573722824803, 33.755765860990266 ], [ -84.412600700091488, 33.754868441790478 ] ] ] } },
{ "type": "Feature", "properties": { "tile_id": 336, "average_temperature": 35.5344, "min_temperature": 35.5344, "max_temperature": 35.5344, "tree_opportunity_percent": 0.0 }, "geometry": { "type": "Polygon", "coordinates": [ [ [ -84.4115258472508, 33.754845893542701 ], [ -84.41045099560607, 33.754823335949439 ], [ -84.410423995986747, 33.755720753628687 ], [ -84.411498858807775, 33.755743311982378 ], [ -84.4115258472508, 33.754845893542701 ] ] ] } },
{ "type": "Feature", "properties": { "tile_id": 337, "average_temperature": 35.5141, "min_temperature": 35.5141, "max_temperature": 35.5141, "tree_opportunity_percent": 0.0 }, "geometry": { "type": "Polygon", "coordinates": [ [ [ -84.41045099560607, 33.754823335949446 ], [ -84.409376145157779, 33.754800769010721 ], [ -84.40934913436223, 33.755698185929234 ], [ -84.410423995986747, 33.755720753628687 ], [ -84.41045099560607, 33.754823335949446 ] ] ] } },
{ "type": "Feature", "properties": { "tile_id": 338, "average_temperature": 35.4936, "min_temperature": 35.4936, "max_temperature": 35.4936, "tree_opportunity_percent": 0.0 }, "geometry": { "type": "Polygon", "coordinates": [ [ [ -84.409376145157779, 33.754800769010721 ], [ -84.40830129590644, 33.754778192726604 ], [ -84.408274273934694, 33.755675608884033 ], [ -84.40934913436223, 33.755698185929234 ], [ -84.409376145157779, 33.754800769010721 ] ] ] } },
{ "type": "Feature", "properties": { "tile_id": 339, "average_temperature": 35.4733, "min_temperature": 35.4733, "max_temperature": 35.4733, "tree_opportunity_percent": 0.0 }, "geometry": { "type": "Polygon", "coordinates": [ [ [ -84.40830129590644, 33.754778192726604 ], [ -84.407226447852551, 33.754755607097081 ], [ -84.40719941470465, 33.755653022493149 ], [ -84.408274273934694, 33.755675608884033 ], [ -84.40830129590644, 33.754778192726604 ] ] ] } },
{ "type": "Feature", "properties": { "tile_id": 340, "average_temperature": 35.4537, "min_temperature": 35.4537, "max_temperature": 35.4537, "tree_opportunity_percent": 0.0 }, "geometry": { "type": "Polygon", "coordinates": [ [ [ -84.407226447852551, 33.754755607097081 ], [ -84.406151600996566, 33.754733012122223 ], [ -84.40612455667258, 33.755630426756603 ], [ -84.40719941470465, 33.755653022493149 ], [ -84.407226447852551, 33.754755607097081 ] ] ] } },
{ "type": "Feature", "properties": { "tile_id": 341, "average_temperature": 35.4353, "min_temperature": 35.4353, "max_temperature": 35.4353, "tree_opportunity_percent": 0.0 }, "geometry": { "type": "Polygon", "coordinates": [ [ [ -84.406151600996566, 33.754733012122223 ], [ -84.40507675533901, 33.754710407802044 ], [ -84.405049699838997, 33.755607821674417 ], [ -84.40612455667258, 33.755630426756603 ], [ -84.406151600996566, 33.754733012122223 ] ] ] } },
{ "type": "Feature", "properties": { "tile_id": 342, "average_temperature": 35.4186, "min_temperature": 35.4186, "max_temperature": 35.4186, "tree_opportunity_percent": 0.0 }, "geometry": { "type": "Polygon", "coordinates": [ [ [ -84.40507675533901, 33.754710407802044 ], [ -84.404001910880382, 33.754687794136586 ], [ -84.403974844204384, 33.755585207246639 ], [ -84.405049699838997, 33.755607821674417 ], [ -84.40507675533901, 33.754710407802044 ] ] ] } },
{ "type": "Feature", "properties": { "tile_id": 343, "average_temperature": 35.404, "min_temperature": 35.404, "max_temperature": 35.404, "tree_opportunity_percent": 0.0 }, "geometry": { "type": "Polygon", "coordinates": [ [ [ -84.404001910880382, 33.754687794136586 ], [ -84.402927067621164, 33.754665171125879 ], [ -84.402899989769224, 33.755562583473314 ], [ -84.403974844204384, 33.755585207246639 ], [ -84.404001910880382, 33.754687794136586 ] ] ] } },
{ "type": "Feature", "properties": { "tile_id": 344, "average_temperature": 35.3921, "min_temperature": 35.3921, "max_temperature": 35.3921, "tree_opportunity_percent": 0.0 }, "geometry": { "type": "Polygon", "coordinates": [ [ [ -84.402927067621164, 33.754665171125879 ], [ -84.401852225561839, 33.754642538769964 ], [ -84.401825136534015, 33.755539950354439 ], [ -84.402899989769224, 33.755562583473314 ], [ -84.402927067621164, 33.754665171125879 ] ] ] } },
{ "type": "Feature", "properties": { "tile_id": 345, "average_temperature": 35.3832, "min_temperature": 35.3832, "max_temperature": 35.3832, "tree_opportunity_percent": 0.0 }, "geometry": { "type": "Polygon", "coordinates": [ [ [ -84.401852225561839, 33.754642538769964 ], [ -84.400777384702934, 33.754619897068892 ], [ -84.400750284499267, 33.755517307890102 ], [ -84.401825136534015, 33.755539950354439 ], [ -84.401852225561839, 33.754642538769964 ] ] ] } },
{ "type": "Feature", "properties": { "tile_id": 346, "average_temperature": 35.3769, "min_temperature": 35.3769, "max_temperature": 35.3769, "tree_opportunity_percent": 0.0 }, "geometry": { "type": "Polygon", "coordinates": [ [ [ -84.400777384702934, 33.754619897068892 ], [ -84.399702545044917, 33.754597246022662 ], [ -84.399675433665479, 33.755494656080288 ], [ -84.400750284499267, 33.755517307890102 ], [ -84.400777384702934, 33.754619897068892 ] ] ] } },
{ "type": "Feature", "properties": { "tile_id": 347, "average_temperature": 35.3732, "min_temperature": 35.3732, "max_temperature": 35.3732, "tree_opportunity_percent": 0.0 }, "geometry": { "type": "Polygon", "coordinates": [ [ [ -84.399702545044917, 33.754597246022662 ], [ -84.3986277065883, 33.754574585631339 ], [ -84.398600584033119, 33.755471994925074 ], [ -84.399675433665479, 33.755494656080288 ], [ -84.399702545044917, 33.754597246022662 ] ] ] } },
{ "type": "Feature", "properties": { "tile_id": 348, "average_temperature": 35.3717, "min_temperature": 35.3717, "max_temperature": 35.3717, "tree_opportunity_percent": 0.0 }, "geometry": { "type": "Polygon", "coordinates": [ [ [ -84.3986277065883, 33.754574585631339 ], [ -84.397552869333566, 33.754551915894929 ], [ -84.397525735602699, 33.755449324424468 ], [ -84.398600584033119, 33.755471994925074 ], [ -84.3986277065883, 33.754574585631339 ] ] ] } },
{ "type": "Feature", "properties": { "tile_id": 349, "average_temperature": 35.372, "min_temperature": 35.372, "max_temperature": 35.372, "tree_opportunity_percent": 0.0 }, "geometry": { "type": "Polygon", "coordinates": [ [ [ -84.397552869333566, 33.754551915894929 ], [ -84.396478033281198, 33.754529236813489 ], [ -84.396450888374702, 33.755426644578513 ], [ -84.397525735602699, 33.755449324424468 ], [ -84.397552869333566, 33.754551915894929 ] ] ] } },
{ "type": "Feature", "properties": { "tile_id": 350, "average_temperature": 35.374, "min_temperature": 35.374, "max_temperature": 35.374, "tree_opportunity_percent": 0.0 }, "geometry": { "type": "Polygon", "coordinates": [ [ [ -84.396478033281198, 33.754529236813489 ], [ -84.395403198431708, 33.754506548387056 ], [ -84.395376042349625, 33.75540395538723 ], [ -84.396450888374702, 33.755426644578513 ], [ -84.396478033281198, 33.754529236813489 ] ] ] } },
{ "type": "Feature", "properties": { "tile_id": 351, "average_temperature": 35.3773, "min_temperature": 35.3773, "max_temperature": 35.3773, "tree_opportunity_percent": 0.0 }, "geometry": { "type": "Polygon", "coordinates": [ [ [ -84.395403198431708, 33.754506548387056 ], [ -84.394328364785579, 33.754483850615649 ], [ -84.39430119752798, 33.755381256850676 ], [ -84.395376042349639, 33.75540395538723 ], [ -84.395403198431708, 33.754506548387056 ] ] ] } },
{ "type": "Feature", "properties": { "tile_id": 352, "average_temperature": 35.3816, "min_temperature": 35.3816, "max_temperature": 35.3816, "tree_opportunity_percent": 0.0 }, "geometry": { "type": "Polygon", "coordinates": [ [ [ -84.394328364785579, 33.754483850615649 ], [ -84.393253532343323, 33.754461143499313 ], [ -84.393226353910237, 33.755358548968886 ], [ -84.39430119752798, 33.755381256850676 ], [ -84.394328364785579, 33.754483850615649 ] ] ] } },
{ "type": "Feature", "properties": { "tile_id": 353, "average_temperature": 35.3867, "min_temperature": 35.3867, "max_temperature": 35.3867, "tree_opportunity_percent": 0.0 }, "geometry": { "type": "Polygon", "coordinates": [ [ [ -84.393253532343337, 33.754461143499313 ], [ -84.392178701105422, 33.754438427038089 ], [ -84.392151511496905, 33.755335831741874 ], [ -84.393226353910237, 33.755358548968886 ], [ -84.393253532343337, 33.754461143499313 ] ] ] } },
{ "type": "Feature", "properties": { "tile_id": 354, "average_temperature": 35.3922, "min_temperature": 35.3922, "max_temperature": 35.3922, "tree_opportunity_percent": 0.0 }, "geometry": { "type": "Polygon", "coordinates": [ [ [ -84.392178701105422, 33.754438427038089 ], [ -84.391103871072374, 33.754415701231991 ], [ -84.39107667028847, 33.755313105169684 ], [ -84.392151511496905, 33.755335831741874 ], [ -84.392178701105422, 33.754438427038089 ] ] ] } },
{ "type": "Feature", "properties": { "tile_id": 355, "average_temperature": 35.3978, "min_temperature": 35.3978, "max_temperature": 35.3978, "tree_opportunity_percent": 0.0 }, "geometry": { "type": "Polygon", "coordinates": [ [ [ -84.391103871072374, 33.754415701231991 ], [ -84.390029042244649, 33.754392966081085 ], [ -84.390001830285442, 33.755290369252371 ], [ -84.39107667028847, 33.755313105169684 ], [ -84.391103871072374, 33.754415701231991 ] ] ] } },
{ "type": "Feature", "properties": { "tile_id": 356, "average_temperature": 35.4032, "min_temperature": 35.4032, "max_temperature": 35.4032, "tree_opportunity_percent": 0.0 }, "geometry": { "type": "Polygon", "coordinates": [ [ [ -84.390029042244649, 33.754392966081085 ], [ -84.388954214622785, 33.754370221585368 ], [ -84.38892699148829, 33.755267623989944 ], [ -84.390001830285442, 33.755290369252371 ], [ -84.390029042244649, 33.754392966081085 ] ] ] } },
{ "type": "Feature", "properties": { "tile_id": 357, "average_temperature": 35.4081, "min_temperature": 35.4081, "max_temperature": 35.4081, "tree_opportunity_percent": 0.0 }, "geometry": { "type": "Polygon", "coordinates": [ [ [ -84.388954214622785, 33.754370221585368 ], [ -84.387879388207253, 33.754347467744907 ], [ -84.387852153897526, 33.755244869382437 ], [ -84.38892699148829, 33.755267623989944 ], [ -84.388954214622785, 33.754370221585368 ] ] ] } },
{ "type": "Feature", "properties": { "tile_id": 358, "average_temperature": 35.4121, "min_temperature": 35.4121, "max_temperature": 35.4121, "tree_opportunity_percent": 0.0 }, "geometry": { "type": "Polygon", "coordinates": [ [ [ -84.387879388207253, 33.754347467744907 ], [ -84.386804562998535, 33.754324704559735 ], [ -84.386777317513619, 33.755222105429901 ], [ -84.387852153897526, 33.755244869382437 ], [ -84.387879388207253, 33.754347467744907 ] ] ] } },
{ "type": "Feature", "properties": { "tile_id": 359, "average_temperature": 35.4148, "min_temperature": 35.4148, "max_temperature": 35.4148, "tree_opportunity_percent": 0.0 }, "geometry": { "type": "Polygon", "coordinates": [ [ [ -84.386804562998535, 33.754324704559735 ], [ -84.385729738997142, 33.754301932029854 ], [ -84.385702482337123, 33.755199332132364 ], [ -84.386777317513634, 33.755222105429901 ], [ -84.386804562998535, 33.754324704559735 ] ] ] } },
{ "type": "Feature", "properties": { "tile_id": 360, "average_temperature": 35.4159, "min_temperature": 35.4159, "max_temperature": 35.4159, "tree_opportunity_percent": 0.0 }, "geometry": { "type": "Polygon", "coordinates": [ [ [ -84.385729738997142, 33.754301932029854 ], [ -84.384654916203573, 33.754279150155341 ], [ -84.384627648368465, 33.75517654948986 ], [ -84.385702482337123, 33.755199332132364 ], [ -84.385729738997142, 33.754301932029854 ] ] ] } },
{ "type": "Feature", "properties": { "tile_id": 361, "average_temperature": 35.415, "min_temperature": 35.415, "max_temperature": 35.415, "tree_opportunity_percent": 0.0 }, "geometry": { "type": "Polygon", "coordinates": [ [ [ -84.384654916203573, 33.754279150155341 ], [ -84.38358009461831, 33.754256358936203 ], [ -84.383552815608184, 33.755153757502434 ], [ -84.384627648368465, 33.75517654948986 ], [ -84.384654916203573, 33.754279150155341 ] ] ] } },
{ "type": "Feature", "properties": { "tile_id": 362, "average_temperature": 35.4118, "min_temperature": 35.4118, "max_temperature": 35.4118, "tree_opportunity_percent": 0.0 }, "geometry": { "type": "Polygon", "coordinates": [ [ [ -84.38358009461831, 33.754256358936203 ], [ -84.382505274241836, 33.754233558372491 ], [ -84.382477984056734, 33.755130956170099 ], [ -84.383552815608184, 33.755153757502434 ], [ -84.38358009461831, 33.754256358936203 ] ] ] } },
{ "type": "Feature", "properties": { "tile_id": 363, "average_temperature": 35.4059, "min_temperature": 35.4059, "max_temperature": 35.4059, "tree_opportunity_percent": 0.0 }, "geometry": { "type": "Polygon", "coordinates": [ [ [ -84.382505274241851, 33.754233558372491 ], [ -84.381430455074678, 33.754210748464217 ], [ -84.381403153714658, 33.755108145492919 ], [ -84.382477984056749, 33.755130956170099 ], [ -84.382505274241851, 33.754233558372491 ] ] ] } },
{ "type": "Feature", "properties": { "tile_id": 364, "average_temperature": 35.3969, "min_temperature": 35.3969, "max_temperature": 35.3969, "tree_opportunity_percent": 0.0 }, "geometry": { "type": "Polygon", "coordinates": [ [ [ -84.381430455074678, 33.754210748464217 ], [ -84.380355637117319, 33.754187929211454 ], [ -84.380328324582422, 33.755085325470901 ], [ -84.381403153714658, 33.755108145492919 ], [ -84.381430455074678, 33.754210748464217 ] ] ] } },
{ "type": "Feature", "properties": { "tile_id": 365, "average_temperature": 35.3846, "min_temperature": 35.3846, "max_temperature": 35.3846, "tree_opportunity_percent": 0.0 }, "geometry": { "type": "Polygon", "coordinates": [ [ [ -84.380355637117319, 33.754187929211454 ], [ -84.379280820370226, 33.754165100614195 ], [ -84.37925349666051, 33.755062496104095 ], [ -84.380328324582422, 33.755085325470901 ], [ -84.380355637117319, 33.754187929211454 ] ] ] } },
{ "type": "Feature", "properties": { "tile_id": 366, "average_temperature": 35.3692, "min_temperature": 35.3692, "max_temperature": 35.3692, "tree_opportunity_percent": 0.0 }, "geometry": { "type": "Polygon", "coordinates": [ [ [ -84.379280820370226, 33.754165100614195 ], [ -84.378206004833913, 33.754142262672509 ], [ -84.378178669949449, 33.755039657392537 ], [ -84.37925349666051, 33.755062496104095 ], [ -84.379280820370226, 33.754165100614195 ] ] ] } },
{ "type": "Feature", "properties": { "tile_id": 367, "average_temperature": 35.3513, "min_temperature": 35.3513, "max_temperature": 35.3513, "tree_opportunity_percent": 0.0 }, "geometry": { "type": "Polygon", "coordinates": [ [ [ -84.378206004833913, 33.754142262672509 ], [ -84.377131190508891, 33.75411941538642 ], [ -84.377103844449692, 33.755016809336254 ], [ -84.378178669949449, 33.755039657392537 ], [ -84.378206004833913, 33.754142262672509 ] ] ] } },
{ "type": "Feature", "properties": { "tile_id": 368, "average_temperature": 35.3318, "min_temperature": 35.3318, "max_temperature": 35.3318, "tree_opportunity_percent": 0.0 }, "geometry": { "type": "Polygon", "coordinates": [ [ [ -84.377131190508891, 33.75411941538642 ], [ -84.376056377395628, 33.754096558755961 ], [ -84.376029020161766, 33.754993951935298 ], [ -84.377103844449692, 33.755016809336254 ], [ -84.377131190508891, 33.75411941538642 ] ] ] } },
{ "type": "Feature", "properties": { "tile_id": 369, "average_temperature": 35.3112, "min_temperature": 35.3112, "max_temperature": 35.3112, "tree_opportunity_percent": 0.0 }, "geometry": { "type": "Polygon", "coordinates": [ [ [ -84.376056377395628, 33.754096558755961 ], [ -84.374981565494636, 33.754073692781155 ], [ -84.374954197086169, 33.754971085189688 ], [ -84.376029020161766, 33.754993951935298 ], [ -84.376056377395628, 33.754096558755961 ] ] ] } },
{ "type": "Feature", "properties": { "tile_id": 370, "average_temperature": 35.5794, "min_temperature": 35.5794, "max_temperature": 35.5794, "tree_opportunity_percent": 0.0 }, "geometry": { "type": "Polygon", "coordinates": [ [ [ -84.414723454444882, 33.755810930968494 ], [ -84.413648588037319, 33.755788400652314 ], [ -84.413621620753077, 33.756685820462216 ], [ -84.414696498337563, 33.756708351537895 ], [ -84.414723454444882, 33.755810930968494 ] ] ] } },
{ "type": "Feature", "properties": { "tile_id": 371, "average_temperature": 35.5635, "min_temperature": 35.5635, "max_temperature": 35.5635, "tree_opportunity_percent": 0.0 }, "geometry": { "type": "Polygon", "coordinates": [ [ [ -84.413648588037319, 33.755788400652314 ], [ -84.412573722824789, 33.755765860990266 ], [ -84.412546744363667, 33.75666328004035 ], [ -84.413621620753077, 33.756685820462216 ], [ -84.413648588037319, 33.755788400652314 ] ] ] } },
{ "type": "Feature", "properties": { "tile_id": 372, "average_temperature": 35.546, "min_temperature": 35.546, "max_temperature": 35.546, "tree_opportunity_percent": 0.0 }, "geometry": { "type": "Polygon", "coordinates": [ [ [ -84.412573722824803, 33.755765860990266 ], [ -84.411498858807775, 33.755743311982378 ], [ -84.411471869169802, 33.756640730272323 ], [ -84.412546744363667, 33.75666328004035 ], [ -84.412573722824803, 33.755765860990266 ] ] ] } },
{ "type": "Feature", "properties": { "tile_id": 373, "average_temperature": 35.5274, "min_temperature": 35.5274, "max_temperature": 35.5274, "tree_opportunity_percent": 0.0 }, "geometry": { "type": "Polygon", "coordinates": [ [ [ -84.411498858807775, 33.755743311982378 ], [ -84.410423995986747, 33.755720753628687 ], [ -84.410396995172007, 33.756618171158195 ], [ -84.411471869169802, 33.756640730272323 ], [ -84.411498858807775, 33.755743311982378 ] ] ] } },
{ "type": "Feature", "properties": { "tile_id": 374, "average_temperature": 35.5081, "min_temperature": 35.5081, "max_temperature": 35.5081, "tree_opportunity_percent": 0.0 }, "geometry": { "type": "Polygon", "coordinates": [ [ [ -84.410423995986747, 33.755720753628687 ], [ -84.40934913436223, 33.755698185929234 ], [ -84.409322122370739, 33.756595602697971 ], [ -84.410396995172007, 33.756618171158195 ], [ -84.410423995986747, 33.755720753628687 ] ] ] } },
{ "type": "Feature", "properties": { "tile_id": 375, "average_temperature": 35.4885, "min_temperature": 35.4885, "max_temperature": 35.4885, "tree_opportunity_percent": 0.0 }, "geometry": { "type": "Polygon", "coordinates": [ [ [ -84.40934913436223, 33.755698185929234 ], [ -84.408274273934694, 33.755675608884033 ], [ -84.408247250766522, 33.756573024891715 ], [ -84.409322122370739, 33.756595602697971 ], [ -84.40934913436223, 33.755698185929234 ] ] ] } },
{ "type": "Feature", "properties": { "tile_id": 376, "average_temperature": 35.4691, "min_temperature": 35.4691, "max_temperature": 35.4691, "tree_opportunity_percent": 0.0 }, "geometry": { "type": "Polygon", "coordinates": [ [ [ -84.408274273934694, 33.755675608884033 ], [ -84.40719941470465, 33.755653022493149 ], [ -84.407172380359853, 33.756550437739428 ], [ -84.408247250766522, 33.756573024891715 ], [ -84.408274273934694, 33.755675608884033 ] ] ] } },
{ "type": "Feature", "properties": { "tile_id": 377, "average_temperature": 35.4504, "min_temperature": 35.4504, "max_temperature": 35.4504, "tree_opportunity_percent": 0.0 }, "geometry": { "type": "Polygon", "coordinates": [ [ [ -84.40719941470465, 33.755653022493149 ], [ -84.40612455667258, 33.755630426756603 ], [ -84.406097511151202, 33.756527841241173 ], [ -84.407172380359853, 33.756550437739428 ], [ -84.40719941470465, 33.755653022493149 ] ] ] } },
{ "type": "Feature", "properties": { "tile_id": 378, "average_temperature": 35.4328, "min_temperature": 35.4328, "max_temperature": 35.4328, "tree_opportunity_percent": 0.0 }, "geometry": { "type": "Polygon", "coordinates": [ [ [ -84.40612455667258, 33.755630426756603 ], [ -84.405049699838997, 33.755607821674417 ], [ -84.405022643141081, 33.756505235396965 ], [ -84.406097511151202, 33.756527841241173 ], [ -84.40612455667258, 33.755630426756603 ] ] ] } },
{ "type": "Feature", "properties": { "tile_id": 379, "average_temperature": 35.4168, "min_temperature": 35.4168, "max_temperature": 35.4168, "tree_opportunity_percent": 0.0 }, "geometry": { "type": "Polygon", "coordinates": [ [ [ -84.405049699838997, 33.755607821674417 ], [ -84.403974844204384, 33.755585207246639 ], [ -84.403947776329971, 33.756482620206867 ], [ -84.405022643141081, 33.756505235396965 ], [ -84.405049699838997, 33.755607821674417 ] ] ] } },
{ "type": "Feature", "properties": { "tile_id": 380, "average_temperature": 35.4028, "min_temperature": 35.4028, "max_temperature": 35.4028, "tree_opportunity_percent": 0.0 }, "geometry": { "type": "Polygon", "coordinates": [ [ [ -84.403974844204384, 33.755585207246639 ], [ -84.402899989769224, 33.755562583473314 ], [ -84.402872910718401, 33.75645999567088 ], [ -84.403947776329971, 33.756482620206867 ], [ -84.403974844204384, 33.755585207246639 ] ] ] } },
{ "type": "Feature", "properties": { "tile_id": 381, "average_temperature": 35.3914, "min_temperature": 35.3914, "max_temperature": 35.3914, "tree_opportunity_percent": 0.0 }, "geometry": { "type": "Polygon", "coordinates": [ [ [ -84.402899989769224, 33.755562583473314 ], [ -84.401825136534015, 33.755539950354439 ], [ -84.401798046306823, 33.756437361789054 ], [ -84.402872910718401, 33.75645999567088 ], [ -84.402899989769224, 33.755562583473314 ] ] ] } },
{ "type": "Feature", "properties": { "tile_id": 382, "average_temperature": 35.3828, "min_temperature": 35.3828, "max_temperature": 35.3828, "tree_opportunity_percent": 0.0 }, "geometry": { "type": "Polygon", "coordinates": [ [ [ -84.401825136534015, 33.755539950354439 ], [ -84.400750284499267, 33.755517307890102 ], [ -84.400723183095749, 33.75641471856143 ], [ -84.401798046306823, 33.756437361789054 ], [ -84.401825136534015, 33.755539950354439 ] ] ] } },
{ "type": "Feature", "properties": { "tile_id": 383, "average_temperature": 35.3769, "min_temperature": 35.3769, "max_temperature": 35.3769, "tree_opportunity_percent": 0.0 }, "geometry": { "type": "Polygon", "coordinates": [ [ [ -84.400750284499267, 33.755517307890102 ], [ -84.399675433665479, 33.755494656080288 ], [ -84.399648321085664, 33.756392065988038 ], [ -84.400723183095749, 33.75641471856143 ], [ -84.400750284499267, 33.755517307890102 ] ] ] } },
{ "type": "Feature", "properties": { "tile_id": 384, "average_temperature": 35.3733, "min_temperature": 35.3733, "max_temperature": 35.3733, "tree_opportunity_percent": 0.0 }, "geometry": { "type": "Polygon", "coordinates": [ [ [ -84.399675433665479, 33.755494656080288 ], [ -84.398600584033119, 33.755471994925074 ], [ -84.398573460277078, 33.756369404068906 ], [ -84.399648321085664, 33.756392065988038 ], [ -84.399675433665479, 33.755494656080288 ] ] ] } },
{ "type": "Feature", "properties": { "tile_id": 385, "average_temperature": 35.3718, "min_temperature": 35.3718, "max_temperature": 35.3718, "tree_opportunity_percent": 0.0 }, "geometry": { "type": "Polygon", "coordinates": [ [ [ -84.398600584033119, 33.755471994925074 ], [ -84.397525735602699, 33.755449324424468 ], [ -84.397498600670474, 33.756346732804076 ], [ -84.398573460277078, 33.756369404068906 ], [ -84.398600584033119, 33.755471994925074 ] ] ] } },
{ "type": "Feature", "properties": { "tile_id": 386, "average_temperature": 35.3722, "min_temperature": 35.3722, "max_temperature": 35.3722, "tree_opportunity_percent": 0.0 }, "geometry": { "type": "Polygon", "coordinates": [ [ [ -84.397525735602699, 33.755449324424468 ], [ -84.396450888374702, 33.755426644578513 ], [ -84.396423742266364, 33.756324052193584 ], [ -84.397498600670474, 33.756346732804076 ], [ -84.397525735602699, 33.755449324424468 ] ] ] } },
{ "type": "Feature", "properties": { "tile_id": 387, "average_temperature": 35.3741, "min_temperature": 35.3741, "max_temperature": 35.3741, "tree_opportunity_percent": 0.0 }, "geometry": { "type": "Polygon", "coordinates": [ [ [ -84.396450888374702, 33.755426644578513 ], [ -84.395376042349625, 33.75540395538723 ], [ -84.395348885065204, 33.756301362237458 ], [ -84.396423742266364, 33.756324052193584 ], [ -84.396450888374702, 33.755426644578513 ] ] ] } },
{ "type": "Feature", "properties": { "tile_id": 388, "average_temperature": 35.3774, "min_temperature": 35.3774, "max_temperature": 35.3774, "tree_opportunity_percent": 0.0 }, "geometry": { "type": "Polygon", "coordinates": [ [ [ -84.395376042349639, 33.75540395538723 ], [ -84.39430119752798, 33.755381256850676 ], [ -84.394274029067532, 33.756278662935735 ], [ -84.395348885065204, 33.756301362237458 ], [ -84.395376042349639, 33.75540395538723 ] ] ] } },
{ "type": "Feature", "properties": { "tile_id": 389, "average_temperature": 35.3816, "min_temperature": 35.3816, "max_temperature": 35.3816, "tree_opportunity_percent": 0.0 }, "geometry": { "type": "Polygon", "coordinates": [ [ [ -84.39430119752798, 33.755381256850676 ], [ -84.393226353910237, 33.755358548968886 ], [ -84.393199174273818, 33.756255954288456 ], [ -84.394274029067532, 33.756278662935735 ], [ -84.39430119752798, 33.755381256850676 ] ] ] } },
{ "type": "Feature", "properties": { "tile_id": 390, "average_temperature": 35.3866, "min_temperature": 35.3866, "max_temperature": 35.3866, "tree_opportunity_percent": 0.0 }, "geometry": { "type": "Polygon", "coordinates": [ [ [ -84.393226353910237, 33.755358548968886 ], [ -84.392151511496905, 33.755335831741874 ], [ -84.392124320684559, 33.756233236295664 ], [ -84.393199174273818, 33.756255954288456 ], [ -84.393226353910237, 33.755358548968886 ] ] ] } },
{ "type": "Feature", "properties": { "tile_id": 391, "average_temperature": 35.392, "min_temperature": 35.392, "max_temperature": 35.392, "tree_opportunity_percent": 0.0 }, "geometry": { "type": "Polygon", "coordinates": [ [ [ -84.392151511496905, 33.755335831741874 ], [ -84.39107667028847, 33.755313105169684 ], [ -84.391049468300253, 33.756210508957366 ], [ -84.392124320684559, 33.756233236295664 ], [ -84.392151511496905, 33.755335831741874 ] ] ] } },
{ "type": "Feature", "properties": { "tile_id": 392, "average_temperature": 35.3976, "min_temperature": 35.3976, "max_temperature": 35.3976, "tree_opportunity_percent": 0.0 }, "geometry": { "type": "Polygon", "coordinates": [ [ [ -84.39107667028847, 33.755313105169684 ], [ -84.390001830285442, 33.755290369252371 ], [ -84.389974617121382, 33.75618777227362 ], [ -84.391049468300253, 33.756210508957366 ], [ -84.39107667028847, 33.755313105169684 ] ] ] } },
{ "type": "Feature", "properties": { "tile_id": 393, "average_temperature": 35.403, "min_temperature": 35.403, "max_temperature": 35.403, "tree_opportunity_percent": 0.0 }, "geometry": { "type": "Polygon", "coordinates": [ [ [ -84.390001830285442, 33.755290369252371 ], [ -84.38892699148829, 33.755267623989944 ], [ -84.388899767148473, 33.756165026244446 ], [ -84.389974617121382, 33.75618777227362 ], [ -84.390001830285442, 33.755290369252371 ] ] ] } },
{ "type": "Feature", "properties": { "tile_id": 394, "average_temperature": 35.4078, "min_temperature": 35.4078, "max_temperature": 35.4078, "tree_opportunity_percent": 0.0 }, "geometry": { "type": "Polygon", "coordinates": [ [ [ -84.38892699148829, 33.755267623989944 ], [ -84.387852153897526, 33.755244869382437 ], [ -84.38782491838198, 33.756142270869887 ], [ -84.388899767148473, 33.756165026244446 ], [ -84.38892699148829, 33.755267623989944 ] ] ] } },
{ "type": "Feature", "properties": { "tile_id": 395, "average_temperature": 35.4118, "min_temperature": 35.4118, "max_temperature": 35.4118, "tree_opportunity_percent": 0.0 }, "geometry": { "type": "Polygon", "coordinates": [ [ [ -84.387852153897526, 33.755244869382437 ], [ -84.386777317513619, 33.755222105429901 ], [ -84.38675007082243, 33.756119506149986 ], [ -84.38782491838198, 33.756142270869887 ], [ -84.387852153897526, 33.755244869382437 ] ] ] } },
{ "type": "Feature", "properties": { "tile_id": 396, "average_temperature": 35.4145, "min_temperature": 35.4145, "max_temperature": 35.4145, "tree_opportunity_percent": 0.0 }, "geometry": { "type": "Polygon", "coordinates": [ [ [ -84.386777317513634, 33.755222105429901 ], [ -84.385702482337123, 33.755199332132364 ], [ -84.38567522447029, 33.756096732084771 ], [ -84.38675007082243, 33.756119506149986 ], [ -84.386777317513634, 33.755222105429901 ] ] ] } },
{ "type": "Feature", "properties": { "tile_id": 397, "average_temperature": 35.4155, "min_temperature": 35.4155, "max_temperature": 35.4155, "tree_opportunity_percent": 0.0 }, "geometry": { "type": "Polygon", "coordinates": [ [ [ -84.385702482337123, 33.755199332132364 ], [ -84.384627648368465, 33.75517654948986 ], [ -84.384600379326088, 33.756073948674263 ], [ -84.38567522447029, 33.756096732084771 ], [ -84.385702482337123, 33.755199332132364 ] ] ] } },
{ "type": "Feature", "properties": { "tile_id": 398, "average_temperature": 35.4146, "min_temperature": 35.4146, "max_temperature": 35.4146, "tree_opportunity_percent": 0.0 }, "geometry": { "type": "Polygon", "coordinates": [ [ [ -84.384627648368465, 33.75517654948986 ], [ -84.383552815608184, 33.755153757502434 ], [ -84.383525535390277, 33.756051155918534 ], [ -84.384600379326088, 33.756073948674263 ], [ -84.384627648368465, 33.75517654948986 ] ] ] } },
{ "type": "Feature", "properties": { "tile_id": 399, "average_temperature": 35.4114, "min_temperature": 35.4114, "max_temperature": 35.4114, "tree_opportunity_percent": 0.0 }, "geometry": { "type": "Polygon", "coordinates": [ [ [ -84.383552815608184, 33.755153757502434 ], [ -84.382477984056734, 33.755130956170099 ], [ -84.382450692663369, 33.756028353817577 ], [ -84.383525535390277, 33.756051155918534 ], [ -84.383552815608184, 33.755153757502434 ] ] ] } },
{ "type": "Feature", "properties": { "tile_id": 400, "average_temperature": 35.4054, "min_temperature": 35.4054, "max_temperature": 35.4054, "tree_opportunity_percent": 0.0 }, "geometry": { "type": "Polygon", "coordinates": [ [ [ -84.382477984056749, 33.755130956170099 ], [ -84.381403153714658, 33.755108145492919 ], [ -84.381375851145876, 33.75600554237144 ], [ -84.382450692663369, 33.756028353817577 ], [ -84.382477984056749, 33.755130956170099 ] ] ] } },
{ "type": "Feature", "properties": { "tile_id": 401, "average_temperature": 35.3964, "min_temperature": 35.3964, "max_temperature": 35.3964, "tree_opportunity_percent": 0.0 }, "geometry": { "type": "Polygon", "coordinates": [ [ [ -84.381403153714658, 33.755108145492919 ], [ -84.380328324582422, 33.755085325470901 ], [ -84.380301010838281, 33.755982721580175 ], [ -84.381375851145876, 33.75600554237144 ], [ -84.381403153714658, 33.755108145492919 ] ] ] } },
{ "type": "Feature", "properties": { "tile_id": 402, "average_temperature": 35.384, "min_temperature": 35.384, "max_temperature": 35.384, "tree_opportunity_percent": 0.0 }, "geometry": { "type": "Polygon", "coordinates": [ [ [ -84.380328324582422, 33.755085325470901 ], [ -84.37925349666051, 33.755062496104095 ], [ -84.379226171741053, 33.755959891443801 ], [ -84.380301010838281, 33.755982721580175 ], [ -84.380328324582422, 33.755085325470901 ] ] ] } },
{ "type": "Feature", "properties": { "tile_id": 403, "average_temperature": 35.3686, "min_temperature": 35.3686, "max_temperature": 35.3686, "tree_opportunity_percent": 0.0 }, "geometry": { "type": "Polygon", "coordinates": [ [ [ -84.37925349666051, 33.755062496104095 ], [ -84.378178669949449, 33.755039657392537 ], [ -84.378151333854717, 33.755937051962356 ], [ -84.379226171741053, 33.755959891443801 ], [ -84.37925349666051, 33.755062496104095 ] ] ] } },
{ "type": "Feature", "properties": { "tile_id": 404, "average_temperature": 35.3507, "min_temperature": 35.3507, "max_temperature": 35.3507, "tree_opportunity_percent": 0.0 }, "geometry": { "type": "Polygon", "coordinates": [ [ [ -84.378178669949449, 33.755039657392537 ], [ -84.377103844449692, 33.755016809336254 ], [ -84.377076497179758, 33.75591420313588 ], [ -84.378151333854731, 33.755937051962356 ], [ -84.378178669949449, 33.755039657392537 ] ] ] } },
{ "type": "Feature", "properties": { "tile_id": 405, "average_temperature": 35.3312, "min_temperature": 35.3312, "max_temperature": 35.3312, "tree_opportunity_percent": 0.0 }, "geometry": { "type": "Polygon", "coordinates": [ [ [ -84.377103844449692, 33.755016809336254 ], [ -84.376029020161766, 33.754993951935298 ], [ -84.376001661716685, 33.755891344964404 ], [ -84.377076497179772, 33.75591420313588 ], [ -84.377103844449692, 33.755016809336254 ] ] ] } },
{ "type": "Feature", "properties": { "tile_id": 406, "average_temperature": 35.3107, "min_temperature": 35.3107, "max_temperature": 35.3107, "tree_opportunity_percent": 0.0 }, "geometry": { "type": "Polygon", "coordinates": [ [ [ -84.376029020161766, 33.754993951935298 ], [ -84.374954197086169, 33.754971085189688 ], [ -84.374926827465956, 33.755868477447969 ], [ -84.376001661716685, 33.755891344964404 ], [ -84.376029020161766, 33.754993951935298 ] ] ] } },
{ "type": "Feature", "properties": { "tile_id": 407, "average_temperature": 35.5653, "min_temperature": 35.5653, "max_temperature": 35.5653, "tree_opportunity_percent": 0.0 }, "geometry": { "type": "Polygon", "coordinates": [ [ [ -84.414696498337563, 33.756708351537895 ], [ -84.413621620753077, 33.756685820462216 ], [ -84.413594652274838, 33.757583240122415 ], [ -84.414669541036744, 33.757605771957614 ], [ -84.414696498337563, 33.756708351537895 ] ] ] } },
{ "type": "Feature", "properties": { "tile_id": 408, "average_temperature": 35.5505, "min_temperature": 35.5505, "max_temperature": 35.5505, "tree_opportunity_percent": 0.0 }, "geometry": { "type": "Polygon", "coordinates": [ [ [ -84.413621620753077, 33.756685820462216 ], [ -84.412546744363667, 33.75666328004035 ], [ -84.412519764708037, 33.757560698940715 ], [ -84.413594652274838, 33.757583240122415 ], [ -84.413621620753077, 33.756685820462216 ] ] ] } },
{ "type": "Feature", "properties": { "tile_id": 409, "average_temperature": 35.5343, "min_temperature": 35.5343, "max_temperature": 35.5343, "tree_opportunity_percent": 0.0 }, "geometry": { "type": "Polygon", "coordinates": [ [ [ -84.412546744363667, 33.75666328004035 ], [ -84.411471869169802, 33.756640730272323 ], [ -84.411444878336852, 33.757538148412543 ], [ -84.412519764708037, 33.757560698940715 ], [ -84.412546744363667, 33.75666328004035 ] ] ] } },
{ "type": "Feature", "properties": { "tile_id": 410, "average_temperature": 35.5169, "min_temperature": 35.5169, "max_temperature": 35.5169, "tree_opportunity_percent": 0.0 }, "geometry": { "type": "Polygon", "coordinates": [ [ [ -84.411471869169802, 33.756640730272323 ], [ -84.410396995172007, 33.756618171158195 ], [ -84.41036999316178, 33.757515588537942 ], [ -84.411444878336852, 33.757538148412543 ], [ -84.411471869169802, 33.756640730272323 ] ] ] } },
{ "type": "Feature", "properties": { "tile_id": 411, "average_temperature": 35.499, "min_temperature": 35.499, "max_temperature": 35.499, "tree_opportunity_percent": 0.0 }, "geometry": { "type": "Polygon", "coordinates": [ [ [ -84.410396995172007, 33.756618171158195 ], [ -84.409322122370739, 33.756595602697971 ], [ -84.409295109183276, 33.757493019316954 ], [ -84.41036999316178, 33.757515588537942 ], [ -84.410396995172007, 33.756618171158195 ] ] ] } },
{ "type": "Feature", "properties": { "tile_id": 412, "average_temperature": 35.4807, "min_temperature": 35.4807, "max_temperature": 35.4807, "tree_opportunity_percent": 0.0 }, "geometry": { "type": "Polygon", "coordinates": [ [ [ -84.409322122370739, 33.756595602697971 ], [ -84.408247250766522, 33.756573024891715 ], [ -84.408220226401895, 33.7574704407496 ], [ -84.409295109183276, 33.757493019316954 ], [ -84.409322122370739, 33.756595602697971 ] ] ] } },
{ "type": "Feature", "properties": { "tile_id": 413, "average_temperature": 35.4627, "min_temperature": 35.4627, "max_temperature": 35.4627, "tree_opportunity_percent": 0.0 }, "geometry": { "type": "Polygon", "coordinates": [ [ [ -84.408247250766522, 33.756573024891715 ], [ -84.407172380359853, 33.756550437739428 ], [ -84.40714534481809, 33.757447852835917 ], [ -84.408220226401895, 33.7574704407496 ], [ -84.408247250766522, 33.756573024891715 ] ] ] } },
{ "type": "Feature", "properties": { "tile_id": 414, "average_temperature": 35.4452, "min_temperature": 35.4452, "max_temperature": 35.4452, "tree_opportunity_percent": 0.0 }, "geometry": { "type": "Polygon", "coordinates": [ [ [ -84.407172380359853, 33.756550437739428 ], [ -84.406097511151202, 33.756527841241173 ], [ -84.406070464432361, 33.757425255575939 ], [ -84.40714534481809, 33.757447852835917 ], [ -84.407172380359853, 33.756550437739428 ] ] ] } },
{ "type": "Feature", "properties": { "tile_id": 415, "average_temperature": 35.4289, "min_temperature": 35.4289, "max_temperature": 35.4289, "tree_opportunity_percent": 0.0 }, "geometry": { "type": "Polygon", "coordinates": [ [ [ -84.406097511151202, 33.756527841241173 ], [ -84.405022643141081, 33.756505235396965 ], [ -84.404995585245217, 33.757402648969709 ], [ -84.406070464432361, 33.757425255575939 ], [ -84.406097511151202, 33.756527841241173 ] ] ] } },
{ "type": "Feature", "properties": { "tile_id": 416, "average_temperature": 35.4139, "min_temperature": 35.4139, "max_temperature": 35.4139, "tree_opportunity_percent": 0.0 }, "geometry": { "type": "Polygon", "coordinates": [ [ [ -84.405022643141081, 33.756505235396965 ], [ -84.403947776329971, 33.756482620206867 ], [ -84.403920707257143, 33.757380033017242 ], [ -84.404995585245217, 33.757402648969709 ], [ -84.405022643141081, 33.756505235396965 ] ] ] } },
{ "type": "Feature", "properties": { "tile_id": 417, "average_temperature": 35.4009, "min_temperature": 35.4009, "max_temperature": 35.4009, "tree_opportunity_percent": 0.0 }, "geometry": { "type": "Polygon", "coordinates": [ [ [ -84.403947776329971, 33.756482620206867 ], [ -84.402872910718401, 33.75645999567088 ], [ -84.402845830468635, 33.757357407718594 ], [ -84.403920707257143, 33.757380033017242 ], [ -84.403947776329971, 33.756482620206867 ] ] ] } },
{ "type": "Feature", "properties": { "tile_id": 418, "average_temperature": 35.3903, "min_temperature": 35.3903, "max_temperature": 35.3903, "tree_opportunity_percent": 0.0 }, "geometry": { "type": "Polygon", "coordinates": [ [ [ -84.402872910718401, 33.75645999567088 ], [ -84.401798046306823, 33.756437361789054 ], [ -84.401770954880178, 33.757334773073794 ], [ -84.402845830468635, 33.757357407718594 ], [ -84.402872910718401, 33.75645999567088 ] ] ] } },
{ "type": "Feature", "properties": { "tile_id": 419, "average_temperature": 35.3822, "min_temperature": 35.3822, "max_temperature": 35.3822, "tree_opportunity_percent": 0.0 }, "geometry": { "type": "Polygon", "coordinates": [ [ [ -84.401798046306823, 33.756437361789054 ], [ -84.400723183095749, 33.75641471856143 ], [ -84.400696080492281, 33.757312129082877 ], [ -84.401770954880178, 33.757334773073794 ], [ -84.401798046306823, 33.756437361789054 ] ] ] } },
{ "type": "Feature", "properties": { "tile_id": 420, "average_temperature": 35.3767, "min_temperature": 35.3767, "max_temperature": 35.3767, "tree_opportunity_percent": 0.0 }, "geometry": { "type": "Polygon", "coordinates": [ [ [ -84.400723183095749, 33.75641471856143 ], [ -84.399648321085664, 33.756392065988038 ], [ -84.399621207305429, 33.757289475745871 ], [ -84.400696080492281, 33.757312129082877 ], [ -84.400723183095749, 33.75641471856143 ] ] ] } },
{ "type": "Feature", "properties": { "tile_id": 421, "average_temperature": 35.3733, "min_temperature": 35.3733, "max_temperature": 35.3733, "tree_opportunity_percent": 0.0 }, "geometry": { "type": "Polygon", "coordinates": [ [ [ -84.399648321085664, 33.756392065988038 ], [ -84.398573460277078, 33.756369404068906 ], [ -84.39854633532012, 33.757266813062813 ], [ -84.399621207305429, 33.757289475745871 ], [ -84.399648321085664, 33.756392065988038 ] ] ] } },
{ "type": "Feature", "properties": { "tile_id": 422, "average_temperature": 35.372, "min_temperature": 35.372, "max_temperature": 35.372, "tree_opportunity_percent": 0.0 }, "geometry": { "type": "Polygon", "coordinates": [ [ [ -84.398573460277078, 33.756369404068906 ], [ -84.397498600670474, 33.756346732804076 ], [ -84.397471464536849, 33.757244141033752 ], [ -84.39854633532012, 33.757266813062813 ], [ -84.398573460277078, 33.756369404068906 ] ] ] } },
{ "type": "Feature", "properties": { "tile_id": 423, "average_temperature": 35.3723, "min_temperature": 35.3723, "max_temperature": 35.3723, "tree_opportunity_percent": 0.0 }, "geometry": { "type": "Polygon", "coordinates": [ [ [ -84.397498600670474, 33.756346732804076 ], [ -84.396423742266364, 33.756324052193584 ], [ -84.396396594956116, 33.757221459658709 ], [ -84.397471464536849, 33.757244141033752 ], [ -84.397498600670474, 33.756346732804076 ] ] ] } },
{ "type": "Feature", "properties": { "tile_id": 424, "average_temperature": 35.3742, "min_temperature": 35.3742, "max_temperature": 35.3742, "tree_opportunity_percent": 0.0 }, "geometry": { "type": "Polygon", "coordinates": [ [ [ -84.396423742266364, 33.756324052193584 ], [ -84.395348885065204, 33.756301362237458 ], [ -84.395321726578388, 33.757198768937712 ], [ -84.396396594956116, 33.757221459658709 ], [ -84.396423742266364, 33.756324052193584 ] ] ] } },
{ "type": "Feature", "properties": { "tile_id": 425, "average_temperature": 35.3773, "min_temperature": 35.3773, "max_temperature": 35.3773, "tree_opportunity_percent": 0.0 }, "geometry": { "type": "Polygon", "coordinates": [ [ [ -84.395348885065204, 33.756301362237458 ], [ -84.394274029067532, 33.756278662935735 ], [ -84.394246859404191, 33.757176068870812 ], [ -84.395321726578388, 33.757198768937712 ], [ -84.395348885065204, 33.756301362237458 ] ] ] } },
{ "type": "Feature", "properties": { "tile_id": 426, "average_temperature": 35.3813, "min_temperature": 35.3813, "max_temperature": 35.3813, "tree_opportunity_percent": 0.0 }, "geometry": { "type": "Polygon", "coordinates": [ [ [ -84.394274029067532, 33.756278662935735 ], [ -84.393199174273818, 33.756255954288456 ], [ -84.393171993434009, 33.757153359458044 ], [ -84.394246859404191, 33.757176068870812 ], [ -84.394274029067532, 33.756278662935735 ] ] ] } },
{ "type": "Feature", "properties": { "tile_id": 427, "average_temperature": 35.3861, "min_temperature": 35.3861, "max_temperature": 35.3861, "tree_opportunity_percent": 0.0 }, "geometry": { "type": "Polygon", "coordinates": [ [ [ -84.393199174273818, 33.756255954288456 ], [ -84.392124320684559, 33.756233236295664 ], [ -84.39209712866834, 33.75713064069943 ], [ -84.393171993434009, 33.757153359458044 ], [ -84.393199174273818, 33.756255954288456 ] ] ] } },
{ "type": "Feature", "properties": { "tile_id": 428, "average_temperature": 35.3914, "min_temperature": 35.3914, "max_temperature": 35.3914, "tree_opportunity_percent": 0.0 }, "geometry": { "type": "Polygon", "coordinates": [ [ [ -84.392124320684559, 33.756233236295664 ], [ -84.391049468300253, 33.756210508957366 ], [ -84.391022265107665, 33.757107912595011 ], [ -84.39209712866834, 33.75713064069943 ], [ -84.392124320684559, 33.756233236295664 ] ] ] } },
{ "type": "Feature", "properties": { "tile_id": 429, "average_temperature": 35.3968, "min_temperature": 35.3968, "max_temperature": 35.3968, "tree_opportunity_percent": 0.0 }, "geometry": { "type": "Polygon", "coordinates": [ [ [ -84.391049468300253, 33.756210508957366 ], [ -84.389974617121382, 33.75618777227362 ], [ -84.389947402752497, 33.757085175144816 ], [ -84.391022265107665, 33.757107912595011 ], [ -84.391049468300253, 33.756210508957366 ] ] ] } },
{ "type": "Feature", "properties": { "tile_id": 430, "average_temperature": 35.4021, "min_temperature": 35.4021, "max_temperature": 35.4021, "tree_opportunity_percent": 0.0 }, "geometry": { "type": "Polygon", "coordinates": [ [ [ -84.389974617121382, 33.75618777227362 ], [ -84.388899767148473, 33.756165026244446 ], [ -84.388872541603305, 33.757062428348902 ], [ -84.389947402752497, 33.757085175144816 ], [ -84.389974617121382, 33.75618777227362 ] ] ] } },
{ "type": "Feature", "properties": { "tile_id": 431, "average_temperature": 35.4069, "min_temperature": 35.4069, "max_temperature": 35.4069, "tree_opportunity_percent": 0.0 }, "geometry": { "type": "Polygon", "coordinates": [ [ [ -84.388899767148473, 33.756165026244446 ], [ -84.38782491838198, 33.756142270869887 ], [ -84.387797681660615, 33.757039672207277 ], [ -84.388872541603305, 33.757062428348902 ], [ -84.388899767148473, 33.756165026244446 ] ] ] } },
{ "type": "Feature", "properties": { "tile_id": 432, "average_temperature": 35.4108, "min_temperature": 35.4108, "max_temperature": 35.4108, "tree_opportunity_percent": 0.0 }, "geometry": { "type": "Polygon", "coordinates": [ [ [ -84.38782491838198, 33.756142270869887 ], [ -84.38675007082243, 33.756119506149986 ], [ -84.386722822924881, 33.757016906719976 ], [ -84.387797681660615, 33.757039672207277 ], [ -84.38782491838198, 33.756142270869887 ] ] ] } },
{ "type": "Feature", "properties": { "tile_id": 433, "average_temperature": 35.4134, "min_temperature": 35.4134, "max_temperature": 35.4134, "tree_opportunity_percent": 0.0 }, "geometry": { "type": "Polygon", "coordinates": [ [ [ -84.38675007082243, 33.756119506149986 ], [ -84.38567522447029, 33.756096732084771 ], [ -84.385647965396643, 33.756994131887069 ], [ -84.386722822924895, 33.757016906719976 ], [ -84.38675007082243, 33.756119506149986 ] ] ] } },
{ "type": "Feature", "properties": { "tile_id": 434, "average_temperature": 35.4145, "min_temperature": 35.4145, "max_temperature": 35.4145, "tree_opportunity_percent": 0.0 }, "geometry": { "type": "Polygon", "coordinates": [ [ [ -84.38567522447029, 33.756096732084771 ], [ -84.384600379326088, 33.756073948674263 ], [ -84.384573109076371, 33.756971347708564 ], [ -84.385647965396643, 33.756994131887069 ], [ -84.38567522447029, 33.756096732084771 ] ] ] } },
{ "type": "Feature", "properties": { "tile_id": 435, "average_temperature": 35.4135, "min_temperature": 35.4135, "max_temperature": 35.4135, "tree_opportunity_percent": 0.0 }, "geometry": { "type": "Polygon", "coordinates": [ [ [ -84.384600379326088, 33.756073948674263 ], [ -84.383525535390277, 33.756051155918534 ], [ -84.383498253964547, 33.75694855418449 ], [ -84.384573109076371, 33.756971347708564 ], [ -84.384600379326088, 33.756073948674263 ] ] ] } },
{ "type": "Feature", "properties": { "tile_id": 436, "average_temperature": 35.4103, "min_temperature": 35.4103, "max_temperature": 35.4103, "tree_opportunity_percent": 0.0 }, "geometry": { "type": "Polygon", "coordinates": [ [ [ -84.383525535390277, 33.756051155918534 ], [ -84.382450692663369, 33.756028353817577 ], [ -84.382423400061683, 33.756925751314888 ], [ -84.383498253964547, 33.75694855418449 ], [ -84.383525535390277, 33.756051155918534 ] ] ] } },
{ "type": "Feature", "properties": { "tile_id": 437, "average_temperature": 35.4043, "min_temperature": 35.4043, "max_temperature": 35.4043, "tree_opportunity_percent": 0.0 }, "geometry": { "type": "Polygon", "coordinates": [ [ [ -84.382450692663369, 33.756028353817577 ], [ -84.381375851145876, 33.75600554237144 ], [ -84.38134854736829, 33.756902939099803 ], [ -84.382423400061683, 33.756925751314888 ], [ -84.382450692663369, 33.756028353817577 ] ] ] } },
{ "type": "Feature", "properties": { "tile_id": 438, "average_temperature": 35.3953, "min_temperature": 35.3953, "max_temperature": 35.3953, "tree_opportunity_percent": 0.0 }, "geometry": { "type": "Polygon", "coordinates": [ [ [ -84.381375851145876, 33.75600554237144 ], [ -84.380301010838281, 33.755982721580175 ], [ -84.380273695884824, 33.756880117539268 ], [ -84.38134854736829, 33.756902939099803 ], [ -84.381375851145876, 33.75600554237144 ] ] ] } },
{ "type": "Feature", "properties": { "tile_id": 439, "average_temperature": 35.3829, "min_temperature": 35.3829, "max_temperature": 35.3829, "tree_opportunity_percent": 0.0 }, "geometry": { "type": "Polygon", "coordinates": [ [ [ -84.380301010838281, 33.755982721580175 ], [ -84.379226171741053, 33.755959891443801 ], [ -84.379198845611796, 33.756857286633306 ], [ -84.380273695884824, 33.756880117539268 ], [ -84.380301010838281, 33.755982721580175 ] ] ] } },
{ "type": "Feature", "properties": { "tile_id": 440, "average_temperature": 35.3675, "min_temperature": 35.3675, "max_temperature": 35.3675, "tree_opportunity_percent": 0.0 }, "geometry": { "type": "Polygon", "coordinates": [ [ [ -84.379226171741053, 33.755959891443801 ], [ -84.378151333854717, 33.755937051962356 ], [ -84.378123996549718, 33.756834446381966 ], [ -84.379198845611796, 33.756857286633306 ], [ -84.379226171741053, 33.755959891443801 ] ] ] } },
{ "type": "Feature", "properties": { "tile_id": 441, "average_temperature": 35.3497, "min_temperature": 35.3497, "max_temperature": 35.3497, "tree_opportunity_percent": 0.0 }, "geometry": { "type": "Polygon", "coordinates": [ [ [ -84.378151333854731, 33.755937051962356 ], [ -84.377076497179758, 33.75591420313588 ], [ -84.377049148699058, 33.756811596785269 ], [ -84.378123996549718, 33.756834446381966 ], [ -84.378151333854731, 33.755937051962356 ] ] ] } },
{ "type": "Feature", "properties": { "tile_id": 442, "average_temperature": 35.3303, "min_temperature": 35.3303, "max_temperature": 35.3303, "tree_opportunity_percent": 0.0 }, "geometry": { "type": "Polygon", "coordinates": [ [ [ -84.377076497179772, 33.75591420313588 ], [ -84.376001661716685, 33.755891344964404 ], [ -84.375974302060314, 33.756788737843273 ], [ -84.377049148699058, 33.756811596785269 ], [ -84.377076497179772, 33.75591420313588 ] ] ] } },
{ "type": "Feature", "properties": { "tile_id": 443, "average_temperature": 35.3098, "min_temperature": 35.3098, "max_temperature": 35.3098, "tree_opportunity_percent": 0.0 }, "geometry": { "type": "Polygon", "coordinates": [ [ [ -84.376001661716685, 33.755891344964404 ], [ -84.374926827465956, 33.755868477447969 ], [ -84.374899456633997, 33.756765869555984 ], [ -84.375974302060314, 33.756788737843273 ], [ -84.376001661716685, 33.755891344964404 ] ] ] } },
{ "type": "Feature", "properties": { "tile_id": 444, "average_temperature": 35.5513, "min_temperature": 35.5513, "max_temperature": 35.5513, "tree_opportunity_percent": 0.0 }, "geometry": { "type": "Polygon", "coordinates": [ [ [ -84.414669541036744, 33.757605771957614 ], [ -84.413594652274838, 33.757583240122408 ], [ -84.413567682602547, 33.758480659632887 ], [ -84.414642582542385, 33.758503192227622 ], [ -84.414669541036744, 33.757605771957614 ] ] ] } },
{ "type": "Feature", "properties": { "tile_id": 445, "average_temperature": 35.5376, "min_temperature": 35.5376, "max_temperature": 35.5376, "tree_opportunity_percent": 0.0 }, "geometry": { "type": "Polygon", "coordinates": [ [ [ -84.413594652274838, 33.757583240122408 ], [ -84.412519764708037, 33.757560698940708 ], [ -84.412492783857871, 33.75845811769134 ], [ -84.413567682602547, 33.758480659632887 ], [ -84.413594652274838, 33.757583240122408 ] ] ] } },
{ "type": "Feature", "properties": { "tile_id": 446, "average_temperature": 35.5224, "min_temperature": 35.5224, "max_temperature": 35.5224, "tree_opportunity_percent": 0.0 }, "geometry": { "type": "Polygon", "coordinates": [ [ [ -84.412519764708037, 33.757560698940708 ], [ -84.411444878336852, 33.757538148412543 ], [ -84.411417886308854, 33.758435566403016 ], [ -84.412492783857871, 33.75845811769134 ], [ -84.412519764708037, 33.757560698940708 ] ] ] } },
{ "type": "Feature", "properties": { "tile_id": 447, "average_temperature": 35.5063, "min_temperature": 35.5063, "max_temperature": 35.5063, "tree_opportunity_percent": 0.0 }, "geometry": { "type": "Polygon", "coordinates": [ [ [ -84.411444878336852, 33.757538148412543 ], [ -84.41036999316178, 33.757515588537942 ], [ -84.410342989956007, 33.758413005767935 ], [ -84.411417886308854, 33.758435566403016 ], [ -84.411444878336852, 33.757538148412543 ] ] ] } },
{ "type": "Feature", "properties": { "tile_id": 448, "average_temperature": 35.4896, "min_temperature": 35.4896, "max_temperature": 35.4896, "tree_opportunity_percent": 0.0 }, "geometry": { "type": "Polygon", "coordinates": [ [ [ -84.41036999316178, 33.757515588537942 ], [ -84.409295109183276, 33.757493019316946 ], [ -84.409268094799799, 33.758390435786147 ], [ -84.410342989956007, 33.758413005767935 ], [ -84.41036999316178, 33.757515588537942 ] ] ] } },
{ "type": "Feature", "properties": { "tile_id": 449, "average_temperature": 35.4727, "min_temperature": 35.4727, "max_temperature": 35.4727, "tree_opportunity_percent": 0.0 }, "geometry": { "type": "Polygon", "coordinates": [ [ [ -84.409295109183276, 33.757493019316946 ], [ -84.408220226401895, 33.757470440749593 ], [ -84.408193200840742, 33.758367856457689 ], [ -84.409268094799799, 33.758390435786147 ], [ -84.409295109183276, 33.757493019316946 ] ] ] } },
{ "type": "Feature", "properties": { "tile_id": 450, "average_temperature": 35.4559, "min_temperature": 35.4559, "max_temperature": 35.4559, "tree_opportunity_percent": 0.0 }, "geometry": { "type": "Polygon", "coordinates": [ [ [ -84.408220226401895, 33.757470440749593 ], [ -84.40714534481809, 33.757447852835909 ], [ -84.407118308079305, 33.75834526778258 ], [ -84.408193200840742, 33.758367856457689 ], [ -84.408220226401895, 33.757470440749593 ] ] ] } },
{ "type": "Feature", "properties": { "tile_id": 451, "average_temperature": 35.4398, "min_temperature": 35.4398, "max_temperature": 35.4398, "tree_opportunity_percent": 0.0 }, "geometry": { "type": "Polygon", "coordinates": [ [ [ -84.40714534481809, 33.757447852835909 ], [ -84.406070464432361, 33.757425255575932 ], [ -84.406043416516013, 33.758322669760865 ], [ -84.407118308079319, 33.75834526778258 ], [ -84.40714534481809, 33.757447852835909 ] ] ] } },
{ "type": "Feature", "properties": { "tile_id": 452, "average_temperature": 35.4246, "min_temperature": 35.4246, "max_temperature": 35.4246, "tree_opportunity_percent": 0.0 }, "geometry": { "type": "Polygon", "coordinates": [ [ [ -84.406070464432361, 33.757425255575932 ], [ -84.404995585245217, 33.757402648969702 ], [ -84.40496852615135, 33.758300062392578 ], [ -84.406043416516013, 33.758322669760865 ], [ -84.406070464432361, 33.757425255575932 ] ] ] } },
{ "type": "Feature", "properties": { "tile_id": 453, "average_temperature": 35.4108, "min_temperature": 35.4108, "max_temperature": 35.4108, "tree_opportunity_percent": 0.0 }, "geometry": { "type": "Polygon", "coordinates": [ [ [ -84.404995585245217, 33.757402648969702 ], [ -84.403920707257143, 33.757380033017242 ], [ -84.403893636985813, 33.758277445677763 ], [ -84.40496852615135, 33.758300062392578 ], [ -84.404995585245217, 33.757402648969702 ] ] ] } },
{ "type": "Feature", "properties": { "tile_id": 454, "average_temperature": 35.3987, "min_temperature": 35.3987, "max_temperature": 35.3987, "tree_opportunity_percent": 0.0 }, "geometry": { "type": "Polygon", "coordinates": [ [ [ -84.403920707257143, 33.757380033017242 ], [ -84.402845830468635, 33.757357407718594 ], [ -84.402818749019886, 33.75825481961644 ], [ -84.403893636985813, 33.758277445677763 ], [ -84.403920707257143, 33.757380033017242 ] ] ] } },
{ "type": "Feature", "properties": { "tile_id": 455, "average_temperature": 35.3889, "min_temperature": 35.3889, "max_temperature": 35.3889, "tree_opportunity_percent": 0.0 }, "geometry": { "type": "Polygon", "coordinates": [ [ [ -84.402845830468635, 33.757357407718594 ], [ -84.401770954880178, 33.757334773073786 ], [ -84.401743862254065, 33.758232184208644 ], [ -84.402818749019886, 33.75825481961644 ], [ -84.402845830468635, 33.757357407718594 ] ] ] } },
{ "type": "Feature", "properties": { "tile_id": 456, "average_temperature": 35.3815, "min_temperature": 35.3815, "max_temperature": 35.3815, "tree_opportunity_percent": 0.0 }, "geometry": { "type": "Polygon", "coordinates": [ [ [ -84.401770954880178, 33.757334773073786 ], [ -84.400696080492281, 33.757312129082862 ], [ -84.400668976688848, 33.758209539454413 ], [ -84.401743862254065, 33.758232184208644 ], [ -84.401770954880178, 33.757334773073786 ] ] ] } },
{ "type": "Feature", "properties": { "tile_id": 457, "average_temperature": 35.3763, "min_temperature": 35.3763, "max_temperature": 35.3763, "tree_opportunity_percent": 0.0 }, "geometry": { "type": "Polygon", "coordinates": [ [ [ -84.400696080492281, 33.757312129082862 ], [ -84.399621207305429, 33.757289475745864 ], [ -84.399594092324733, 33.758186885353787 ], [ -84.400668976688848, 33.758209539454413 ], [ -84.400696080492281, 33.757312129082862 ] ] ] } },
{ "type": "Feature", "properties": { "tile_id": 458, "average_temperature": 35.3732, "min_temperature": 35.3732, "max_temperature": 35.3732, "tree_opportunity_percent": 0.0 }, "geometry": { "type": "Polygon", "coordinates": [ [ [ -84.399621207305429, 33.757289475745864 ], [ -84.39854633532012, 33.757266813062813 ], [ -84.398519209162203, 33.758164221906796 ], [ -84.399594092324733, 33.758186885353787 ], [ -84.399621207305429, 33.757289475745864 ] ] ] } },
{ "type": "Feature", "properties": { "tile_id": 459, "average_temperature": 35.372, "min_temperature": 35.372, "max_temperature": 35.372, "tree_opportunity_percent": 0.0 }, "geometry": { "type": "Polygon", "coordinates": [ [ [ -84.39854633532012, 33.757266813062813 ], [ -84.397471464536849, 33.757244141033752 ], [ -84.397444327201782, 33.758141549113475 ], [ -84.398519209162203, 33.758164221906796 ], [ -84.39854633532012, 33.757266813062813 ] ] ] } },
{ "type": "Feature", "properties": { "tile_id": 460, "average_temperature": 35.3723, "min_temperature": 35.3723, "max_temperature": 35.3723, "tree_opportunity_percent": 0.0 }, "geometry": { "type": "Polygon", "coordinates": [ [ [ -84.397471464536849, 33.757244141033752 ], [ -84.396396594956116, 33.757221459658702 ], [ -84.396369446443913, 33.758118866973859 ], [ -84.397444327201782, 33.758141549113475 ], [ -84.397471464536849, 33.757244141033752 ] ] ] } },
{ "type": "Feature", "properties": { "tile_id": 461, "average_temperature": 35.3741, "min_temperature": 35.3741, "max_temperature": 35.3741, "tree_opportunity_percent": 0.0 }, "geometry": { "type": "Polygon", "coordinates": [ [ [ -84.396396594956116, 33.757221459658702 ], [ -84.395321726578388, 33.757198768937705 ], [ -84.395294566889135, 33.758096175487992 ], [ -84.396369446443913, 33.758118866973859 ], [ -84.396396594956116, 33.757221459658702 ] ] ] } },
{ "type": "Feature", "properties": { "tile_id": 462, "average_temperature": 35.377, "min_temperature": 35.377, "max_temperature": 35.377, "tree_opportunity_percent": 0.0 }, "geometry": { "type": "Polygon", "coordinates": [ [ [ -84.395321726578388, 33.757198768937705 ], [ -84.394246859404191, 33.757176068870805 ], [ -84.394219688537916, 33.758073474655895 ], [ -84.395294566889135, 33.758096175487992 ], [ -84.395321726578388, 33.757198768937705 ] ] ] } },
{ "type": "Feature", "properties": { "tile_id": 463, "average_temperature": 35.3809, "min_temperature": 35.3809, "max_temperature": 35.3809, "tree_opportunity_percent": 0.0 }, "geometry": { "type": "Polygon", "coordinates": [ [ [ -84.394246859404191, 33.757176068870805 ], [ -84.393171993434009, 33.757153359458037 ], [ -84.393144811390783, 33.758050764477609 ], [ -84.394219688537916, 33.758073474655895 ], [ -84.394246859404191, 33.757176068870805 ] ] ] } },
{ "type": "Feature", "properties": { "tile_id": 464, "average_temperature": 35.3855, "min_temperature": 35.3855, "max_temperature": 35.3855, "tree_opportunity_percent": 0.0 }, "geometry": { "type": "Polygon", "coordinates": [ [ [ -84.393171993434009, 33.757153359458037 ], [ -84.39209712866834, 33.75713064069943 ], [ -84.392069935448191, 33.758028044953157 ], [ -84.393144811390783, 33.758050764477609 ], [ -84.393171993434009, 33.757153359458037 ] ] ] } },
{ "type": "Feature", "properties": { "tile_id": 465, "average_temperature": 35.3906, "min_temperature": 35.3906, "max_temperature": 35.3906, "tree_opportunity_percent": 0.0 }, "geometry": { "type": "Polygon", "coordinates": [ [ [ -84.39209712866834, 33.75713064069943 ], [ -84.391022265107665, 33.757107912595011 ], [ -84.390995060710665, 33.75800531608261 ], [ -84.392069935448191, 33.758028044953157 ], [ -84.39209712866834, 33.75713064069943 ] ] ] } },
{ "type": "Feature", "properties": { "tile_id": 466, "average_temperature": 35.3958, "min_temperature": 35.3958, "max_temperature": 35.3958, "tree_opportunity_percent": 0.0 }, "geometry": { "type": "Polygon", "coordinates": [ [ [ -84.391022265107665, 33.757107912595011 ], [ -84.389947402752497, 33.757085175144816 ], [ -84.389920187178674, 33.757982577865967 ], [ -84.390995060710665, 33.75800531608261 ], [ -84.391022265107665, 33.757107912595011 ] ] ] } },
{ "type": "Feature", "properties": { "tile_id": 467, "average_temperature": 35.401, "min_temperature": 35.401, "max_temperature": 35.401, "tree_opportunity_percent": 0.0 }, "geometry": { "type": "Polygon", "coordinates": [ [ [ -84.389947402752497, 33.757085175144816 ], [ -84.388872541603305, 33.757062428348895 ], [ -84.38884531485273, 33.757959830303264 ], [ -84.389920187178674, 33.757982577865967 ], [ -84.389947402752497, 33.757085175144816 ] ] ] } },
{ "type": "Feature", "properties": { "tile_id": 468, "average_temperature": 35.4057, "min_temperature": 35.4057, "max_temperature": 35.4057, "tree_opportunity_percent": 0.0 }, "geometry": { "type": "Polygon", "coordinates": [ [ [ -84.388872541603305, 33.757062428348895 ], [ -84.387797681660615, 33.75703967220727 ], [ -84.387770443733316, 33.757937073394558 ], [ -84.38884531485273, 33.757959830303264 ], [ -84.388872541603305, 33.757062428348895 ] ] ] } },
{ "type": "Feature", "properties": { "tile_id": 469, "average_temperature": 35.4095, "min_temperature": 35.4095, "max_temperature": 35.4095, "tree_opportunity_percent": 0.0 }, "geometry": { "type": "Polygon", "coordinates": [ [ [ -84.387797681660615, 33.75703967220727 ], [ -84.386722822924881, 33.757016906719976 ], [ -84.386695573820944, 33.757914307139878 ], [ -84.387770443733316, 33.757937073394558 ], [ -84.387797681660615, 33.75703967220727 ] ] ] } },
{ "type": "Feature", "properties": { "tile_id": 470, "average_temperature": 35.4121, "min_temperature": 35.4121, "max_temperature": 35.4121, "tree_opportunity_percent": 0.0 }, "geometry": { "type": "Polygon", "coordinates": [ [ [ -84.386722822924895, 33.757016906719976 ], [ -84.385647965396643, 33.756994131887069 ], [ -84.385620705116096, 33.757891531539244 ], [ -84.386695573820944, 33.757914307139878 ], [ -84.386722822924895, 33.757016906719976 ] ] ] } },
{ "type": "Feature", "properties": { "tile_id": 471, "average_temperature": 35.4131, "min_temperature": 35.4131, "max_temperature": 35.4131, "tree_opportunity_percent": 0.0 }, "geometry": { "type": "Polygon", "coordinates": [ [ [ -84.385647965396643, 33.756994131887069 ], [ -84.384573109076371, 33.75697134770855 ], [ -84.384545837619271, 33.757868746592699 ], [ -84.385620705116096, 33.757891531539244 ], [ -84.385647965396643, 33.756994131887069 ] ] ] } },
{ "type": "Feature", "properties": { "tile_id": 472, "average_temperature": 35.4122, "min_temperature": 35.4122, "max_temperature": 35.4122, "tree_opportunity_percent": 0.0 }, "geometry": { "type": "Polygon", "coordinates": [ [ [ -84.384573109076371, 33.75697134770855 ], [ -84.383498253964547, 33.756948554184483 ], [ -84.383470971330937, 33.757845952300293 ], [ -84.384545837619271, 33.757868746592699 ], [ -84.384573109076371, 33.75697134770855 ] ] ] } },
{ "type": "Feature", "properties": { "tile_id": 473, "average_temperature": 35.4089, "min_temperature": 35.4089, "max_temperature": 35.4089, "tree_opportunity_percent": 0.0 }, "geometry": { "type": "Polygon", "coordinates": [ [ [ -84.383498253964547, 33.756948554184483 ], [ -84.382423400061683, 33.756925751314881 ], [ -84.382396106251633, 33.757823148662034 ], [ -84.383470971330937, 33.757845952300293 ], [ -84.383498253964547, 33.756948554184483 ] ] ] } },
{ "type": "Feature", "properties": { "tile_id": 474, "average_temperature": 35.403, "min_temperature": 35.403, "max_temperature": 35.403, "tree_opportunity_percent": 0.0 }, "geometry": { "type": "Polygon", "coordinates": [ [ [ -84.382423400061683, 33.756925751314881 ], [ -84.38134854736829, 33.756902939099803 ], [ -84.38132124238183, 33.75780033567797 ], [ -84.382396106251633, 33.757823148662034 ], [ -84.382423400061683, 33.756925751314881 ] ] ] } },
{ "type": "Feature", "properties": { "tile_id": 475, "average_temperature": 35.394, "min_temperature": 35.394, "max_temperature": 35.394, "tree_opportunity_percent": 0.0 }, "geometry": { "type": "Polygon", "coordinates": [ [ [ -84.38134854736829, 33.756902939099803 ], [ -84.380273695884824, 33.756880117539261 ], [ -84.38024637972201, 33.757777513348145 ], [ -84.38132124238183, 33.75780033567797 ], [ -84.38134854736829, 33.756902939099803 ] ] ] } },
{ "type": "Feature", "properties": { "tile_id": 476, "average_temperature": 35.3816, "min_temperature": 35.3816, "max_temperature": 35.3816, "tree_opportunity_percent": 0.0 }, "geometry": { "type": "Polygon", "coordinates": [ [ [ -84.380273695884824, 33.756880117539261 ], [ -84.379198845611796, 33.756857286633306 ], [ -84.379171518272699, 33.757754681672594 ], [ -84.38024637972201, 33.757777513348145 ], [ -84.380273695884824, 33.756880117539261 ] ] ] } },
{ "type": "Feature", "properties": { "tile_id": 477, "average_temperature": 35.3662, "min_temperature": 35.3662, "max_temperature": 35.3662, "tree_opportunity_percent": 0.0 }, "geometry": { "type": "Polygon", "coordinates": [ [ [ -84.379198845611796, 33.756857286633306 ], [ -84.378123996549718, 33.756834446381966 ], [ -84.378096658034337, 33.757731840651338 ], [ -84.379171518272699, 33.757754681672594 ], [ -84.379198845611796, 33.756857286633306 ] ] ] } },
{ "type": "Feature", "properties": { "tile_id": 478, "average_temperature": 35.3485, "min_temperature": 35.3485, "max_temperature": 35.3485, "tree_opportunity_percent": 0.0 }, "geometry": { "type": "Polygon", "coordinates": [ [ [ -84.378123996549718, 33.756834446381966 ], [ -84.377049148699058, 33.756811596785262 ], [ -84.377021799007494, 33.757708990284407 ], [ -84.378096658034352, 33.757731840651338 ], [ -84.378123996549718, 33.756834446381966 ] ] ] } },
{ "type": "Feature", "properties": { "tile_id": 479, "average_temperature": 35.3292, "min_temperature": 35.3292, "max_temperature": 35.3292, "tree_opportunity_percent": 0.0 }, "geometry": { "type": "Polygon", "coordinates": [ [ [ -84.377049148699058, 33.756811596785262 ], [ -84.375974302060314, 33.756788737843266 ], [ -84.375946941192609, 33.757686130571855 ], [ -84.377021799007494, 33.757708990284407 ], [ -84.377049148699058, 33.756811596785262 ] ] ] } },
{ "type": "Feature", "properties": { "tile_id": 480, "average_temperature": 35.3088, "min_temperature": 35.3088, "max_temperature": 35.3088, "tree_opportunity_percent": 0.0 }, "geometry": { "type": "Polygon", "coordinates": [ [ [ -84.375974302060314, 33.756788737843266 ], [ -84.374899456633997, 33.756765869555977 ], [ -84.37487208459018, 33.757663261513713 ], [ -84.375946941192609, 33.757686130571855 ], [ -84.375974302060314, 33.756788737843266 ] ] ] } },
{ "type": "Feature", "properties": { "tile_id": 481, "average_temperature": 35.5416, "min_temperature": 35.5416, "max_temperature": 35.5416, "tree_opportunity_percent": 0.0 }, "geometry": { "type": "Polygon", "coordinates": [ [ [ -84.414642582542385, 33.758503192227622 ], [ -84.413567682602547, 33.758480659632887 ], [ -84.413540711736147, 33.759378078993663 ], [ -84.414615622854399, 33.759400612347946 ], [ -84.414642582542385, 33.758503192227622 ] ] ] } },
{ "type": "Feature", "properties": { "tile_id": 482, "average_temperature": 35.5284, "min_temperature": 35.5284, "max_temperature": 35.5284, "tree_opportunity_percent": 0.0 }, "geometry": { "type": "Polygon", "coordinates": [ [ [ -84.413567682602547, 33.758480659632887 ], [ -84.412492783857871, 33.75845811769134 ], [ -84.412465801813127, 33.759355536292261 ], [ -84.413540711736147, 33.759378078993663 ], [ -84.413567682602547, 33.758480659632887 ] ] ] } },
{ "type": "Feature", "properties": { "tile_id": 483, "average_temperature": 35.514, "min_temperature": 35.514, "max_temperature": 35.514, "tree_opportunity_percent": 0.0 }, "geometry": { "type": "Polygon", "coordinates": [ [ [ -84.412492783857871, 33.75845811769134 ], [ -84.411417886308854, 33.758435566403016 ], [ -84.411390893085795, 33.759332984243748 ], [ -84.412465801813127, 33.759355536292261 ], [ -84.412492783857871, 33.75845811769134 ] ] ] } },
{ "type": "Feature", "properties": { "tile_id": 484, "average_temperature": 35.4986, "min_temperature": 35.4986, "max_temperature": 35.4986, "tree_opportunity_percent": 0.0 }, "geometry": { "type": "Polygon", "coordinates": [ [ [ -84.411417886308854, 33.758435566403016 ], [ -84.410342989956007, 33.758413005767935 ], [ -84.410315985554661, 33.759310422848188 ], [ -84.411390893085795, 33.759332984243748 ], [ -84.411417886308854, 33.758435566403016 ] ] ] } },
{ "type": "Feature", "properties": { "tile_id": 485, "average_temperature": 35.4827, "min_temperature": 35.4827, "max_temperature": 35.4827, "tree_opportunity_percent": 0.0 }, "geometry": { "type": "Polygon", "coordinates": [ [ [ -84.410342989956007, 33.758413005767935 ], [ -84.409268094799799, 33.758390435786147 ], [ -84.409241079220237, 33.759287852105594 ], [ -84.410315985554661, 33.759310422848188 ], [ -84.410342989956007, 33.758413005767935 ] ] ] } },
{ "type": "Feature", "properties": { "tile_id": 486, "average_temperature": 35.4666, "min_temperature": 35.4666, "max_temperature": 35.4666, "tree_opportunity_percent": 0.0 }, "geometry": { "type": "Polygon", "coordinates": [ [ [ -84.409268094799799, 33.758390435786147 ], [ -84.408193200840742, 33.758367856457689 ], [ -84.408166174083021, 33.759265272016002 ], [ -84.409241079220237, 33.759287852105594 ], [ -84.409268094799799, 33.758390435786147 ] ] ] } },
{ "type": "Feature", "properties": { "tile_id": 487, "average_temperature": 35.4507, "min_temperature": 35.4507, "max_temperature": 35.4507, "tree_opportunity_percent": 0.0 }, "geometry": { "type": "Polygon", "coordinates": [ [ [ -84.408193200840742, 33.758367856457689 ], [ -84.407118308079305, 33.75834526778258 ], [ -84.407091270143482, 33.759242682579462 ], [ -84.408166174083021, 33.759265272016002 ], [ -84.408193200840742, 33.758367856457689 ] ] ] } },
{ "type": "Feature", "properties": { "tile_id": 488, "average_temperature": 35.4354, "min_temperature": 35.4354, "max_temperature": 35.4354, "tree_opportunity_percent": 0.0 }, "geometry": { "type": "Polygon", "coordinates": [ [ [ -84.407118308079319, 33.75834526778258 ], [ -84.406043416516013, 33.758322669760865 ], [ -84.406016367402131, 33.759220083796002 ], [ -84.407091270143482, 33.759242682579462 ], [ -84.407118308079319, 33.75834526778258 ] ] ] } },
{ "type": "Feature", "properties": { "tile_id": 489, "average_temperature": 35.4211, "min_temperature": 35.4211, "max_temperature": 35.4211, "tree_opportunity_percent": 0.0 }, "geometry": { "type": "Polygon", "coordinates": [ [ [ -84.406043416516013, 33.758322669760865 ], [ -84.40496852615135, 33.758300062392578 ], [ -84.404941465859451, 33.759197475665651 ], [ -84.406016367402131, 33.759220083796002 ], [ -84.406043416516013, 33.758322669760865 ] ] ] } },
{ "type": "Feature", "properties": { "tile_id": 490, "average_temperature": 35.4081, "min_temperature": 35.4081, "max_temperature": 35.4081, "tree_opportunity_percent": 0.0 }, "geometry": { "type": "Polygon", "coordinates": [ [ [ -84.40496852615135, 33.758300062392578 ], [ -84.403893636985813, 33.758277445677763 ], [ -84.403866565515941, 33.759174858188445 ], [ -84.404941465859451, 33.759197475665651 ], [ -84.40496852615135, 33.758300062392578 ] ] ] } },
{ "type": "Feature", "properties": { "tile_id": 491, "average_temperature": 35.3968, "min_temperature": 35.3968, "max_temperature": 35.3968, "tree_opportunity_percent": 0.0 }, "geometry": { "type": "Polygon", "coordinates": [ [ [ -84.403893636985813, 33.758277445677763 ], [ -84.402818749019886, 33.75825481961644 ], [ -84.402791666372096, 33.759152231364418 ], [ -84.403866565515941, 33.759174858188445 ], [ -84.403893636985813, 33.758277445677763 ] ] ] } },
{ "type": "Feature", "properties": { "tile_id": 492, "average_temperature": 35.3875, "min_temperature": 35.3875, "max_temperature": 35.3875, "tree_opportunity_percent": 0.0 }, "geometry": { "type": "Polygon", "coordinates": [ [ [ -84.402818749019886, 33.75825481961644 ], [ -84.401743862254065, 33.758232184208644 ], [ -84.401716768428415, 33.75912959519362 ], [ -84.40279166637211, 33.759152231364418 ], [ -84.402818749019886, 33.75825481961644 ] ] ] } },
{ "type": "Feature", "properties": { "tile_id": 493, "average_temperature": 35.3806, "min_temperature": 35.3806, "max_temperature": 35.3806, "tree_opportunity_percent": 0.0 }, "geometry": { "type": "Polygon", "coordinates": [ [ [ -84.401743862254065, 33.758232184208644 ], [ -84.400668976688848, 33.758209539454413 ], [ -84.400641871685394, 33.759106949676067 ], [ -84.401716768428415, 33.75912959519362 ], [ -84.401743862254065, 33.758232184208644 ] ] ] } },
{ "type": "Feature", "properties": { "tile_id": 494, "average_temperature": 35.3758, "min_temperature": 35.3758, "max_temperature": 35.3758, "tree_opportunity_percent": 0.0 }, "geometry": { "type": "Polygon", "coordinates": [ [ [ -84.400668976688848, 33.758209539454413 ], [ -84.399594092324733, 33.758186885353787 ], [ -84.399566976143504, 33.759084294811792 ], [ -84.400641871685394, 33.759106949676067 ], [ -84.400668976688848, 33.758209539454413 ] ] ] } },
{ "type": "Feature", "properties": { "tile_id": 495, "average_temperature": 35.3729, "min_temperature": 35.3729, "max_temperature": 35.3729, "tree_opportunity_percent": 0.0 }, "geometry": { "type": "Polygon", "coordinates": [ [ [ -84.399594092324733, 33.758186885353787 ], [ -84.398519209162203, 33.758164221906796 ], [ -84.398492081803283, 33.759061630600854 ], [ -84.399566976143504, 33.759084294811792 ], [ -84.399594092324733, 33.758186885353787 ] ] ] } },
{ "type": "Feature", "properties": { "tile_id": 496, "average_temperature": 35.3718, "min_temperature": 35.3718, "max_temperature": 35.3718, "tree_opportunity_percent": 0.0 }, "geometry": { "type": "Polygon", "coordinates": [ [ [ -84.398519209162203, 33.758164221906796 ], [ -84.397444327201782, 33.758141549113475 ], [ -84.397417188665187, 33.759038957043259 ], [ -84.398492081803283, 33.759061630600854 ], [ -84.398519209162203, 33.758164221906796 ] ] ] } },
{ "type": "Feature", "properties": { "tile_id": 497, "average_temperature": 35.3722, "min_temperature": 35.3722, "max_temperature": 35.3722, "tree_opportunity_percent": 0.0 }, "geometry": { "type": "Polygon", "coordinates": [ [ [ -84.397444327201782, 33.758141549113475 ], [ -84.396369446443913, 33.758118866973859 ], [ -84.396342296729713, 33.759016274139078 ], [ -84.397417188665187, 33.759038957043259 ], [ -84.397444327201782, 33.758141549113475 ] ] ] } },
{ "type": "Feature", "properties": { "tile_id": 498, "average_temperature": 35.3739, "min_temperature": 35.3739, "max_temperature": 35.3739, "tree_opportunity_percent": 0.0 }, "geometry": { "type": "Polygon", "coordinates": [ [ [ -84.396369446443913, 33.758118866973859 ], [ -84.395294566889135, 33.758096175487992 ], [ -84.395267405997373, 33.758993581888298 ], [ -84.396342296729713, 33.759016274139078 ], [ -84.396369446443913, 33.758118866973859 ] ] ] } },
{ "type": "Feature", "properties": { "tile_id": 499, "average_temperature": 35.3767, "min_temperature": 35.3767, "max_temperature": 35.3767, "tree_opportunity_percent": 0.0 }, "geometry": { "type": "Polygon", "coordinates": [ [ [ -84.395294566889135, 33.758096175487992 ], [ -84.394219688537916, 33.758073474655895 ], [ -84.394192516468664, 33.758970880290981 ], [ -84.395267405997373, 33.758993581888298 ], [ -84.395294566889135, 33.758096175487992 ] ] ] } },
{ "type": "Feature", "properties": { "tile_id": 500, "average_temperature": 35.3805, "min_temperature": 35.3805, "max_temperature": 35.3805, "tree_opportunity_percent": 0.0 }, "geometry": { "type": "Polygon", "coordinates": [ [ [ -84.394219688537916, 33.758073474655895 ], [ -84.393144811390783, 33.758050764477609 ], [ -84.393117628144068, 33.758948169347185 ], [ -84.394192516468664, 33.758970880290981 ], [ -84.394219688537916, 33.758073474655895 ] ] ] } },
{ "type": "Feature", "properties": { "tile_id": 501, "average_temperature": 35.3849, "min_temperature": 35.3849, "max_temperature": 35.3849, "tree_opportunity_percent": 0.0 }, "geometry": { "type": "Polygon", "coordinates": [ [ [ -84.393144811390783, 33.758050764477609 ], [ -84.392069935448191, 33.758028044953157 ], [ -84.392042741024071, 33.758925449056896 ], [ -84.393117628144068, 33.758948169347185 ], [ -84.393144811390783, 33.758050764477609 ] ] ] } },
{ "type": "Feature", "properties": { "tile_id": 502, "average_temperature": 35.3898, "min_temperature": 35.3898, "max_temperature": 35.3898, "tree_opportunity_percent": 0.0 }, "geometry": { "type": "Polygon", "coordinates": [ [ [ -84.392069935448191, 33.758028044953157 ], [ -84.390995060710665, 33.75800531608261 ], [ -84.390967855109182, 33.758902719420178 ], [ -84.392042741024071, 33.758925449056896 ], [ -84.392069935448191, 33.758028044953157 ] ] ] } },
{ "type": "Feature", "properties": { "tile_id": 503, "average_temperature": 35.395, "min_temperature": 35.395, "max_temperature": 35.395, "tree_opportunity_percent": 0.0 }, "geometry": { "type": "Polygon", "coordinates": [ [ [ -84.390995060710665, 33.75800531608261 ], [ -84.389920187178674, 33.757982577865967 ], [ -84.389892970399899, 33.758879980437058 ], [ -84.390967855109182, 33.758902719420178 ], [ -84.390995060710665, 33.75800531608261 ] ] ] } },
{ "type": "Feature", "properties": { "tile_id": 504, "average_temperature": 35.4, "min_temperature": 35.4, "max_temperature": 35.4, "tree_opportunity_percent": 0.0 }, "geometry": { "type": "Polygon", "coordinates": [ [ [ -84.389920187178674, 33.757982577865967 ], [ -84.38884531485273, 33.757959830303264 ], [ -84.388818086896691, 33.758857232107587 ], [ -84.389892970399899, 33.758879980437058 ], [ -84.389920187178674, 33.757982577865967 ] ] ] } },
{ "type": "Feature", "properties": { "tile_id": 505, "average_temperature": 35.4046, "min_temperature": 35.4046, "max_temperature": 35.4046, "tree_opportunity_percent": 0.0 }, "geometry": { "type": "Polygon", "coordinates": [ [ [ -84.38884531485273, 33.757959830303264 ], [ -84.387770443733316, 33.757937073394558 ], [ -84.387743204600099, 33.758834474431779 ], [ -84.388818086896691, 33.758857232107587 ], [ -84.38884531485273, 33.757959830303264 ] ] ] } },
{ "type": "Feature", "properties": { "tile_id": 506, "average_temperature": 35.4084, "min_temperature": 35.4084, "max_temperature": 35.4084, "tree_opportunity_percent": 0.0 }, "geometry": { "type": "Polygon", "coordinates": [ [ [ -84.387770443733316, 33.757937073394558 ], [ -84.386695573820944, 33.757914307139878 ], [ -84.386668323510563, 33.758811707409677 ], [ -84.387743204600099, 33.758834474431779 ], [ -84.387770443733316, 33.757937073394558 ] ] ] } },
{ "type": "Feature", "properties": { "tile_id": 507, "average_temperature": 35.4109, "min_temperature": 35.4109, "max_temperature": 35.4109, "tree_opportunity_percent": 0.0 }, "geometry": { "type": "Polygon", "coordinates": [ [ [ -84.386695573820944, 33.757914307139878 ], [ -84.385620705116096, 33.757891531539244 ], [ -84.385593443628608, 33.758788931041316 ], [ -84.386668323510563, 33.758811707409677 ], [ -84.386695573820944, 33.757914307139878 ] ] ] } },
{ "type": "Feature", "properties": { "tile_id": 508, "average_temperature": 35.4119, "min_temperature": 35.4119, "max_temperature": 35.4119, "tree_opportunity_percent": 0.0 }, "geometry": { "type": "Polygon", "coordinates": [ [ [ -84.385620705116096, 33.757891531539244 ], [ -84.384545837619271, 33.757868746592699 ], [ -84.384518564954732, 33.758766145326732 ], [ -84.385593443628608, 33.758788931041316 ], [ -84.385620705116096, 33.757891531539244 ] ] ] } },
{ "type": "Feature", "properties": { "tile_id": 509, "average_temperature": 35.4109, "min_temperature": 35.4109, "max_temperature": 35.4109, "tree_opportunity_percent": 0.0 }, "geometry": { "type": "Polygon", "coordinates": [ [ [ -84.384545837619271, 33.757868746592699 ], [ -84.383470971330937, 33.757845952300293 ], [ -84.383443687489418, 33.758743350265945 ], [ -84.384518564954732, 33.758766145326732 ], [ -84.384545837619271, 33.757868746592699 ] ] ] } },
{ "type": "Feature", "properties": { "tile_id": 510, "average_temperature": 35.4077, "min_temperature": 35.4077, "max_temperature": 35.4077, "tree_opportunity_percent": 0.0 }, "geometry": { "type": "Polygon", "coordinates": [ [ [ -84.383470971330937, 33.757845952300293 ], [ -84.382396106251633, 33.757823148662034 ], [ -84.382368811233164, 33.758720545859035 ], [ -84.383443687489418, 33.758743350265945 ], [ -84.383470971330937, 33.757845952300293 ] ] ] } },
{ "type": "Feature", "properties": { "tile_id": 511, "average_temperature": 35.4017, "min_temperature": 35.4017, "max_temperature": 35.4017, "tree_opportunity_percent": 0.0 }, "geometry": { "type": "Polygon", "coordinates": [ [ [ -84.382396106251633, 33.757823148662034 ], [ -84.38132124238183, 33.75780033567797 ], [ -84.381293936186452, 33.758697732105986 ], [ -84.382368811233164, 33.758720545859035 ], [ -84.382396106251633, 33.757823148662034 ] ] ] } },
{ "type": "Feature", "properties": { "tile_id": 512, "average_temperature": 35.3927, "min_temperature": 35.3927, "max_temperature": 35.3927, "tree_opportunity_percent": 0.0 }, "geometry": { "type": "Polygon", "coordinates": [ [ [ -84.38132124238183, 33.75780033567797 ], [ -84.38024637972201, 33.757777513348145 ], [ -84.380219062349795, 33.758674909006849 ], [ -84.381293936186452, 33.758697732105986 ], [ -84.38132124238183, 33.75780033567797 ] ] ] } },
{ "type": "Feature", "properties": { "tile_id": 513, "average_temperature": 35.3804, "min_temperature": 35.3804, "max_temperature": 35.3804, "tree_opportunity_percent": 0.0 }, "geometry": { "type": "Polygon", "coordinates": [ [ [ -84.38024637972201, 33.757777513348145 ], [ -84.379171518272699, 33.757754681672594 ], [ -84.379144189723661, 33.758652076561667 ], [ -84.380219062349795, 33.758674909006849 ], [ -84.38024637972201, 33.757777513348145 ] ] ] } },
{ "type": "Feature", "properties": { "tile_id": 514, "average_temperature": 35.365, "min_temperature": 35.365, "max_temperature": 35.365, "tree_opportunity_percent": 0.0 }, "geometry": { "type": "Polygon", "coordinates": [ [ [ -84.379171518272699, 33.757754681672594 ], [ -84.378096658034337, 33.757731840651338 ], [ -84.37806931830859, 33.758629234770481 ], [ -84.379144189723675, 33.758652076561667 ], [ -84.379171518272699, 33.757754681672594 ] ] ] } },
{ "type": "Feature", "properties": { "tile_id": 515, "average_temperature": 35.3474, "min_temperature": 35.3474, "max_temperature": 35.3474, "tree_opportunity_percent": 0.0 }, "geometry": { "type": "Polygon", "coordinates": [ [ [ -84.378096658034352, 33.757731840651338 ], [ -84.377021799007494, 33.757708990284407 ], [ -84.376994448105037, 33.758606383633314 ], [ -84.37806931830859, 33.758629234770481 ], [ -84.378096658034352, 33.757731840651338 ] ] ] } },
{ "type": "Feature", "properties": { "tile_id": 516, "average_temperature": 35.3281, "min_temperature": 35.3281, "max_temperature": 35.3281, "tree_opportunity_percent": 0.0 }, "geometry": { "type": "Polygon", "coordinates": [ [ [ -84.377021799007494, 33.757708990284407 ], [ -84.375946941192609, 33.757686130571855 ], [ -84.375919579113514, 33.7585835231502 ], [ -84.376994448105037, 33.758606383633314 ], [ -84.377021799007494, 33.757708990284407 ] ] ] } },
{ "type": "Feature", "properties": { "tile_id": 517, "average_temperature": 35.3078, "min_temperature": 35.3078, "max_temperature": 35.3078, "tree_opportunity_percent": 0.0 }, "geometry": { "type": "Polygon", "coordinates": [ [ [ -84.375946941192609, 33.757686130571855 ], [ -84.37487208459018, 33.757663261513713 ], [ -84.374844711334518, 33.758560653321176 ], [ -84.375919579113514, 33.7585835231502 ], [ -84.375946941192609, 33.757686130571855 ] ] ] } },
{ "type": "Feature", "properties": { "tile_id": 518, "average_temperature": 35.5368, "min_temperature": 35.5368, "max_temperature": 35.5368, "tree_opportunity_percent": 0.0 }, "geometry": { "type": "Polygon", "coordinates": [ [ [ -84.414615622854399, 33.759400612347946 ], [ -84.413540711736147, 33.759378078993663 ], [ -84.413513739675608, 33.760275498204734 ], [ -84.414588661972786, 33.76029803231858 ], [ -84.414615622854399, 33.759400612347946 ] ] ] } },
{ "type": "Feature", "properties": { "tile_id": 519, "average_temperature": 35.5237, "min_temperature": 35.5237, "max_temperature": 35.5237, "tree_opportunity_percent": 0.0 }, "geometry": { "type": "Polygon", "coordinates": [ [ [ -84.413540711736147, 33.759378078993663 ], [ -84.412465801813127, 33.759355536292261 ], [ -84.412438818573719, 33.760252954743457 ], [ -84.413513739675608, 33.760275498204741 ], [ -84.413540711736147, 33.759378078993663 ] ] ] } },
{ "type": "Feature", "properties": { "tile_id": 520, "average_temperature": 35.5095, "min_temperature": 35.5095, "max_temperature": 35.5095, "tree_opportunity_percent": 0.0 }, "geometry": { "type": "Polygon", "coordinates": [ [ [ -84.412465801813127, 33.759355536292261 ], [ -84.411390893085795, 33.759332984243748 ], [ -84.411363898667588, 33.760230401934749 ], [ -84.412438818573719, 33.760252954743457 ], [ -84.412465801813127, 33.759355536292261 ] ] ] } },
{ "type": "Feature", "properties": { "tile_id": 521, "average_temperature": 35.4944, "min_temperature": 35.4944, "max_temperature": 35.4944, "tree_opportunity_percent": 0.0 }, "geometry": { "type": "Polygon", "coordinates": [ [ [ -84.411390893085795, 33.759332984243748 ], [ -84.410315985554661, 33.759310422848188 ], [ -84.410288979957699, 33.76020783977868 ], [ -84.411363898667588, 33.760230401934749 ], [ -84.411390893085795, 33.759332984243748 ] ] ] } },
{ "type": "Feature", "properties": { "tile_id": 522, "average_temperature": 35.4788, "min_temperature": 35.4788, "max_temperature": 35.4788, "tree_opportunity_percent": 0.0 }, "geometry": { "type": "Polygon", "coordinates": [ [ [ -84.410315985554661, 33.759310422848188 ], [ -84.409241079220237, 33.759287852105594 ], [ -84.409214062444562, 33.760185268275258 ], [ -84.410288979957699, 33.76020783977868 ], [ -84.410315985554661, 33.759310422848188 ] ] ] } },
{ "type": "Feature", "properties": { "tile_id": 523, "average_temperature": 35.4631, "min_temperature": 35.4631, "max_temperature": 35.4631, "tree_opportunity_percent": 0.0 }, "geometry": { "type": "Polygon", "coordinates": [ [ [ -84.409241079220237, 33.759287852105594 ], [ -84.408166174083021, 33.759265272016002 ], [ -84.40813914612869, 33.76016268742454 ], [ -84.409214062444562, 33.760185268275258 ], [ -84.409241079220237, 33.759287852105594 ] ] ] } },
{ "type": "Feature", "properties": { "tile_id": 524, "average_temperature": 35.4476, "min_temperature": 35.4476, "max_temperature": 35.4476, "tree_opportunity_percent": 0.0 }, "geometry": { "type": "Polygon", "coordinates": [ [ [ -84.408166174083021, 33.759265272016002 ], [ -84.407091270143482, 33.759242682579462 ], [ -84.407064231010537, 33.76014009722654 ], [ -84.40813914612869, 33.76016268742454 ], [ -84.408166174083021, 33.759265272016002 ] ] ] } },
{ "type": "Feature", "properties": { "tile_id": 525, "average_temperature": 35.4327, "min_temperature": 35.4327, "max_temperature": 35.4327, "tree_opportunity_percent": 0.0 }, "geometry": { "type": "Polygon", "coordinates": [ [ [ -84.407091270143482, 33.759242682579462 ], [ -84.406016367402131, 33.759220083796002 ], [ -84.405989317090629, 33.760117497681314 ], [ -84.407064231010537, 33.76014009722654 ], [ -84.407091270143482, 33.759242682579462 ] ] ] } },
{ "type": "Feature", "properties": { "tile_id": 526, "average_temperature": 35.4188, "min_temperature": 35.4188, "max_temperature": 35.4188, "tree_opportunity_percent": 0.0 }, "geometry": { "type": "Polygon", "coordinates": [ [ [ -84.406016367402131, 33.759220083796002 ], [ -84.404941465859451, 33.759197475665651 ], [ -84.404914404369435, 33.760094888788885 ], [ -84.405989317090629, 33.760117497681314 ], [ -84.406016367402131, 33.759220083796002 ] ] ] } },
{ "type": "Feature", "properties": { "tile_id": 527, "average_temperature": 35.4062, "min_temperature": 35.4062, "max_temperature": 35.4062, "tree_opportunity_percent": 0.0 }, "geometry": { "type": "Polygon", "coordinates": [ [ [ -84.404941465859451, 33.759197475665651 ], [ -84.403866565515941, 33.759174858188445 ], [ -84.403839492847482, 33.76007227054928 ], [ -84.404914404369435, 33.760094888788885 ], [ -84.404941465859451, 33.759197475665651 ] ] ] } },
{ "type": "Feature", "properties": { "tile_id": 528, "average_temperature": 35.3952, "min_temperature": 35.3952, "max_temperature": 35.3952, "tree_opportunity_percent": 0.0 }, "geometry": { "type": "Polygon", "coordinates": [ [ [ -84.403866565515941, 33.759174858188445 ], [ -84.402791666372096, 33.759152231364418 ], [ -84.402764582525222, 33.760049642962549 ], [ -84.403839492847482, 33.76007227054928 ], [ -84.403866565515941, 33.759174858188445 ] ] ] } },
{ "type": "Feature", "properties": { "tile_id": 529, "average_temperature": 35.3863, "min_temperature": 35.3863, "max_temperature": 35.3863, "tree_opportunity_percent": 0.0 }, "geometry": { "type": "Polygon", "coordinates": [ [ [ -84.40279166637211, 33.759152231364418 ], [ -84.401716768428415, 33.75912959519362 ], [ -84.401689673403183, 33.760027006028714 ], [ -84.402764582525222, 33.760049642962549 ], [ -84.40279166637211, 33.759152231364418 ] ] ] } },
{ "type": "Feature", "properties": { "tile_id": 530, "average_temperature": 35.3797, "min_temperature": 35.3797, "max_temperature": 35.3797, "tree_opportunity_percent": 0.0 }, "geometry": { "type": "Polygon", "coordinates": [ [ [ -84.401716768428415, 33.75912959519362 ], [ -84.400641871685394, 33.759106949676067 ], [ -84.400614765481862, 33.760004359747825 ], [ -84.401689673403183, 33.760027006028714 ], [ -84.401716768428415, 33.75912959519362 ] ] ] } },
{ "type": "Feature", "properties": { "tile_id": 531, "average_temperature": 35.3751, "min_temperature": 35.3751, "max_temperature": 35.3751, "tree_opportunity_percent": 0.0 }, "geometry": { "type": "Polygon", "coordinates": [ [ [ -84.400641871685394, 33.759106949676067 ], [ -84.399566976143504, 33.759084294811792 ], [ -84.399539858761727, 33.759981704119902 ], [ -84.400614765481862, 33.760004359747825 ], [ -84.400641871685394, 33.759106949676067 ] ] ] } },
{ "type": "Feature", "properties": { "tile_id": 532, "average_temperature": 35.3724, "min_temperature": 35.3724, "max_temperature": 35.3724, "tree_opportunity_percent": 0.0 }, "geometry": { "type": "Polygon", "coordinates": [ [ [ -84.399566976143504, 33.759084294811792 ], [ -84.398492081803283, 33.759061630600854 ], [ -84.398464953243291, 33.759959039144988 ], [ -84.399539858761727, 33.759981704119902 ], [ -84.399566976143504, 33.759084294811792 ] ] ] } },
{ "type": "Feature", "properties": { "tile_id": 533, "average_temperature": 35.3714, "min_temperature": 35.3714, "max_temperature": 35.3714, "tree_opportunity_percent": 0.0 }, "geometry": { "type": "Polygon", "coordinates": [ [ [ -84.398492081803283, 33.759061630600854 ], [ -84.397417188665187, 33.759038957043259 ], [ -84.397390048927036, 33.759936364823119 ], [ -84.398464953243291, 33.759959039144988 ], [ -84.398492081803283, 33.759061630600854 ] ] ] } },
{ "type": "Feature", "properties": { "tile_id": 534, "average_temperature": 35.3718, "min_temperature": 35.3718, "max_temperature": 35.3718, "tree_opportunity_percent": 0.0 }, "geometry": { "type": "Polygon", "coordinates": [ [ [ -84.397417188665187, 33.759038957043259 ], [ -84.396342296729713, 33.759016274139078 ], [ -84.396315145813475, 33.759913681154316 ], [ -84.397390048927036, 33.759936364823119 ], [ -84.397417188665187, 33.759038957043259 ] ] ] } },
{ "type": "Feature", "properties": { "tile_id": 535, "average_temperature": 35.3736, "min_temperature": 35.3736, "max_temperature": 35.3736, "tree_opportunity_percent": 0.0 }, "geometry": { "type": "Polygon", "coordinates": [ [ [ -84.396342296729713, 33.759016274139078 ], [ -84.395267405997373, 33.758993581888298 ], [ -84.395240243903089, 33.759890988138629 ], [ -84.396315145813475, 33.759913681154316 ], [ -84.396342296729713, 33.759016274139078 ] ] ] } },
{ "type": "Feature", "properties": { "tile_id": 536, "average_temperature": 35.3764, "min_temperature": 35.3764, "max_temperature": 35.3764, "tree_opportunity_percent": 0.0 }, "geometry": { "type": "Polygon", "coordinates": [ [ [ -84.395267405997373, 33.758993581888298 ], [ -84.394192516468664, 33.758970880290981 ], [ -84.394165343196363, 33.759868285776101 ], [ -84.395240243903089, 33.759890988138629 ], [ -84.395267405997373, 33.758993581888298 ] ] ] } },
{ "type": "Feature", "properties": { "tile_id": 537, "average_temperature": 35.3801, "min_temperature": 35.3801, "max_temperature": 35.3801, "tree_opportunity_percent": 0.0 }, "geometry": { "type": "Polygon", "coordinates": [ [ [ -84.394192516468664, 33.758970880290981 ], [ -84.393117628144068, 33.758948169347185 ], [ -84.393090443693808, 33.759845574066738 ], [ -84.394165343196363, 33.759868285776101 ], [ -84.394192516468664, 33.758970880290981 ] ] ] } },
{ "type": "Feature", "properties": { "tile_id": 538, "average_temperature": 35.3845, "min_temperature": 35.3845, "max_temperature": 35.3845, "tree_opportunity_percent": 0.0 }, "geometry": { "type": "Polygon", "coordinates": [ [ [ -84.393117628144068, 33.758948169347185 ], [ -84.392042741024071, 33.758925449056896 ], [ -84.392015545395921, 33.759822853010604 ], [ -84.393090443693808, 33.759845574066738 ], [ -84.393117628144068, 33.758948169347185 ] ] ] } },
{ "type": "Feature", "properties": { "tile_id": 539, "average_temperature": 35.3894, "min_temperature": 35.3894, "max_temperature": 35.3894, "tree_opportunity_percent": 0.0 }, "geometry": { "type": "Polygon", "coordinates": [ [ [ -84.392042741024071, 33.758925449056896 ], [ -84.390967855109182, 33.758902719420178 ], [ -84.390940648303186, 33.759800122607714 ], [ -84.392015545395921, 33.759822853010604 ], [ -84.392042741024071, 33.758925449056896 ] ] ] } },
{ "type": "Feature", "properties": { "tile_id": 540, "average_temperature": 35.3945, "min_temperature": 35.3945, "max_temperature": 35.3945, "tree_opportunity_percent": 0.0 }, "geometry": { "type": "Polygon", "coordinates": [ [ [ -84.390967855109182, 33.758902719420178 ], [ -84.389892970399899, 33.758879980437058 ], [ -84.3898657524161, 33.759777382858118 ], [ -84.390940648303186, 33.759800122607714 ], [ -84.390967855109182, 33.758902719420178 ] ] ] } },
{ "type": "Feature", "properties": { "tile_id": 541, "average_temperature": 35.3995, "min_temperature": 35.3995, "max_temperature": 35.3995, "tree_opportunity_percent": 0.0 }, "geometry": { "type": "Polygon", "coordinates": [ [ [ -84.389892970399899, 33.758879980437058 ], [ -84.388818086896691, 33.758857232107587 ], [ -84.38879085773516, 33.759754633761837 ], [ -84.3898657524161, 33.759777382858118 ], [ -84.389892970399899, 33.758879980437058 ] ] ] } },
{ "type": "Feature", "properties": { "tile_id": 542, "average_temperature": 35.404, "min_temperature": 35.404, "max_temperature": 35.404, "tree_opportunity_percent": 0.0 }, "geometry": { "type": "Polygon", "coordinates": [ [ [ -84.388818086896691, 33.758857232107587 ], [ -84.387743204600099, 33.758834474431779 ], [ -84.387715964260849, 33.759731875318906 ], [ -84.38879085773516, 33.759754633761837 ], [ -84.388818086896691, 33.758857232107587 ] ] ] } },
{ "type": "Feature", "properties": { "tile_id": 543, "average_temperature": 35.4077, "min_temperature": 35.4077, "max_temperature": 35.4077, "tree_opportunity_percent": 0.0 }, "geometry": { "type": "Polygon", "coordinates": [ [ [ -84.387743204600099, 33.758834474431779 ], [ -84.386668323510563, 33.758811707409677 ], [ -84.386641071993679, 33.759709107529375 ], [ -84.387715964260849, 33.759731875318906 ], [ -84.387743204600099, 33.758834474431779 ] ] ] } },
{ "type": "Feature", "properties": { "tile_id": 544, "average_temperature": 35.4102, "min_temperature": 35.4102, "max_temperature": 35.4102, "tree_opportunity_percent": 0.0 }, "geometry": { "type": "Polygon", "coordinates": [ [ [ -84.386668323510563, 33.758811707409677 ], [ -84.385593443628608, 33.758788931041316 ], [ -84.385566180934134, 33.759686330393279 ], [ -84.386641071993679, 33.759709107529375 ], [ -84.386668323510563, 33.758811707409677 ] ] ] } },
{ "type": "Feature", "properties": { "tile_id": 545, "average_temperature": 35.4111, "min_temperature": 35.4111, "max_temperature": 35.4111, "tree_opportunity_percent": 0.0 }, "geometry": { "type": "Polygon", "coordinates": [ [ [ -84.385593443628608, 33.758788931041316 ], [ -84.384518564954732, 33.758766145326732 ], [ -84.384491291082711, 33.759663543910627 ], [ -84.385566180934134, 33.759686330393279 ], [ -84.385593443628608, 33.758788931041316 ] ] ] } },
{ "type": "Feature", "properties": { "tile_id": 546, "average_temperature": 35.4101, "min_temperature": 35.4101, "max_temperature": 35.4101, "tree_opportunity_percent": 0.0 }, "geometry": { "type": "Polygon", "coordinates": [ [ [ -84.384518564954732, 33.758766145326732 ], [ -84.383443687489418, 33.758743350265945 ], [ -84.383416402439892, 33.759640748081473 ], [ -84.384491291082711, 33.759663543910627 ], [ -84.384518564954732, 33.758766145326732 ] ] ] } },
{ "type": "Feature", "properties": { "tile_id": 547, "average_temperature": 35.4068, "min_temperature": 35.4068, "max_temperature": 35.4068, "tree_opportunity_percent": 0.0 }, "geometry": { "type": "Polygon", "coordinates": [ [ [ -84.383443687489418, 33.758743350265945 ], [ -84.382368811233164, 33.758720545859035 ], [ -84.382341515006203, 33.759617942905862 ], [ -84.383416402439906, 33.759640748081473 ], [ -84.383443687489418, 33.758743350265945 ] ] ] } },
{ "type": "Feature", "properties": { "tile_id": 548, "average_temperature": 35.4008, "min_temperature": 35.4008, "max_temperature": 35.4008, "tree_opportunity_percent": 0.0 }, "geometry": { "type": "Polygon", "coordinates": [ [ [ -84.382368811233164, 33.758720545859035 ], [ -84.381293936186452, 33.758697732105986 ], [ -84.381266628782114, 33.759595128383808 ], [ -84.382341515006203, 33.759617942905862 ], [ -84.382368811233164, 33.758720545859035 ] ] ] } },
{ "type": "Feature", "properties": { "tile_id": 549, "average_temperature": 35.3918, "min_temperature": 35.3918, "max_temperature": 35.3918, "tree_opportunity_percent": 0.0 }, "geometry": { "type": "Polygon", "coordinates": [ [ [ -84.381293936186452, 33.758697732105986 ], [ -84.380219062349795, 33.758674909006849 ], [ -84.380191743768123, 33.759572304515366 ], [ -84.381266628782114, 33.759595128383808 ], [ -84.381293936186452, 33.758697732105986 ] ] ] } },
{ "type": "Feature", "properties": { "tile_id": 550, "average_temperature": 35.3794, "min_temperature": 35.3794, "max_temperature": 35.3794, "tree_opportunity_percent": 0.0 }, "geometry": { "type": "Polygon", "coordinates": [ [ [ -84.380219062349795, 33.758674909006849 ], [ -84.379144189723661, 33.758652076561667 ], [ -84.379116859964711, 33.759549471300559 ], [ -84.380191743768123, 33.759572304515366 ], [ -84.380219062349795, 33.758674909006849 ] ] ] } },
{ "type": "Feature", "properties": { "tile_id": 551, "average_temperature": 35.3641, "min_temperature": 35.3641, "max_temperature": 35.3641, "tree_opportunity_percent": 0.0 }, "geometry": { "type": "Polygon", "coordinates": [ [ [ -84.379144189723675, 33.758652076561667 ], [ -84.37806931830859, 33.758629234770481 ], [ -84.378041977372391, 33.759526628739415 ], [ -84.379116859964711, 33.759549471300559 ], [ -84.379144189723675, 33.758652076561667 ] ] ] } },
{ "type": "Feature", "properties": { "tile_id": 552, "average_temperature": 35.3465, "min_temperature": 35.3465, "max_temperature": 35.3465, "tree_opportunity_percent": 0.0 }, "geometry": { "type": "Polygon", "coordinates": [ [ [ -84.37806931830859, 33.758629234770481 ], [ -84.376994448105037, 33.758606383633314 ], [ -84.37696709599166, 33.759503776831984 ], [ -84.378041977372391, 33.759526628739415 ], [ -84.37806931830859, 33.758629234770481 ] ] ] } },
{ "type": "Feature", "properties": { "tile_id": 553, "average_temperature": 35.3272, "min_temperature": 35.3272, "max_temperature": 35.3272, "tree_opportunity_percent": 0.0 }, "geometry": { "type": "Polygon", "coordinates": [ [ [ -84.376994448105037, 33.758606383633314 ], [ -84.375919579113514, 33.7585835231502 ], [ -84.375892215823001, 33.759480915578294 ], [ -84.37696709599166, 33.759503776831984 ], [ -84.376994448105037, 33.758606383633314 ] ] ] } },
{ "type": "Feature", "properties": { "tile_id": 554, "average_temperature": 35.307, "min_temperature": 35.307, "max_temperature": 35.307, "tree_opportunity_percent": 0.0 }, "geometry": { "type": "Polygon", "coordinates": [ [ [ -84.375919579113514, 33.7585835231502 ], [ -84.374844711334518, 33.758560653321176 ], [ -84.374817336866911, 33.759458044978381 ], [ -84.375892215823001, 33.759480915578294 ], [ -84.375919579113514, 33.7585835231502 ] ] ] } },
{ "type": "Feature", "properties": { "tile_id": 555, "average_temperature": 35.5357, "min_temperature": 35.5357, "max_temperature": 35.5357, "tree_opportunity_percent": 0.0 }, "geometry": { "type": "Polygon", "coordinates": [ [ [ -84.414588661972786, 33.76029803231858 ], [ -84.413513739675608, 33.760275498204734 ], [ -84.413486766420874, 33.761172917266087 ], [ -84.414561699897448, 33.761195452139503 ], [ -84.414588661972786, 33.76029803231858 ] ] ] } },
{ "type": "Feature", "properties": { "tile_id": 556, "average_temperature": 35.5226, "min_temperature": 35.5226, "max_temperature": 35.5226, "tree_opportunity_percent": 0.0 }, "geometry": { "type": "Polygon", "coordinates": [ [ [ -84.413513739675608, 33.760275498204734 ], [ -84.412438818573719, 33.760252954743443 ], [ -84.412411834139633, 33.761150373044906 ], [ -84.413486766420874, 33.761172917266087 ], [ -84.413513739675608, 33.760275498204734 ] ] ] } },
{ "type": "Feature", "properties": { "tile_id": 557, "average_temperature": 35.5082, "min_temperature": 35.5082, "max_temperature": 35.5082, "tree_opportunity_percent": 0.0 }, "geometry": { "type": "Polygon", "coordinates": [ [ [ -84.412438818573719, 33.760252954743443 ], [ -84.411363898667588, 33.760230401934741 ], [ -84.411336903054192, 33.761127819475995 ], [ -84.412411834139633, 33.761150373044906 ], [ -84.412438818573719, 33.760252954743443 ] ] ] } },
{ "type": "Feature", "properties": { "tile_id": 558, "average_temperature": 35.4931, "min_temperature": 35.4931, "max_temperature": 35.4931, "tree_opportunity_percent": 0.0 }, "geometry": { "type": "Polygon", "coordinates": [ [ [ -84.411363898667588, 33.760230401934741 ], [ -84.410288979957699, 33.760207839778673 ], [ -84.410261973165049, 33.761105256559397 ], [ -84.411336903054192, 33.761127819475995 ], [ -84.411363898667588, 33.760230401934741 ] ] ] } },
{ "type": "Feature", "properties": { "tile_id": 559, "average_temperature": 35.4775, "min_temperature": 35.4775, "max_temperature": 35.4775, "tree_opportunity_percent": 0.0 }, "geometry": { "type": "Polygon", "coordinates": [ [ [ -84.410288979957699, 33.760207839778673 ], [ -84.409214062444562, 33.760185268275251 ], [ -84.409187044472716, 33.76108268429514 ], [ -84.410261973165049, 33.761105256559397 ], [ -84.410288979957699, 33.760207839778673 ] ] ] } },
{ "type": "Feature", "properties": { "tile_id": 560, "average_temperature": 35.4618, "min_temperature": 35.4618, "max_temperature": 35.4618, "tree_opportunity_percent": 0.0 }, "geometry": { "type": "Polygon", "coordinates": [ [ [ -84.409214062444562, 33.760185268275251 ], [ -84.40813914612869, 33.760162687424526 ], [ -84.408112116977676, 33.761060102683274 ], [ -84.409187044472716, 33.76108268429514 ], [ -84.409214062444562, 33.760185268275251 ] ] ] } },
{ "type": "Feature", "properties": { "tile_id": 561, "average_temperature": 35.4463, "min_temperature": 35.4463, "max_temperature": 35.4463, "tree_opportunity_percent": 0.0 }, "geometry": { "type": "Polygon", "coordinates": [ [ [ -84.40813914612869, 33.760162687424526 ], [ -84.407064231010537, 33.760140097226532 ], [ -84.407037190680427, 33.761037511723806 ], [ -84.408112116977676, 33.761060102683274 ], [ -84.40813914612869, 33.760162687424526 ] ] ] } },
{ "type": "Feature", "properties": { "tile_id": 562, "average_temperature": 35.4315, "min_temperature": 35.4315, "max_temperature": 35.4315, "tree_opportunity_percent": 0.0 }, "geometry": { "type": "Polygon", "coordinates": [ [ [ -84.407064231010537, 33.760140097226532 ], [ -84.405989317090629, 33.760117497681314 ], [ -84.405962265581465, 33.761014911416794 ], [ -84.407037190680427, 33.761037511723806 ], [ -84.407064231010537, 33.760140097226532 ] ] ] } },
{ "type": "Feature", "properties": { "tile_id": 563, "average_temperature": 35.4176, "min_temperature": 35.4176, "max_temperature": 35.4176, "tree_opportunity_percent": 0.0 }, "geometry": { "type": "Polygon", "coordinates": [ [ [ -84.405989317090629, 33.760117497681314 ], [ -84.404914404369435, 33.760094888788878 ], [ -84.404887341681274, 33.760992301762265 ], [ -84.405962265581465, 33.761014911416794 ], [ -84.405989317090629, 33.760117497681314 ] ] ] } },
{ "type": "Feature", "properties": { "tile_id": 564, "average_temperature": 35.4051, "min_temperature": 35.4051, "max_temperature": 35.4051, "tree_opportunity_percent": 0.0 }, "geometry": { "type": "Polygon", "coordinates": [ [ [ -84.404914404369435, 33.760094888788878 ], [ -84.403839492847482, 33.760072270549273 ], [ -84.403812418980365, 33.760969682760262 ], [ -84.404887341681274, 33.760992301762265 ], [ -84.404914404369435, 33.760094888788878 ] ] ] } },
{ "type": "Feature", "properties": { "tile_id": 565, "average_temperature": 35.3942, "min_temperature": 35.3942, "max_temperature": 35.3942, "tree_opportunity_percent": 0.0 }, "geometry": { "type": "Polygon", "coordinates": [ [ [ -84.403839492847482, 33.760072270549273 ], [ -84.402764582525222, 33.760049642962542 ], [ -84.402737497479208, 33.760947054410792 ], [ -84.403812418980365, 33.760969682760262 ], [ -84.403839492847482, 33.760072270549273 ] ] ] } },
{ "type": "Feature", "properties": { "tile_id": 566, "average_temperature": 35.3855, "min_temperature": 35.3855, "max_temperature": 35.3855, "tree_opportunity_percent": 0.0 }, "geometry": { "type": "Polygon", "coordinates": [ [ [ -84.402764582525222, 33.760049642962542 ], [ -84.401689673403183, 33.760027006028707 ], [ -84.401662577178328, 33.76092441671392 ], [ -84.402737497479208, 33.760947054410792 ], [ -84.402764582525222, 33.760049642962542 ] ] ] } },
{ "type": "Feature", "properties": { "tile_id": 567, "average_temperature": 35.3789, "min_temperature": 35.3789, "max_temperature": 35.3789, "tree_opportunity_percent": 0.0 }, "geometry": { "type": "Polygon", "coordinates": [ [ [ -84.401689673403183, 33.760027006028707 ], [ -84.400614765481862, 33.760004359747825 ], [ -84.400587658078194, 33.760901769669672 ], [ -84.401662577178328, 33.76092441671392 ], [ -84.401689673403183, 33.760027006028707 ] ] ] } },
{ "type": "Feature", "properties": { "tile_id": 568, "average_temperature": 35.3745, "min_temperature": 35.3745, "max_temperature": 35.3745, "tree_opportunity_percent": 0.0 }, "geometry": { "type": "Polygon", "coordinates": [ [ [ -84.400614765481862, 33.760004359747825 ], [ -84.399539858761727, 33.759981704119895 ], [ -84.399512740179318, 33.760879113278087 ], [ -84.400587658078194, 33.760901769669672 ], [ -84.400614765481862, 33.760004359747825 ] ] ] } },
{ "type": "Feature", "properties": { "tile_id": 569, "average_temperature": 35.3719, "min_temperature": 35.3719, "max_temperature": 35.3719, "tree_opportunity_percent": 0.0 }, "geometry": { "type": "Polygon", "coordinates": [ [ [ -84.399539858761727, 33.759981704119895 ], [ -84.398464953243291, 33.759959039144988 ], [ -84.398437823482183, 33.760856447539176 ], [ -84.399512740179318, 33.760879113278087 ], [ -84.399539858761727, 33.759981704119895 ] ] ] } },
{ "type": "Feature", "properties": { "tile_id": 570, "average_temperature": 35.371, "min_temperature": 35.371, "max_temperature": 35.371, "tree_opportunity_percent": 0.0 }, "geometry": { "type": "Polygon", "coordinates": [ [ [ -84.398464953243291, 33.759959039144988 ], [ -84.397390048927036, 33.759936364823105 ], [ -84.397362907987286, 33.760833772453019 ], [ -84.398437823482183, 33.760856447539176 ], [ -84.398464953243291, 33.759959039144988 ] ] ] } },
{ "type": "Feature", "properties": { "tile_id": 571, "average_temperature": 35.3715, "min_temperature": 35.3715, "max_temperature": 35.3715, "tree_opportunity_percent": 0.0 }, "geometry": { "type": "Polygon", "coordinates": [ [ [ -84.397390048927036, 33.759936364823105 ], [ -84.396315145813475, 33.759913681154316 ], [ -84.396287993695125, 33.760811088019601 ], [ -84.397362907987286, 33.760833772453019 ], [ -84.397390048927036, 33.759936364823105 ] ] ] } },
{ "type": "Feature", "properties": { "tile_id": 572, "average_temperature": 35.3733, "min_temperature": 35.3733, "max_temperature": 35.3733, "tree_opportunity_percent": 0.0 }, "geometry": { "type": "Polygon", "coordinates": [ [ [ -84.396315145813475, 33.759913681154316 ], [ -84.395240243903089, 33.759890988138629 ], [ -84.395213080606197, 33.760788394238979 ], [ -84.396287993695125, 33.760811088019601 ], [ -84.396315145813475, 33.759913681154316 ] ] ] } },
{ "type": "Feature", "properties": { "tile_id": 573, "average_temperature": 35.3762, "min_temperature": 35.3762, "max_temperature": 35.3762, "tree_opportunity_percent": 0.0 }, "geometry": { "type": "Polygon", "coordinates": [ [ [ -84.395240243903089, 33.759890988138629 ], [ -84.394165343196363, 33.759868285776093 ], [ -84.394138168720971, 33.760765691111203 ], [ -84.395213080606197, 33.760788394238979 ], [ -84.395240243903089, 33.759890988138629 ] ] ] } },
{ "type": "Feature", "properties": { "tile_id": 574, "average_temperature": 35.3799, "min_temperature": 35.3799, "max_temperature": 35.3799, "tree_opportunity_percent": 0.0 }, "geometry": { "type": "Polygon", "coordinates": [ [ [ -84.394165343196363, 33.759868285776093 ], [ -84.393090443693808, 33.759845574066738 ], [ -84.393063258039987, 33.760742978636287 ], [ -84.394138168720971, 33.760765691111203 ], [ -84.394165343196363, 33.759868285776093 ] ] ] } },
{ "type": "Feature", "properties": { "tile_id": 575, "average_temperature": 35.3844, "min_temperature": 35.3844, "max_temperature": 35.3844, "tree_opportunity_percent": 0.0 }, "geometry": { "type": "Polygon", "coordinates": [ [ [ -84.393090443693808, 33.759845574066738 ], [ -84.392015545395921, 33.759822853010604 ], [ -84.3919883485637, 33.760720256814281 ], [ -84.393063258039987, 33.760742978636287 ], [ -84.393090443693808, 33.759845574066738 ] ] ] } },
{ "type": "Feature", "properties": { "tile_id": 576, "average_temperature": 35.3892, "min_temperature": 35.3892, "max_temperature": 35.3892, "tree_opportunity_percent": 0.0 }, "geometry": { "type": "Polygon", "coordinates": [ [ [ -84.392015545395921, 33.759822853010604 ], [ -84.390940648303186, 33.759800122607707 ], [ -84.390913440292621, 33.760697525645199 ], [ -84.391988348563714, 33.760720256814281 ], [ -84.392015545395921, 33.759822853010604 ] ] ] } },
{ "type": "Feature", "properties": { "tile_id": 577, "average_temperature": 35.3943, "min_temperature": 35.3943, "max_temperature": 35.3943, "tree_opportunity_percent": 0.0 }, "geometry": { "type": "Polygon", "coordinates": [ [ [ -84.390940648303186, 33.759800122607707 ], [ -84.3898657524161, 33.759777382858111 ], [ -84.389838533227248, 33.760674785129098 ], [ -84.390913440292621, 33.760697525645199 ], [ -84.390940648303186, 33.759800122607707 ] ] ] } },
{ "type": "Feature", "properties": { "tile_id": 578, "average_temperature": 35.3993, "min_temperature": 35.3993, "max_temperature": 35.3993, "tree_opportunity_percent": 0.0 }, "geometry": { "type": "Polygon", "coordinates": [ [ [ -84.3898657524161, 33.759777382858111 ], [ -84.38879085773516, 33.75975463376183 ], [ -84.388763627368064, 33.760652035266006 ], [ -84.389838533227248, 33.760674785129098 ], [ -84.3898657524161, 33.759777382858111 ] ] ] } },
{ "type": "Feature", "properties": { "tile_id": 579, "average_temperature": 35.4038, "min_temperature": 35.4038, "max_temperature": 35.4038, "tree_opportunity_percent": 0.0 }, "geometry": { "type": "Polygon", "coordinates": [ [ [ -84.38879085773516, 33.75975463376183 ], [ -84.387715964260849, 33.759731875318899 ], [ -84.387688722715566, 33.760629276055944 ], [ -84.388763627368064, 33.760652035266006 ], [ -84.38879085773516, 33.75975463376183 ] ] ] } },
{ "type": "Feature", "properties": { "tile_id": 580, "average_temperature": 35.4075, "min_temperature": 35.4075, "max_temperature": 35.4075, "tree_opportunity_percent": 0.0 }, "geometry": { "type": "Polygon", "coordinates": [ [ [ -84.387715964260849, 33.759731875318899 ], [ -84.386641071993679, 33.759709107529368 ], [ -84.386613819270266, 33.760606507498963 ], [ -84.387688722715566, 33.760629276055944 ], [ -84.387715964260849, 33.759731875318899 ] ] ] } },
{ "type": "Feature", "properties": { "tile_id": 581, "average_temperature": 35.4099, "min_temperature": 35.4099, "max_temperature": 35.4099, "tree_opportunity_percent": 0.0 }, "geometry": { "type": "Polygon", "coordinates": [ [ [ -84.386641071993679, 33.759709107529368 ], [ -84.385566180934134, 33.759686330393272 ], [ -84.385538917032619, 33.760583729595098 ], [ -84.386613819270266, 33.760606507498963 ], [ -84.386641071993679, 33.759709107529368 ] ] ] } },
{ "type": "Feature", "properties": { "tile_id": 582, "average_temperature": 35.4108, "min_temperature": 35.4108, "max_temperature": 35.4108, "tree_opportunity_percent": 0.0 }, "geometry": { "type": "Polygon", "coordinates": [ [ [ -84.385566180934134, 33.759686330393272 ], [ -84.384491291082711, 33.759663543910619 ], [ -84.384464016003164, 33.760560942344377 ], [ -84.385538917032619, 33.760583729595098 ], [ -84.385566180934134, 33.759686330393272 ] ] ] } },
{ "type": "Feature", "properties": { "tile_id": 583, "average_temperature": 35.4097, "min_temperature": 35.4097, "max_temperature": 35.4097, "tree_opportunity_percent": 0.0 }, "geometry": { "type": "Polygon", "coordinates": [ [ [ -84.384491291082711, 33.759663543910619 ], [ -84.383416402439892, 33.759640748081466 ], [ -84.383389116182357, 33.760538145746843 ], [ -84.384464016003164, 33.760560942344377 ], [ -84.384491291082711, 33.759663543910619 ] ] ] } },
{ "type": "Feature", "properties": { "tile_id": 584, "average_temperature": 35.4064, "min_temperature": 35.4064, "max_temperature": 35.4064, "tree_opportunity_percent": 0.0 }, "geometry": { "type": "Polygon", "coordinates": [ [ [ -84.383416402439906, 33.759640748081466 ], [ -84.382341515006203, 33.759617942905855 ], [ -84.382314217570737, 33.760515339802517 ], [ -84.383389116182357, 33.760538145746843 ], [ -84.383416402439906, 33.759640748081466 ] ] ] } },
{ "type": "Feature", "properties": { "tile_id": 585, "average_temperature": 35.4003, "min_temperature": 35.4003, "max_temperature": 35.4003, "tree_opportunity_percent": 0.0 }, "geometry": { "type": "Polygon", "coordinates": [ [ [ -84.382341515006203, 33.759617942905855 ], [ -84.381266628782114, 33.7595951283838 ], [ -84.381239320168746, 33.760492524511449 ], [ -84.382314217570737, 33.760515339802517 ], [ -84.382341515006203, 33.759617942905855 ] ] ] } },
{ "type": "Feature", "properties": { "tile_id": 586, "average_temperature": 35.3912, "min_temperature": 35.3912, "max_temperature": 35.3912, "tree_opportunity_percent": 0.0 }, "geometry": { "type": "Polygon", "coordinates": [ [ [ -84.381266628782114, 33.7595951283838 ], [ -84.380191743768123, 33.759572304515359 ], [ -84.380164423976922, 33.760469699873667 ], [ -84.381239320168746, 33.760492524511449 ], [ -84.381266628782114, 33.7595951283838 ] ] ] } },
{ "type": "Feature", "properties": { "tile_id": 587, "average_temperature": 35.3788, "min_temperature": 35.3788, "max_temperature": 35.3788, "tree_opportunity_percent": 0.0 }, "geometry": { "type": "Polygon", "coordinates": [ [ [ -84.380191743768123, 33.759572304515359 ], [ -84.379116859964711, 33.759549471300552 ], [ -84.379089528995735, 33.760446865889215 ], [ -84.380164423976922, 33.760469699873667 ], [ -84.380191743768123, 33.759572304515359 ] ] ] } },
{ "type": "Feature", "properties": { "tile_id": 588, "average_temperature": 35.3634, "min_temperature": 35.3634, "max_temperature": 35.3634, "tree_opportunity_percent": 0.0 }, "geometry": { "type": "Polygon", "coordinates": [ [ [ -84.379116859964711, 33.759549471300552 ], [ -84.378041977372391, 33.759526628739408 ], [ -84.378014635225682, 33.760424022558105 ], [ -84.379089528995735, 33.760446865889215 ], [ -84.379116859964711, 33.759549471300552 ] ] ] } },
{ "type": "Feature", "properties": { "tile_id": 589, "average_temperature": 35.3458, "min_temperature": 35.3458, "max_temperature": 35.3458, "tree_opportunity_percent": 0.0 }, "geometry": { "type": "Polygon", "coordinates": [ [ [ -84.378041977372391, 33.759526628739408 ], [ -84.37696709599166, 33.759503776831984 ], [ -84.376939742667261, 33.760401169880396 ], [ -84.378014635225682, 33.760424022558105 ], [ -84.378041977372391, 33.759526628739408 ] ] ] } },
{ "type": "Feature", "properties": { "tile_id": 590, "average_temperature": 35.3265, "min_temperature": 35.3265, "max_temperature": 35.3265, "tree_opportunity_percent": 0.0 }, "geometry": { "type": "Polygon", "coordinates": [ [ [ -84.37696709599166, 33.759503776831984 ], [ -84.375892215823001, 33.759480915578287 ], [ -84.375864851320983, 33.760378307856101 ], [ -84.376939742667261, 33.760401169880396 ], [ -84.37696709599166, 33.759503776831984 ] ] ] } },
{ "type": "Feature", "properties": { "tile_id": 591, "average_temperature": 35.3064, "min_temperature": 35.3064, "max_temperature": 35.3064, "tree_opportunity_percent": 0.0 }, "geometry": { "type": "Polygon", "coordinates": [ [ [ -84.375892215823001, 33.759480915578287 ], [ -84.374817336866911, 33.759458044978373 ], [ -84.374789961187318, 33.760355436485291 ], [ -84.375864851320983, 33.760378307856101 ], [ -84.375892215823001, 33.759480915578287 ] ] ] } },
{ "type": "Feature", "properties": { "tile_id": 592, "average_temperature": 35.5373, "min_temperature": 35.5373, "max_temperature": 35.5373, "tree_opportunity_percent": 0.0 }, "geometry": { "type": "Polygon", "coordinates": [ [ [ -84.414561699897448, 33.761195452139503 ], [ -84.413486766420874, 33.761172917266087 ], [ -84.413459791971903, 33.762070336177729 ], [ -84.414534736628369, 33.762092871810736 ], [ -84.414561699897448, 33.761195452139503 ] ] ] } },
{ "type": "Feature", "properties": { "tile_id": 593, "average_temperature": 35.5239, "min_temperature": 35.5239, "max_temperature": 35.5239, "tree_opportunity_percent": 0.0 }, "geometry": { "type": "Polygon", "coordinates": [ [ [ -84.413486766420874, 33.761172917266087 ], [ -84.412411834139633, 33.761150373044906 ], [ -84.412384848510797, 33.762047791196636 ], [ -84.413459791971903, 33.762070336177729 ], [ -84.413486766420874, 33.761172917266087 ] ] ] } },
{ "type": "Feature", "properties": { "tile_id": 594, "average_temperature": 35.5093, "min_temperature": 35.5093, "max_temperature": 35.5093, "tree_opportunity_percent": 0.0 }, "geometry": { "type": "Polygon", "coordinates": [ [ [ -84.412411834139633, 33.761150373044906 ], [ -84.411336903054192, 33.761127819475995 ], [ -84.411309906245549, 33.762025236867508 ], [ -84.412384848510797, 33.762047791196636 ], [ -84.412411834139633, 33.761150373044906 ] ] ] } },
{ "type": "Feature", "properties": { "tile_id": 595, "average_temperature": 35.4939, "min_temperature": 35.4939, "max_temperature": 35.4939, "tree_opportunity_percent": 0.0 }, "geometry": { "type": "Polygon", "coordinates": [ [ [ -84.411336903054192, 33.761127819475995 ], [ -84.410261973165049, 33.761105256559397 ], [ -84.41023496517667, 33.762002673190359 ], [ -84.411309906245549, 33.762025236867508 ], [ -84.411336903054192, 33.761127819475995 ] ] ] } },
{ "type": "Feature", "properties": { "tile_id": 596, "average_temperature": 35.4781, "min_temperature": 35.4781, "max_temperature": 35.4781, "tree_opportunity_percent": 0.0 }, "geometry": { "type": "Polygon", "coordinates": [ [ [ -84.410261973165049, 33.761105256559397 ], [ -84.409187044472716, 33.76108268429514 ], [ -84.409160025304629, 33.761980100165253 ], [ -84.41023496517667, 33.762002673190359 ], [ -84.410261973165049, 33.761105256559397 ] ] ] } },
{ "type": "Feature", "properties": { "tile_id": 597, "average_temperature": 35.4621, "min_temperature": 35.4621, "max_temperature": 35.4621, "tree_opportunity_percent": 0.0 }, "geometry": { "type": "Polygon", "coordinates": [ [ [ -84.409187044472716, 33.76108268429514 ], [ -84.408112116977676, 33.761060102683274 ], [ -84.408085086629953, 33.761957517792204 ], [ -84.409160025304629, 33.761980100165253 ], [ -84.409187044472716, 33.76108268429514 ] ] ] } },
{ "type": "Feature", "properties": { "tile_id": 598, "average_temperature": 35.4465, "min_temperature": 35.4465, "max_temperature": 35.4465, "tree_opportunity_percent": 0.0 }, "geometry": { "type": "Polygon", "coordinates": [ [ [ -84.408112116977676, 33.761060102683274 ], [ -84.407037190680427, 33.761037511723806 ], [ -84.407010149153109, 33.761934926071262 ], [ -84.408085086629953, 33.761957517792204 ], [ -84.408112116977676, 33.761060102683274 ] ] ] } },
{ "type": "Feature", "properties": { "tile_id": 599, "average_temperature": 35.4315, "min_temperature": 35.4315, "max_temperature": 35.4315, "tree_opportunity_percent": 0.0 }, "geometry": { "type": "Polygon", "coordinates": [ [ [ -84.407037190680427, 33.761037511723806 ], [ -84.405962265581465, 33.761014911416794 ], [ -84.405935212874596, 33.761912325002442 ], [ -84.407010149153109, 33.761934926071262 ], [ -84.407037190680427, 33.761037511723806 ] ] ] } },
{ "type": "Feature", "properties": { "tile_id": 600, "average_temperature": 35.4175, "min_temperature": 35.4175, "max_temperature": 35.4175, "tree_opportunity_percent": 0.0 }, "geometry": { "type": "Polygon", "coordinates": [ [ [ -84.405962265581465, 33.761014911416794 ], [ -84.404887341681274, 33.760992301762265 ], [ -84.40486027779491, 33.761889714585806 ], [ -84.405935212874596, 33.761912325002442 ], [ -84.405962265581465, 33.761014911416794 ] ] ] } },
{ "type": "Feature", "properties": { "tile_id": 601, "average_temperature": 35.4048, "min_temperature": 35.4048, "max_temperature": 35.4048, "tree_opportunity_percent": 0.0 }, "geometry": { "type": "Polygon", "coordinates": [ [ [ -84.404887341681274, 33.760992301762265 ], [ -84.403812418980365, 33.760969682760262 ], [ -84.403785343914564, 33.761867094821362 ], [ -84.40486027779491, 33.761889714585806 ], [ -84.404887341681274, 33.760992301762265 ] ] ] } },
{ "type": "Feature", "properties": { "tile_id": 602, "average_temperature": 35.3939, "min_temperature": 35.3939, "max_temperature": 35.3939, "tree_opportunity_percent": 0.0 }, "geometry": { "type": "Polygon", "coordinates": [ [ [ -84.403812418980365, 33.760969682760262 ], [ -84.402737497479208, 33.760947054410792 ], [ -84.402710411234011, 33.761844465709167 ], [ -84.403785343914564, 33.761867094821362 ], [ -84.403812418980365, 33.760969682760262 ] ] ] } },
{ "type": "Feature", "properties": { "tile_id": 603, "average_temperature": 35.3851, "min_temperature": 35.3851, "max_temperature": 35.3851, "tree_opportunity_percent": 0.0 }, "geometry": { "type": "Polygon", "coordinates": [ [ [ -84.402737497479208, 33.760947054410792 ], [ -84.401662577178328, 33.76092441671392 ], [ -84.401635479753779, 33.761821827249236 ], [ -84.402710411234011, 33.761844465709167 ], [ -84.402737497479208, 33.760947054410792 ] ] ] } },
{ "type": "Feature", "properties": { "tile_id": 604, "average_temperature": 35.3786, "min_temperature": 35.3786, "max_temperature": 35.3786, "tree_opportunity_percent": 0.0 }, "geometry": { "type": "Polygon", "coordinates": [ [ [ -84.401662577178328, 33.76092441671392 ], [ -84.400587658078194, 33.760901769669672 ], [ -84.400560549474363, 33.761799179441617 ], [ -84.401635479753779, 33.761821827249236 ], [ -84.401662577178328, 33.76092441671392 ] ] ] } },
{ "type": "Feature", "properties": { "tile_id": 605, "average_temperature": 35.3741, "min_temperature": 35.3741, "max_temperature": 35.3741, "tree_opportunity_percent": 0.0 }, "geometry": { "type": "Polygon", "coordinates": [ [ [ -84.400587658078194, 33.760901769669672 ], [ -84.399512740179318, 33.760879113278087 ], [ -84.399485620396234, 33.761776522286347 ], [ -84.400560549474363, 33.761799179441617 ], [ -84.400587658078194, 33.760901769669672 ] ] ] } },
{ "type": "Feature", "properties": { "tile_id": 606, "average_temperature": 35.3716, "min_temperature": 35.3716, "max_temperature": 35.3716, "tree_opportunity_percent": 0.0 }, "geometry": { "type": "Polygon", "coordinates": [ [ [ -84.399512740179318, 33.760879113278087 ], [ -84.398437823482183, 33.760856447539176 ], [ -84.398410692519903, 33.761753855783439 ], [ -84.399485620396234, 33.761776522286347 ], [ -84.399512740179318, 33.760879113278087 ] ] ] } },
{ "type": "Feature", "properties": { "tile_id": 607, "average_temperature": 35.3707, "min_temperature": 35.3707, "max_temperature": 35.3707, "tree_opportunity_percent": 0.0 }, "geometry": { "type": "Polygon", "coordinates": [ [ [ -84.398437823482183, 33.760856447539176 ], [ -84.397362907987286, 33.760833772453019 ], [ -84.397335765845881, 33.761731179932951 ], [ -84.398410692519903, 33.761753855783439 ], [ -84.398437823482183, 33.760856447539176 ] ] ] } },
{ "type": "Feature", "properties": { "tile_id": 608, "average_temperature": 35.3713, "min_temperature": 35.3713, "max_temperature": 35.3713, "tree_opportunity_percent": 0.0 }, "geometry": { "type": "Polygon", "coordinates": [ [ [ -84.397362907987286, 33.760833772453019 ], [ -84.396287993695125, 33.760811088019601 ], [ -84.396260840374623, 33.761708494734918 ], [ -84.397335765845881, 33.761731179932951 ], [ -84.397362907987286, 33.760833772453019 ] ] ] } },
{ "type": "Feature", "properties": { "tile_id": 609, "average_temperature": 35.3732, "min_temperature": 35.3732, "max_temperature": 35.3732, "tree_opportunity_percent": 0.0 }, "geometry": { "type": "Polygon", "coordinates": [ [ [ -84.396287993695125, 33.760811088019601 ], [ -84.395213080606197, 33.760788394238979 ], [ -84.395185916106655, 33.761685800189362 ], [ -84.396260840374623, 33.761708494734918 ], [ -84.396287993695125, 33.760811088019601 ] ] ] } },
{ "type": "Feature", "properties": { "tile_id": 610, "average_temperature": 35.3761, "min_temperature": 35.3761, "max_temperature": 35.3761, "tree_opportunity_percent": 0.0 }, "geometry": { "type": "Polygon", "coordinates": [ [ [ -84.395213080606197, 33.760788394238979 ], [ -84.394138168720971, 33.760765691111203 ], [ -84.394110993042446, 33.761663096296324 ], [ -84.395185916106655, 33.761685800189362 ], [ -84.395213080606197, 33.760788394238979 ] ] ] } },
{ "type": "Feature", "properties": { "tile_id": 611, "average_temperature": 35.3799, "min_temperature": 35.3799, "max_temperature": 35.3799, "tree_opportunity_percent": 0.0 }, "geometry": { "type": "Polygon", "coordinates": [ [ [ -84.394138168720971, 33.760765691111203 ], [ -84.393063258039987, 33.760742978636287 ], [ -84.393036071182522, 33.761640383055827 ], [ -84.394110993042446, 33.761663096296324 ], [ -84.394138168720971, 33.760765691111203 ] ] ] } },
{ "type": "Feature", "properties": { "tile_id": 612, "average_temperature": 35.3844, "min_temperature": 35.3844, "max_temperature": 35.3844, "tree_opportunity_percent": 0.0 }, "geometry": { "type": "Polygon", "coordinates": [ [ [ -84.393063258039987, 33.760742978636287 ], [ -84.3919883485637, 33.760720256814281 ], [ -84.391961150527351, 33.76161766046792 ], [ -84.393036071182522, 33.761640383055827 ], [ -84.393063258039987, 33.760742978636287 ] ] ] } },
{ "type": "Feature", "properties": { "tile_id": 613, "average_temperature": 35.3893, "min_temperature": 35.3893, "max_temperature": 35.3893, "tree_opportunity_percent": 0.0 }, "geometry": { "type": "Polygon", "coordinates": [ [ [ -84.391988348563714, 33.760720256814281 ], [ -84.390913440292621, 33.760697525645199 ], [ -84.390886231077431, 33.761594928532652 ], [ -84.391961150527351, 33.76161766046792 ], [ -84.391988348563714, 33.760720256814281 ] ] ] } },
{ "type": "Feature", "properties": { "tile_id": 614, "average_temperature": 35.3944, "min_temperature": 35.3944, "max_temperature": 35.3944, "tree_opportunity_percent": 0.0 }, "geometry": { "type": "Polygon", "coordinates": [ [ [ -84.390913440292621, 33.760697525645199 ], [ -84.389838533227248, 33.760674785129098 ], [ -84.389811312833274, 33.761572187250025 ], [ -84.390886231077431, 33.761594928532652 ], [ -84.390913440292621, 33.760697525645199 ] ] ] } },
{ "type": "Feature", "properties": { "tile_id": 615, "average_temperature": 35.3994, "min_temperature": 35.3994, "max_temperature": 35.3994, "tree_opportunity_percent": 0.0 }, "geometry": { "type": "Polygon", "coordinates": [ [ [ -84.389838533227248, 33.760674785129098 ], [ -84.388763627368064, 33.760652035266006 ], [ -84.388736395795362, 33.761549436620101 ], [ -84.389811312833274, 33.761572187250025 ], [ -84.389838533227248, 33.760674785129098 ] ] ] } },
{ "type": "Feature", "properties": { "tile_id": 616, "average_temperature": 35.4039, "min_temperature": 35.4039, "max_temperature": 35.4039, "tree_opportunity_percent": 0.0 }, "geometry": { "type": "Polygon", "coordinates": [ [ [ -84.388763627368064, 33.760652035266006 ], [ -84.387688722715566, 33.760629276055944 ], [ -84.38766147996418, 33.761526676642895 ], [ -84.388736395795362, 33.761549436620101 ], [ -84.388763627368064, 33.760652035266006 ] ] ] } },
{ "type": "Feature", "properties": { "tile_id": 617, "average_temperature": 35.4076, "min_temperature": 35.4076, "max_temperature": 35.4076, "tree_opportunity_percent": 0.0 }, "geometry": { "type": "Polygon", "coordinates": [ [ [ -84.387688722715566, 33.760629276055944 ], [ -84.386613819270266, 33.760606507498963 ], [ -84.386586565340224, 33.761503907318449 ], [ -84.38766147996418, 33.761526676642895 ], [ -84.387688722715566, 33.760629276055944 ] ] ] } },
{ "type": "Feature", "properties": { "tile_id": 618, "average_temperature": 35.41, "min_temperature": 35.41, "max_temperature": 35.41, "tree_opportunity_percent": 0.0 }, "geometry": { "type": "Polygon", "coordinates": [ [ [ -84.386613819270266, 33.760606507498963 ], [ -84.385538917032619, 33.760583729595098 ], [ -84.38551165192402, 33.761481128646814 ], [ -84.386586565340224, 33.761503907318449 ], [ -84.386613819270266, 33.760606507498963 ] ] ] } },
{ "type": "Feature", "properties": { "tile_id": 619, "average_temperature": 35.4108, "min_temperature": 35.4108, "max_temperature": 35.4108, "tree_opportunity_percent": 0.0 }, "geometry": { "type": "Polygon", "coordinates": [ [ [ -84.385538917032619, 33.760583729595098 ], [ -84.384464016003164, 33.760560942344377 ], [ -84.384436739716023, 33.761458340627996 ], [ -84.38551165192402, 33.761481128646814 ], [ -84.385538917032619, 33.760583729595098 ] ] ] } },
{ "type": "Feature", "properties": { "tile_id": 620, "average_temperature": 35.4097, "min_temperature": 35.4097, "max_temperature": 35.4097, "tree_opportunity_percent": 0.0 }, "geometry": { "type": "Polygon", "coordinates": [ [ [ -84.384464016003164, 33.760560942344377 ], [ -84.383389116182357, 33.760538145746843 ], [ -84.383361828716758, 33.761435543262053 ], [ -84.384436739716023, 33.761458340627996 ], [ -84.384464016003164, 33.760560942344377 ] ] ] } },
{ "type": "Feature", "properties": { "tile_id": 621, "average_temperature": 35.4062, "min_temperature": 35.4062, "max_temperature": 35.4062, "tree_opportunity_percent": 0.0 }, "geometry": { "type": "Polygon", "coordinates": [ [ [ -84.383389116182357, 33.760538145746843 ], [ -84.382314217570737, 33.760515339802517 ], [ -84.382286918926681, 33.761412736549005 ], [ -84.383361828716758, 33.761435543262053 ], [ -84.383389116182357, 33.760538145746843 ] ] ] } },
{ "type": "Feature", "properties": { "tile_id": 622, "average_temperature": 35.4001, "min_temperature": 35.4001, "max_temperature": 35.4001, "tree_opportunity_percent": 0.0 }, "geometry": { "type": "Polygon", "coordinates": [ [ [ -84.382314217570737, 33.760515339802517 ], [ -84.381239320168746, 33.760492524511449 ], [ -84.381212010346317, 33.761389920488909 ], [ -84.382286918926681, 33.761412736549005 ], [ -84.382314217570737, 33.760515339802517 ] ] ] } },
{ "type": "Feature", "properties": { "tile_id": 623, "average_temperature": 35.3909, "min_temperature": 35.3909, "max_temperature": 35.3909, "tree_opportunity_percent": 0.0 }, "geometry": { "type": "Polygon", "coordinates": [ [ [ -84.381239320168746, 33.760492524511449 ], [ -84.380164423976922, 33.760469699873667 ], [ -84.380137102976164, 33.761367095081773 ], [ -84.381212010346317, 33.761389920488909 ], [ -84.381239320168746, 33.760492524511449 ] ] ] } },
{ "type": "Feature", "properties": { "tile_id": 624, "average_temperature": 35.3784, "min_temperature": 35.3784, "max_temperature": 35.3784, "tree_opportunity_percent": 0.0 }, "geometry": { "type": "Polygon", "coordinates": [ [ [ -84.380164423976922, 33.760469699873667 ], [ -84.379089528995735, 33.760446865889215 ], [ -84.379062196816704, 33.761344260327647 ], [ -84.380137102976164, 33.761367095081773 ], [ -84.380164423976922, 33.760469699873667 ] ] ] } },
{ "type": "Feature", "properties": { "tile_id": 625, "average_temperature": 35.363, "min_temperature": 35.363, "max_temperature": 35.363, "tree_opportunity_percent": 0.0 }, "geometry": { "type": "Polygon", "coordinates": [ [ [ -84.379089528995735, 33.760446865889215 ], [ -84.378014635225682, 33.760424022558105 ], [ -84.377987291868436, 33.761321416226565 ], [ -84.379062196816704, 33.761344260327647 ], [ -84.379089528995735, 33.760446865889215 ] ] ] } },
{ "type": "Feature", "properties": { "tile_id": 626, "average_temperature": 35.3453, "min_temperature": 35.3453, "max_temperature": 35.3453, "tree_opportunity_percent": 0.0 }, "geometry": { "type": "Polygon", "coordinates": [ [ [ -84.378014635225682, 33.760424022558105 ], [ -84.376939742667261, 33.760401169880396 ], [ -84.376912388131856, 33.761298562778563 ], [ -84.377987291868436, 33.761321416226565 ], [ -84.378014635225682, 33.760424022558105 ] ] ] } },
{ "type": "Feature", "properties": { "tile_id": 627, "average_temperature": 35.326, "min_temperature": 35.326, "max_temperature": 35.326, "tree_opportunity_percent": 0.0 }, "geometry": { "type": "Polygon", "coordinates": [ [ [ -84.376939742667261, 33.760401169880396 ], [ -84.375864851320983, 33.760378307856101 ], [ -84.375837485607434, 33.761275699983678 ], [ -84.376912388131856, 33.761298562778563 ], [ -84.376939742667261, 33.760401169880396 ] ] ] } },
{ "type": "Feature", "properties": { "tile_id": 628, "average_temperature": 35.3058, "min_temperature": 35.3058, "max_temperature": 35.3058, "tree_opportunity_percent": 0.0 }, "geometry": { "type": "Polygon", "coordinates": [ [ [ -84.375864851320983, 33.760378307856101 ], [ -84.374789961187318, 33.760355436485291 ], [ -84.374762584295695, 33.761252827841936 ], [ -84.375837485607434, 33.761275699983678 ], [ -84.375864851320983, 33.760378307856101 ] ] ] } },
{ "type": "Feature", "properties": { "tile_id": 629, "average_temperature": 35.5406, "min_temperature": 35.5406, "max_temperature": 35.5406, "tree_opportunity_percent": 0.0 }, "geometry": { "type": "Polygon", "coordinates": [ [ [ -84.414534736628369, 33.762092871810736 ], [ -84.413459791971903, 33.762070336177722 ], [ -84.413432816328609, 33.762967754939638 ], [ -84.414507772165479, 33.762990291332265 ], [ -84.414534736628369, 33.762092871810736 ] ] ] } },
{ "type": "Feature", "properties": { "tile_id": 630, "average_temperature": 35.5269, "min_temperature": 35.5269, "max_temperature": 35.5269, "tree_opportunity_percent": 0.0 }, "geometry": { "type": "Polygon", "coordinates": [ [ [ -84.413459791971903, 33.762070336177722 ], [ -84.412384848510797, 33.762047791196622 ], [ -84.41235786168717, 33.762945209198627 ], [ -84.413432816328609, 33.762967754939638 ], [ -84.413459791971903, 33.762070336177722 ] ] ] } },
{ "type": "Feature", "properties": { "tile_id": 631, "average_temperature": 35.512, "min_temperature": 35.512, "max_temperature": 35.512, "tree_opportunity_percent": 0.0 }, "geometry": { "type": "Polygon", "coordinates": [ [ [ -84.412384848510797, 33.762047791196622 ], [ -84.411309906245549, 33.762025236867494 ], [ -84.411282908241631, 33.762922654109254 ], [ -84.41235786168717, 33.762945209198627 ], [ -84.412384848510797, 33.762047791196622 ] ] ] } },
{ "type": "Feature", "properties": { "tile_id": 632, "average_temperature": 35.4963, "min_temperature": 35.4963, "max_temperature": 35.4963, "tree_opportunity_percent": 0.0 }, "geometry": { "type": "Polygon", "coordinates": [ [ [ -84.411309906245549, 33.762025236867494 ], [ -84.41023496517667, 33.762002673190359 ], [ -84.410207955992504, 33.762900089671554 ], [ -84.411282908241631, 33.762922654109254 ], [ -84.411309906245549, 33.762025236867494 ] ] ] } },
{ "type": "Feature", "properties": { "tile_id": 633, "average_temperature": 35.4801, "min_temperature": 35.4801, "max_temperature": 35.4801, "tree_opportunity_percent": 0.0 }, "geometry": { "type": "Polygon", "coordinates": [ [ [ -84.41023496517667, 33.762002673190359 ], [ -84.409160025304629, 33.761980100165246 ], [ -84.409133004940287, 33.762877515885585 ], [ -84.410207955992504, 33.762900089671554 ], [ -84.41023496517667, 33.762002673190359 ] ] ] } },
{ "type": "Feature", "properties": { "tile_id": 634, "average_temperature": 35.4638, "min_temperature": 35.4638, "max_temperature": 35.4638, "tree_opportunity_percent": 0.0 }, "geometry": { "type": "Polygon", "coordinates": [ [ [ -84.409160025304629, 33.761980100165246 ], [ -84.408085086629953, 33.761957517792204 ], [ -84.408058055085462, 33.762854932751353 ], [ -84.409133004940287, 33.762877515885585 ], [ -84.409160025304629, 33.761980100165246 ] ] ] } },
{ "type": "Feature", "properties": { "tile_id": 635, "average_temperature": 35.4478, "min_temperature": 35.4478, "max_temperature": 35.4478, "tree_opportunity_percent": 0.0 }, "geometry": { "type": "Polygon", "coordinates": [ [ [ -84.408085086629953, 33.761957517792204 ], [ -84.407010149153109, 33.761934926071262 ], [ -84.406983106428513, 33.762832340268901 ], [ -84.408058055085462, 33.762854932751353 ], [ -84.408085086629953, 33.761957517792204 ] ] ] } },
{ "type": "Feature", "properties": { "tile_id": 636, "average_temperature": 35.4325, "min_temperature": 35.4325, "max_temperature": 35.4325, "tree_opportunity_percent": 0.0 }, "geometry": { "type": "Polygon", "coordinates": [ [ [ -84.407010149153109, 33.761934926071262 ], [ -84.405935212874596, 33.761912325002434 ], [ -84.405908158969964, 33.762809738438285 ], [ -84.406983106428527, 33.762832340268901 ], [ -84.407010149153109, 33.761934926071262 ] ] ] } },
{ "type": "Feature", "properties": { "tile_id": 637, "average_temperature": 35.4183, "min_temperature": 35.4183, "max_temperature": 35.4183, "tree_opportunity_percent": 0.0 }, "geometry": { "type": "Polygon", "coordinates": [ [ [ -84.405935212874596, 33.761912325002434 ], [ -84.40486027779491, 33.761889714585806 ], [ -84.404833212710301, 33.762787127259514 ], [ -84.405908158969964, 33.762809738438285 ], [ -84.405935212874596, 33.761912325002434 ] ] ] } },
{ "type": "Feature", "properties": { "tile_id": 638, "average_temperature": 35.4054, "min_temperature": 35.4054, "max_temperature": 35.4054, "tree_opportunity_percent": 0.0 }, "geometry": { "type": "Polygon", "coordinates": [ [ [ -84.40486027779491, 33.761889714585806 ], [ -84.403785343914564, 33.761867094821355 ], [ -84.403758267650005, 33.76276450673263 ], [ -84.404833212710301, 33.762787127259514 ], [ -84.40486027779491, 33.761889714585806 ] ] ] } },
{ "type": "Feature", "properties": { "tile_id": 639, "average_temperature": 35.3943, "min_temperature": 35.3943, "max_temperature": 35.3943, "tree_opportunity_percent": 0.0 }, "geometry": { "type": "Polygon", "coordinates": [ [ [ -84.403785343914564, 33.761867094821355 ], [ -84.402710411234011, 33.76184446570916 ], [ -84.40268332378956, 33.762741876857675 ], [ -84.403758267650005, 33.76276450673263 ], [ -84.403785343914564, 33.761867094821355 ] ] ] } },
{ "type": "Feature", "properties": { "tile_id": 640, "average_temperature": 35.3854, "min_temperature": 35.3854, "max_temperature": 35.3854, "tree_opportunity_percent": 0.0 }, "geometry": { "type": "Polygon", "coordinates": [ [ [ -84.402710411234011, 33.76184446570916 ], [ -84.401635479753779, 33.761821827249229 ], [ -84.401608381129506, 33.76271923763467 ], [ -84.40268332378956, 33.762741876857675 ], [ -84.402710411234011, 33.76184446570916 ] ] ] } },
{ "type": "Feature", "properties": { "tile_id": 641, "average_temperature": 35.3787, "min_temperature": 35.3787, "max_temperature": 35.3787, "tree_opportunity_percent": 0.0 }, "geometry": { "type": "Polygon", "coordinates": [ [ [ -84.401635479753779, 33.761821827249229 ], [ -84.400560549474363, 33.761799179441617 ], [ -84.400533439670298, 33.762696589063665 ], [ -84.401608381129506, 33.76271923763467 ], [ -84.401635479753779, 33.761821827249229 ] ] ] } },
{ "type": "Feature", "properties": { "tile_id": 642, "average_temperature": 35.3742, "min_temperature": 35.3742, "max_temperature": 35.3742, "tree_opportunity_percent": 0.0 }, "geometry": { "type": "Polygon", "coordinates": [ [ [ -84.400560549474363, 33.761799179441617 ], [ -84.399485620396234, 33.76177652228634 ], [ -84.399458499412432, 33.762673931144683 ], [ -84.400533439670298, 33.762696589063665 ], [ -84.400560549474363, 33.761799179441617 ] ] ] } },
{ "type": "Feature", "properties": { "tile_id": 643, "average_temperature": 35.3717, "min_temperature": 35.3717, "max_temperature": 35.3717, "tree_opportunity_percent": 0.0 }, "geometry": { "type": "Polygon", "coordinates": [ [ [ -84.399485620396234, 33.76177652228634 ], [ -84.398410692519903, 33.761753855783432 ], [ -84.398383560356422, 33.762651263877764 ], [ -84.399458499412432, 33.762673931144683 ], [ -84.399485620396234, 33.76177652228634 ] ] ] } },
{ "type": "Feature", "properties": { "tile_id": 644, "average_temperature": 35.3708, "min_temperature": 35.3708, "max_temperature": 35.3708, "tree_opportunity_percent": 0.0 }, "geometry": { "type": "Polygon", "coordinates": [ [ [ -84.398410692519903, 33.761753855783432 ], [ -84.397335765845881, 33.761731179932944 ], [ -84.397308622502749, 33.762628587262959 ], [ -84.398383560356436, 33.762651263877764 ], [ -84.398410692519903, 33.761753855783432 ] ] ] } },
{ "type": "Feature", "properties": { "tile_id": 645, "average_temperature": 35.3714, "min_temperature": 35.3714, "max_temperature": 35.3714, "tree_opportunity_percent": 0.0 }, "geometry": { "type": "Polygon", "coordinates": [ [ [ -84.397335765845881, 33.761731179932944 ], [ -84.396260840374623, 33.761708494734904 ], [ -84.396233685851925, 33.762605901300262 ], [ -84.397308622502749, 33.762628587262959 ], [ -84.397335765845881, 33.761731179932944 ] ] ] } },
{ "type": "Feature", "properties": { "tile_id": 646, "average_temperature": 35.3733, "min_temperature": 35.3733, "max_temperature": 35.3733, "tree_opportunity_percent": 0.0 }, "geometry": { "type": "Polygon", "coordinates": [ [ [ -84.396260840374623, 33.761708494734904 ], [ -84.395185916106655, 33.761685800189348 ], [ -84.395158750404406, 33.762583205989742 ], [ -84.396233685851925, 33.762605901300262 ], [ -84.396260840374623, 33.761708494734904 ] ] ] } },
{ "type": "Feature", "properties": { "tile_id": 647, "average_temperature": 35.3763, "min_temperature": 35.3763, "max_temperature": 35.3763, "tree_opportunity_percent": 0.0 }, "geometry": { "type": "Polygon", "coordinates": [ [ [ -84.395185916106655, 33.761685800189348 ], [ -84.394110993042446, 33.76166309629631 ], [ -84.39408381616073, 33.762560501331428 ], [ -84.39515875040442, 33.762583205989742 ], [ -84.395185916106655, 33.761685800189348 ] ] ] } },
{ "type": "Feature", "properties": { "tile_id": 648, "average_temperature": 35.3801, "min_temperature": 35.3801, "max_temperature": 35.3801, "tree_opportunity_percent": 0.0 }, "geometry": { "type": "Polygon", "coordinates": [ [ [ -84.394110993042446, 33.76166309629631 ], [ -84.393036071182522, 33.761640383055827 ], [ -84.393008883121368, 33.76253778732535 ], [ -84.39408381616073, 33.762560501331428 ], [ -84.394110993042446, 33.76166309629631 ] ] ] } },
{ "type": "Feature", "properties": { "tile_id": 649, "average_temperature": 35.3846, "min_temperature": 35.3846, "max_temperature": 35.3846, "tree_opportunity_percent": 0.0 }, "geometry": { "type": "Polygon", "coordinates": [ [ [ -84.393036071182522, 33.761640383055827 ], [ -84.391961150527351, 33.76161766046792 ], [ -84.391933951286802, 33.762515063971549 ], [ -84.393008883121368, 33.76253778732535 ], [ -84.393036071182522, 33.761640383055827 ] ] ] } },
{ "type": "Feature", "properties": { "tile_id": 650, "average_temperature": 35.3896, "min_temperature": 35.3896, "max_temperature": 35.3896, "tree_opportunity_percent": 0.0 }, "geometry": { "type": "Polygon", "coordinates": [ [ [ -84.391961150527351, 33.76161766046792 ], [ -84.390886231077431, 33.761594928532645 ], [ -84.390859020657572, 33.762492331270046 ], [ -84.391933951286802, 33.762515063971549 ], [ -84.391961150527351, 33.76161766046792 ] ] ] } },
{ "type": "Feature", "properties": { "tile_id": 651, "average_temperature": 35.3947, "min_temperature": 35.3947, "max_temperature": 35.3947, "tree_opportunity_percent": 0.0 }, "geometry": { "type": "Polygon", "coordinates": [ [ [ -84.390886231077431, 33.761594928532645 ], [ -84.389811312833274, 33.761572187250017 ], [ -84.38978409123412, 33.762469589220885 ], [ -84.390859020657572, 33.762492331270046 ], [ -84.390886231077431, 33.761594928532645 ] ] ] } },
{ "type": "Feature", "properties": { "tile_id": 652, "average_temperature": 35.3997, "min_temperature": 35.3997, "max_temperature": 35.3997, "tree_opportunity_percent": 0.0 }, "geometry": { "type": "Polygon", "coordinates": [ [ [ -84.389811312833274, 33.761572187250017 ], [ -84.388736395795362, 33.761549436620086 ], [ -84.388709163016983, 33.762446837824115 ], [ -84.38978409123412, 33.762469589220885 ], [ -84.389811312833274, 33.761572187250017 ] ] ] } },
{ "type": "Feature", "properties": { "tile_id": 653, "average_temperature": 35.4042, "min_temperature": 35.4042, "max_temperature": 35.4042, "tree_opportunity_percent": 0.0 }, "geometry": { "type": "Polygon", "coordinates": [ [ [ -84.388736395795362, 33.761549436620086 ], [ -84.38766147996418, 33.761526676642895 ], [ -84.387634236006619, 33.762424077079757 ], [ -84.388709163016983, 33.762446837824115 ], [ -84.388736395795362, 33.761549436620086 ] ] ] } },
{ "type": "Feature", "properties": { "tile_id": 654, "average_temperature": 35.4079, "min_temperature": 35.4079, "max_temperature": 35.4079, "tree_opportunity_percent": 0.0 }, "geometry": { "type": "Polygon", "coordinates": [ [ [ -84.38766147996418, 33.761526676642895 ], [ -84.386586565340224, 33.761503907318442 ], [ -84.386559310203552, 33.762401306987833 ], [ -84.387634236006619, 33.762424077079757 ], [ -84.38766147996418, 33.761526676642895 ] ] ] } },
{ "type": "Feature", "properties": { "tile_id": 655, "average_temperature": 35.4103, "min_temperature": 35.4103, "max_temperature": 35.4103, "tree_opportunity_percent": 0.0 }, "geometry": { "type": "Polygon", "coordinates": [ [ [ -84.386586565340224, 33.761503907318442 ], [ -84.38551165192402, 33.761481128646807 ], [ -84.385484385608265, 33.762378527548393 ], [ -84.386559310203552, 33.762401306987833 ], [ -84.386586565340224, 33.761503907318442 ] ] ] } },
{ "type": "Feature", "properties": { "tile_id": 656, "average_temperature": 35.4111, "min_temperature": 35.4111, "max_temperature": 35.4111, "tree_opportunity_percent": 0.0 }, "geometry": { "type": "Polygon", "coordinates": [ [ [ -84.38551165192402, 33.761481128646807 ], [ -84.384436739716023, 33.761458340627989 ], [ -84.384409462221242, 33.762355738761471 ], [ -84.385484385608265, 33.762378527548393 ], [ -84.38551165192402, 33.761481128646807 ] ] ] } },
{ "type": "Feature", "properties": { "tile_id": 657, "average_temperature": 35.4099, "min_temperature": 35.4099, "max_temperature": 35.4099, "tree_opportunity_percent": 0.0 }, "geometry": { "type": "Polygon", "coordinates": [ [ [ -84.384436739716023, 33.761458340627989 ], [ -84.383361828716758, 33.761435543262053 ], [ -84.383334540043009, 33.762332940627104 ], [ -84.384409462221242, 33.762355738761471 ], [ -84.384436739716023, 33.761458340627989 ] ] ] } },
{ "type": "Feature", "properties": { "tile_id": 658, "average_temperature": 35.4064, "min_temperature": 35.4064, "max_temperature": 35.4064, "tree_opportunity_percent": 0.0 }, "geometry": { "type": "Polygon", "coordinates": [ [ [ -84.383361828716758, 33.761435543262053 ], [ -84.382286918926681, 33.761412736549005 ], [ -84.382259619074006, 33.762310133145341 ], [ -84.383334540043009, 33.762332940627104 ], [ -84.383361828716758, 33.761435543262053 ] ] ] } },
{ "type": "Feature", "properties": { "tile_id": 659, "average_temperature": 35.4001, "min_temperature": 35.4001, "max_temperature": 35.4001, "tree_opportunity_percent": 0.0 }, "geometry": { "type": "Polygon", "coordinates": [ [ [ -84.382286918926681, 33.761412736549005 ], [ -84.381212010346317, 33.761389920488902 ], [ -84.381184699314787, 33.762287316316169 ], [ -84.382259619074006, 33.762310133145341 ], [ -84.382286918926681, 33.761412736549005 ] ] ] } },
{ "type": "Feature", "properties": { "tile_id": 660, "average_temperature": 35.3909, "min_temperature": 35.3909, "max_temperature": 35.3909, "tree_opportunity_percent": 0.0 }, "geometry": { "type": "Polygon", "coordinates": [ [ [ -84.381212010346317, 33.761389920488902 ], [ -84.380137102976164, 33.761367095081773 ], [ -84.380109780765792, 33.762264490139678 ], [ -84.381184699314787, 33.762287316316169 ], [ -84.381212010346317, 33.761389920488902 ] ] ] } },
{ "type": "Feature", "properties": { "tile_id": 661, "average_temperature": 35.3783, "min_temperature": 35.3783, "max_temperature": 35.3783, "tree_opportunity_percent": 0.0 }, "geometry": { "type": "Polygon", "coordinates": [ [ [ -84.380137102976164, 33.761367095081773 ], [ -84.379062196816704, 33.76134426032764 ], [ -84.379034863427577, 33.76224165461587 ], [ -84.380109780765807, 33.762264490139678 ], [ -84.380137102976164, 33.761367095081773 ] ] ] } },
{ "type": "Feature", "properties": { "tile_id": 662, "average_temperature": 35.3627, "min_temperature": 35.3627, "max_temperature": 35.3627, "tree_opportunity_percent": 0.0 }, "geometry": { "type": "Polygon", "coordinates": [ [ [ -84.379062196816704, 33.76134426032764 ], [ -84.377987291868436, 33.761321416226565 ], [ -84.377959947300582, 33.762218809744802 ], [ -84.379034863427577, 33.76224165461587 ], [ -84.379062196816704, 33.76134426032764 ] ] ] } },
{ "type": "Feature", "properties": { "tile_id": 663, "average_temperature": 35.345, "min_temperature": 35.345, "max_temperature": 35.345, "tree_opportunity_percent": 0.0 }, "geometry": { "type": "Polygon", "coordinates": [ [ [ -84.377987291868436, 33.761321416226565 ], [ -84.376912388131856, 33.761298562778563 ], [ -84.376885032385331, 33.762195955526479 ], [ -84.377959947300582, 33.762218809744802 ], [ -84.377987291868436, 33.761321416226565 ] ] ] } },
{ "type": "Feature", "properties": { "tile_id": 664, "average_temperature": 35.3256, "min_temperature": 35.3256, "max_temperature": 35.3256, "tree_opportunity_percent": 0.0 }, "geometry": { "type": "Polygon", "coordinates": [ [ [ -84.376912388131856, 33.761298562778563 ], [ -84.375837485607434, 33.761275699983663 ], [ -84.375810118682296, 33.762173091960975 ], [ -84.376885032385331, 33.762195955526479 ], [ -84.376912388131856, 33.761298562778563 ] ] ] } },
{ "type": "Feature", "properties": { "tile_id": 665, "average_temperature": 35.3054, "min_temperature": 35.3054, "max_temperature": 35.3054, "tree_opportunity_percent": 0.0 }, "geometry": { "type": "Polygon", "coordinates": [ [ [ -84.375837485607434, 33.761275699983663 ], [ -84.374762584295695, 33.761252827841929 ], [ -84.374735206191986, 33.762150219048287 ], [ -84.375810118682296, 33.762173091960975 ], [ -84.375837485607434, 33.761275699983663 ] ] ] } },
{ "type": "Feature", "properties": { "tile_id": 666, "average_temperature": 35.5446, "min_temperature": 35.5446, "max_temperature": 35.5446, "tree_opportunity_percent": 0.0 }, "geometry": { "type": "Polygon", "coordinates": [ [ [ -84.414507772165479, 33.762990291332265 ], [ -84.413432816328609, 33.762967754939638 ], [ -84.413405839490977, 33.763865173551835 ], [ -84.414480806508735, 33.763887710704083 ], [ -84.414507772165479, 33.762990291332265 ] ] ] } },
{ "type": "Feature", "properties": { "tile_id": 667, "average_temperature": 35.5306, "min_temperature": 35.5306, "max_temperature": 35.5306, "tree_opportunity_percent": 0.0 }, "geometry": { "type": "Polygon", "coordinates": [ [ [ -84.413432816328609, 33.762967754939638 ], [ -84.41235786168717, 33.762945209198627 ], [ -84.412330873668694, 33.76384262705087 ], [ -84.413405839490977, 33.763865173551835 ], [ -84.413432816328609, 33.762967754939638 ] ] ] } },
{ "type": "Feature", "properties": { "tile_id": 668, "average_temperature": 35.5154, "min_temperature": 35.5154, "max_temperature": 35.5154, "tree_opportunity_percent": 0.0 }, "geometry": { "type": "Polygon", "coordinates": [ [ [ -84.41235786168717, 33.762945209198627 ], [ -84.411282908241631, 33.762922654109254 ], [ -84.411255909042382, 33.763820071201238 ], [ -84.412330873668694, 33.76384262705087 ], [ -84.41235786168717, 33.762945209198627 ] ] ] } },
{ "type": "Feature", "properties": { "tile_id": 669, "average_temperature": 35.4994, "min_temperature": 35.4994, "max_temperature": 35.4994, "tree_opportunity_percent": 0.0 }, "geometry": { "type": "Polygon", "coordinates": [ [ [ -84.411282908241631, 33.762922654109254 ], [ -84.410207955992504, 33.762900089671554 ], [ -84.41018094561251, 33.763797506002973 ], [ -84.411255909042382, 33.763820071201238 ], [ -84.411282908241631, 33.762922654109254 ] ] ] } },
{ "type": "Feature", "properties": { "tile_id": 670, "average_temperature": 35.4829, "min_temperature": 35.4829, "max_temperature": 35.4829, "tree_opportunity_percent": 0.0 }, "geometry": { "type": "Polygon", "coordinates": [ [ [ -84.410207955992504, 33.762900089671554 ], [ -84.409133004940287, 33.762877515885585 ], [ -84.409105983379604, 33.763774931456119 ], [ -84.410180945612524, 33.763797506002973 ], [ -84.410207955992504, 33.762900089671554 ] ] ] } },
{ "type": "Feature", "properties": { "tile_id": 671, "average_temperature": 35.4664, "min_temperature": 35.4664, "max_temperature": 35.4664, "tree_opportunity_percent": 0.0 }, "geometry": { "type": "Polygon", "coordinates": [ [ [ -84.409133004940287, 33.762877515885585 ], [ -84.408058055085462, 33.762854932751353 ], [ -84.408031022344147, 33.763752347560683 ], [ -84.409105983379604, 33.763774931456119 ], [ -84.409133004940287, 33.762877515885585 ] ] ] } },
{ "type": "Feature", "properties": { "tile_id": 672, "average_temperature": 35.4501, "min_temperature": 35.4501, "max_temperature": 35.4501, "tree_opportunity_percent": 0.0 }, "geometry": { "type": "Polygon", "coordinates": [ [ [ -84.408058055085462, 33.762854932751353 ], [ -84.406983106428513, 33.762832340268901 ], [ -84.406956062506623, 33.763729754316721 ], [ -84.408031022344147, 33.763752347560683 ], [ -84.408058055085462, 33.762854932751353 ] ] ] } },
{ "type": "Feature", "properties": { "tile_id": 673, "average_temperature": 35.4345, "min_temperature": 35.4345, "max_temperature": 35.4345, "tree_opportunity_percent": 0.0 }, "geometry": { "type": "Polygon", "coordinates": [ [ [ -84.406983106428527, 33.762832340268901 ], [ -84.405908158969964, 33.762809738438285 ], [ -84.405881103867543, 33.763707151724276 ], [ -84.406956062506623, 33.763729754316721 ], [ -84.406983106428527, 33.762832340268901 ] ] ] } },
{ "type": "Feature", "properties": { "tile_id": 674, "average_temperature": 35.42, "min_temperature": 35.42, "max_temperature": 35.42, "tree_opportunity_percent": 0.0 }, "geometry": { "type": "Polygon", "coordinates": [ [ [ -84.405908158969964, 33.762809738438285 ], [ -84.404833212710301, 33.762787127259514 ], [ -84.404806146427376, 33.763684539783355 ], [ -84.405881103867543, 33.763707151724276 ], [ -84.405908158969964, 33.762809738438285 ] ] ] } },
{ "type": "Feature", "properties": { "tile_id": 675, "average_temperature": 35.4069, "min_temperature": 35.4069, "max_temperature": 35.4069, "tree_opportunity_percent": 0.0 }, "geometry": { "type": "Polygon", "coordinates": [ [ [ -84.404833212710301, 33.762787127259514 ], [ -84.403758267650005, 33.76276450673263 ], [ -84.403731190186647, 33.763661918494016 ], [ -84.404806146427376, 33.763684539783355 ], [ -84.404833212710301, 33.762787127259514 ] ] ] } },
{ "type": "Feature", "properties": { "tile_id": 676, "average_temperature": 35.3956, "min_temperature": 35.3956, "max_temperature": 35.3956, "tree_opportunity_percent": 0.0 }, "geometry": { "type": "Polygon", "coordinates": [ [ [ -84.403758267650005, 33.76276450673263 ], [ -84.40268332378956, 33.762741876857675 ], [ -84.402656235145841, 33.763639287856293 ], [ -84.403731190186647, 33.763661918494016 ], [ -84.403758267650005, 33.76276450673263 ] ] ] } },
{ "type": "Feature", "properties": { "tile_id": 677, "average_temperature": 35.3865, "min_temperature": 35.3865, "max_temperature": 35.3865, "tree_opportunity_percent": 0.0 }, "geometry": { "type": "Polygon", "coordinates": [ [ [ -84.40268332378956, 33.762741876857675 ], [ -84.401608381129506, 33.76271923763467 ], [ -84.40158128130544, 33.763616647870201 ], [ -84.402656235145841, 33.763639287856293 ], [ -84.40268332378956, 33.762741876857675 ] ] ] } },
{ "type": "Feature", "properties": { "tile_id": 678, "average_temperature": 35.3797, "min_temperature": 35.3797, "max_temperature": 35.3797, "tree_opportunity_percent": 0.0 }, "geometry": { "type": "Polygon", "coordinates": [ [ [ -84.401608381129506, 33.76271923763467 ], [ -84.400533439670298, 33.762696589063665 ], [ -84.400506328665941, 33.763593998535789 ], [ -84.40158128130544, 33.763616647870201 ], [ -84.401608381129506, 33.76271923763467 ] ] ] } },
{ "type": "Feature", "properties": { "tile_id": 679, "average_temperature": 35.375, "min_temperature": 35.375, "max_temperature": 35.375, "tree_opportunity_percent": 0.0 }, "geometry": { "type": "Polygon", "coordinates": [ [ [ -84.400533439670298, 33.762696589063665 ], [ -84.399458499412432, 33.762673931144683 ], [ -84.399431377227856, 33.763571339853101 ], [ -84.400506328665941, 33.763593998535789 ], [ -84.400533439670298, 33.762696589063665 ] ] ] } },
{ "type": "Feature", "properties": { "tile_id": 680, "average_temperature": 35.3724, "min_temperature": 35.3724, "max_temperature": 35.3724, "tree_opportunity_percent": 0.0 }, "geometry": { "type": "Polygon", "coordinates": [ [ [ -84.399458499412432, 33.762673931144683 ], [ -84.398383560356422, 33.762651263877764 ], [ -84.398356426991668, 33.76354867182215 ], [ -84.399431377227856, 33.763571339853101 ], [ -84.399458499412432, 33.762673931144683 ] ] ] } },
{ "type": "Feature", "properties": { "tile_id": 681, "average_temperature": 35.3714, "min_temperature": 35.3714, "max_temperature": 35.3714, "tree_opportunity_percent": 0.0 }, "geometry": { "type": "Polygon", "coordinates": [ [ [ -84.398383560356436, 33.762651263877764 ], [ -84.397308622502749, 33.762628587262959 ], [ -84.397281477957875, 33.763525994442986 ], [ -84.398356426991668, 33.76354867182215 ], [ -84.398383560356436, 33.762651263877764 ] ] ] } },
{ "type": "Feature", "properties": { "tile_id": 682, "average_temperature": 35.3719, "min_temperature": 35.3719, "max_temperature": 35.3719, "tree_opportunity_percent": 0.0 }, "geometry": { "type": "Polygon", "coordinates": [ [ [ -84.397308622502749, 33.762628587262959 ], [ -84.396233685851925, 33.762605901300262 ], [ -84.39620653012696, 33.763503307715631 ], [ -84.397281477957875, 33.763525994442986 ], [ -84.397308622502749, 33.762628587262959 ] ] ] } },
{ "type": "Feature", "properties": { "tile_id": 683, "average_temperature": 35.3738, "min_temperature": 35.3738, "max_temperature": 35.3738, "tree_opportunity_percent": 0.0 }, "geometry": { "type": "Polygon", "coordinates": [ [ [ -84.396233685851925, 33.762605901300262 ], [ -84.395158750404406, 33.762583205989742 ], [ -84.39513158349942, 33.763480611640141 ], [ -84.39620653012696, 33.763503307715631 ], [ -84.396233685851925, 33.762605901300262 ] ] ] } },
{ "type": "Feature", "properties": { "tile_id": 684, "average_temperature": 35.3768, "min_temperature": 35.3768, "max_temperature": 35.3768, "tree_opportunity_percent": 0.0 }, "geometry": { "type": "Polygon", "coordinates": [ [ [ -84.39515875040442, 33.762583205989742 ], [ -84.39408381616073, 33.762560501331428 ], [ -84.394056638075767, 33.76345790621653 ], [ -84.39513158349942, 33.763480611640141 ], [ -84.39515875040442, 33.762583205989742 ] ] ] } },
{ "type": "Feature", "properties": { "tile_id": 685, "average_temperature": 35.3806, "min_temperature": 35.3806, "max_temperature": 35.3806, "tree_opportunity_percent": 0.0 }, "geometry": { "type": "Polygon", "coordinates": [ [ [ -84.39408381616073, 33.762560501331428 ], [ -84.393008883121368, 33.76253778732535 ], [ -84.39298169385647, 33.763435191444849 ], [ -84.394056638075767, 33.76345790621653 ], [ -84.39408381616073, 33.762560501331428 ] ] ] } },
{ "type": "Feature", "properties": { "tile_id": 686, "average_temperature": 35.3851, "min_temperature": 35.3851, "max_temperature": 35.3851, "tree_opportunity_percent": 0.0 }, "geometry": { "type": "Polygon", "coordinates": [ [ [ -84.393008883121368, 33.76253778732535 ], [ -84.391933951286802, 33.762515063971549 ], [ -84.391906750842054, 33.763412467325125 ], [ -84.39298169385647, 33.763435191444849 ], [ -84.393008883121368, 33.76253778732535 ] ] ] } },
{ "type": "Feature", "properties": { "tile_id": 687, "average_temperature": 35.39, "min_temperature": 35.39, "max_temperature": 35.39, "tree_opportunity_percent": 0.0 }, "geometry": { "type": "Polygon", "coordinates": [ [ [ -84.391933951286802, 33.762515063971549 ], [ -84.390859020657572, 33.762492331270046 ], [ -84.390831809032989, 33.763389733857395 ], [ -84.391906750842054, 33.763412467325125 ], [ -84.391933951286802, 33.762515063971549 ] ] ] } },
{ "type": "Feature", "properties": { "tile_id": 688, "average_temperature": 35.3952, "min_temperature": 35.3952, "max_temperature": 35.3952, "tree_opportunity_percent": 0.0 }, "geometry": { "type": "Polygon", "coordinates": [ [ [ -84.390859020657572, 33.762492331270046 ], [ -84.38978409123412, 33.762469589220885 ], [ -84.389756868429771, 33.763366991041686 ], [ -84.390831809032989, 33.763389733857395 ], [ -84.390859020657572, 33.762492331270046 ] ] ] } },
{ "type": "Feature", "properties": { "tile_id": 689, "average_temperature": 35.4002, "min_temperature": 35.4002, "max_temperature": 35.4002, "tree_opportunity_percent": 0.0 }, "geometry": { "type": "Polygon", "coordinates": [ [ [ -84.38978409123412, 33.762469589220885 ], [ -84.388709163016983, 33.762446837824115 ], [ -84.388681929032884, 33.763344238878041 ], [ -84.389756868429771, 33.763366991041686 ], [ -84.38978409123412, 33.762469589220885 ] ] ] } },
{ "type": "Feature", "properties": { "tile_id": 690, "average_temperature": 35.4047, "min_temperature": 35.4047, "max_temperature": 35.4047, "tree_opportunity_percent": 0.0 }, "geometry": { "type": "Polygon", "coordinates": [ [ [ -84.388709163016983, 33.762446837824115 ], [ -84.387634236006619, 33.762424077079757 ], [ -84.387606990842869, 33.763321477366503 ], [ -84.388681929032899, 33.763344238878041 ], [ -84.388709163016983, 33.762446837824115 ] ] ] } },
{ "type": "Feature", "properties": { "tile_id": 691, "average_temperature": 35.4083, "min_temperature": 35.4083, "max_temperature": 35.4083, "tree_opportunity_percent": 0.0 }, "geometry": { "type": "Polygon", "coordinates": [ [ [ -84.387634236006619, 33.762424077079757 ], [ -84.386559310203552, 33.762401306987833 ], [ -84.386532053860179, 33.763298706507094 ], [ -84.387606990842869, 33.763321477366503 ], [ -84.387634236006619, 33.762424077079757 ] ] ] } },
{ "type": "Feature", "properties": { "tile_id": 692, "average_temperature": 35.4107, "min_temperature": 35.4107, "max_temperature": 35.4107, "tree_opportunity_percent": 0.0 }, "geometry": { "type": "Polygon", "coordinates": [ [ [ -84.386559310203552, 33.762401306987833 ], [ -84.385484385608265, 33.762378527548393 ], [ -84.385457118085327, 33.763275926299841 ], [ -84.386532053860179, 33.763298706507094 ], [ -84.386559310203552, 33.762401306987833 ] ] ] } },
{ "type": "Feature", "properties": { "tile_id": 693, "average_temperature": 35.4115, "min_temperature": 35.4115, "max_temperature": 35.4115, "tree_opportunity_percent": 0.0 }, "geometry": { "type": "Polygon", "coordinates": [ [ [ -84.385484385608265, 33.762378527548393 ], [ -84.384409462221242, 33.762355738761471 ], [ -84.384382183518781, 33.763253136744801 ], [ -84.385457118085327, 33.763275926299841 ], [ -84.385484385608265, 33.762378527548393 ] ] ] } },
{ "type": "Feature", "properties": { "tile_id": 694, "average_temperature": 35.4102, "min_temperature": 35.4102, "max_temperature": 35.4102, "tree_opportunity_percent": 0.0 }, "geometry": { "type": "Polygon", "coordinates": [ [ [ -84.384409462221242, 33.762355738761471 ], [ -84.383334540043009, 33.762332940627104 ], [ -84.383307250161067, 33.763230337841996 ], [ -84.384382183518781, 33.763253136744801 ], [ -84.384409462221242, 33.762355738761471 ] ] ] } },
{ "type": "Feature", "properties": { "tile_id": 695, "average_temperature": 35.4066, "min_temperature": 35.4066, "max_temperature": 35.4066, "tree_opportunity_percent": 0.0 }, "geometry": { "type": "Polygon", "coordinates": [ [ [ -84.383334540043009, 33.762332940627104 ], [ -84.382259619074006, 33.762310133145341 ], [ -84.382232318012655, 33.763207529591469 ], [ -84.383307250161067, 33.763230337841996 ], [ -84.383334540043009, 33.762332940627104 ] ] ] } },
{ "type": "Feature", "properties": { "tile_id": 696, "average_temperature": 35.4003, "min_temperature": 35.4003, "max_temperature": 35.4003, "tree_opportunity_percent": 0.0 }, "geometry": { "type": "Polygon", "coordinates": [ [ [ -84.382259619074006, 33.762310133145341 ], [ -84.381184699314787, 33.762287316316169 ], [ -84.381157387074069, 33.763184711993247 ], [ -84.382232318012655, 33.763207529591469 ], [ -84.382259619074006, 33.762310133145341 ] ] ] } },
{ "type": "Feature", "properties": { "tile_id": 697, "average_temperature": 35.391, "min_temperature": 35.391, "max_temperature": 35.391, "tree_opportunity_percent": 0.0 }, "geometry": { "type": "Polygon", "coordinates": [ [ [ -84.381184699314787, 33.762287316316169 ], [ -84.380109780765792, 33.762264490139678 ], [ -84.380082457345779, 33.763161885047367 ], [ -84.381157387074069, 33.763184711993247 ], [ -84.381184699314787, 33.762287316316169 ] ] ] } },
{ "type": "Feature", "properties": { "tile_id": 698, "average_temperature": 35.3782, "min_temperature": 35.3782, "max_temperature": 35.3782, "tree_opportunity_percent": 0.0 }, "geometry": { "type": "Polygon", "coordinates": [ [ [ -84.380109780765807, 33.762264490139678 ], [ -84.379034863427577, 33.76224165461587 ], [ -84.379007528828282, 33.763139048753871 ], [ -84.380082457345779, 33.763161885047367 ], [ -84.380109780765807, 33.762264490139678 ] ] ] } },
{ "type": "Feature", "properties": { "tile_id": 699, "average_temperature": 35.3626, "min_temperature": 35.3626, "max_temperature": 35.3626, "tree_opportunity_percent": 0.0 }, "geometry": { "type": "Polygon", "coordinates": [ [ [ -84.379034863427577, 33.76224165461587 ], [ -84.377959947300582, 33.762218809744802 ], [ -84.377932601522076, 33.76311620311278 ], [ -84.379007528828282, 33.763139048753871 ], [ -84.379034863427577, 33.76224165461587 ] ] ] } },
{ "type": "Feature", "properties": { "tile_id": 700, "average_temperature": 35.3447, "min_temperature": 35.3447, "max_temperature": 35.3447, "tree_opportunity_percent": 0.0 }, "geometry": { "type": "Polygon", "coordinates": [ [ [ -84.377959947300582, 33.762218809744802 ], [ -84.376885032385331, 33.762195955526479 ], [ -84.376857675427658, 33.763093348124144 ], [ -84.377932601522076, 33.76311620311278 ], [ -84.377959947300582, 33.762218809744802 ] ] ] } },
{ "type": "Feature", "properties": { "tile_id": 701, "average_temperature": 35.3253, "min_temperature": 35.3253, "max_temperature": 35.3253, "tree_opportunity_percent": 0.0 }, "geometry": { "type": "Polygon", "coordinates": [ [ [ -84.376885032385331, 33.762195955526479 ], [ -84.375810118682296, 33.762173091960975 ], [ -84.375782750545525, 33.763070483787992 ], [ -84.376857675427658, 33.763093348124144 ], [ -84.376885032385331, 33.762195955526479 ] ] ] } },
{ "type": "Feature", "properties": { "tile_id": 702, "average_temperature": 35.3051, "min_temperature": 35.3051, "max_temperature": 35.3051, "tree_opportunity_percent": 0.0 }, "geometry": { "type": "Polygon", "coordinates": [ [ [ -84.375810118682296, 33.762173091960975 ], [ -84.374735206191986, 33.762150219048287 ], [ -84.374707826876161, 33.763047610104344 ], [ -84.375782750545525, 33.763070483787992 ], [ -84.375810118682296, 33.762173091960975 ] ] ] } },
{ "type": "Feature", "properties": { "tile_id": 703, "average_temperature": 35.5481, "min_temperature": 35.5481, "max_temperature": 35.5481, "tree_opportunity_percent": 0.0 }, "geometry": { "type": "Polygon", "coordinates": [ [ [ -84.414480806508735, 33.763887710704083 ], [ -84.413405839490977, 33.763865173551835 ], [ -84.413378861458938, 33.7647625920143 ], [ -84.414453839658066, 33.764785129926196 ], [ -84.414480806508735, 33.763887710704083 ] ] ] } },
{ "type": "Feature", "properties": { "tile_id": 704, "average_temperature": 35.5341, "min_temperature": 35.5341, "max_temperature": 35.5341, "tree_opportunity_percent": 0.0 }, "geometry": { "type": "Polygon", "coordinates": [ [ [ -84.413405839490977, 33.763865173551835 ], [ -84.412330873668694, 33.76384262705087 ], [ -84.412303884455326, 33.764740044753388 ], [ -84.413378861458938, 33.7647625920143 ], [ -84.413405839490977, 33.763865173551835 ] ] ] } },
{ "type": "Feature", "properties": { "tile_id": 705, "average_temperature": 35.5188, "min_temperature": 35.5188, "max_temperature": 35.5188, "tree_opportunity_percent": 0.0 }, "geometry": { "type": "Polygon", "coordinates": [ [ [ -84.412330873668694, 33.76384262705087 ], [ -84.411255909042382, 33.763820071201238 ], [ -84.411228908647729, 33.764717488143489 ], [ -84.412303884455326, 33.764740044753388 ], [ -84.412330873668694, 33.76384262705087 ] ] ] } },
{ "type": "Feature", "properties": { "tile_id": 706, "average_temperature": 35.5027, "min_temperature": 35.5027, "max_temperature": 35.5027, "tree_opportunity_percent": 0.0 }, "geometry": { "type": "Polygon", "coordinates": [ [ [ -84.411255909042382, 33.763820071201238 ], [ -84.41018094561251, 33.763797506002973 ], [ -84.410153934036629, 33.764694922184631 ], [ -84.411228908647729, 33.764717488143489 ], [ -84.411255909042382, 33.763820071201238 ] ] ] } },
{ "type": "Feature", "properties": { "tile_id": 707, "average_temperature": 35.4861, "min_temperature": 35.4861, "max_temperature": 35.4861, "tree_opportunity_percent": 0.0 }, "geometry": { "type": "Polygon", "coordinates": [ [ [ -84.410180945612524, 33.763797506002973 ], [ -84.409105983379604, 33.763774931456119 ], [ -84.409078960622551, 33.764672346876864 ], [ -84.410153934036643, 33.764694922184631 ], [ -84.410180945612524, 33.763797506002973 ] ] ] } },
{ "type": "Feature", "properties": { "tile_id": 708, "average_temperature": 35.4694, "min_temperature": 35.4694, "max_temperature": 35.4694, "tree_opportunity_percent": 0.0 }, "geometry": { "type": "Polygon", "coordinates": [ [ [ -84.409105983379604, 33.763774931456119 ], [ -84.408031022344147, 33.763752347560683 ], [ -84.408003988405966, 33.76464976222023 ], [ -84.409078960622551, 33.764672346876864 ], [ -84.409105983379604, 33.763774931456119 ] ] ] } },
{ "type": "Feature", "properties": { "tile_id": 709, "average_temperature": 35.453, "min_temperature": 35.453, "max_temperature": 35.453, "tree_opportunity_percent": 0.0 }, "geometry": { "type": "Polygon", "coordinates": [ [ [ -84.408031022344147, 33.763752347560683 ], [ -84.406956062506623, 33.763729754316721 ], [ -84.40692901738737, 33.764627168214744 ], [ -84.408003988405966, 33.76464976222023 ], [ -84.408031022344147, 33.763752347560683 ] ] ] } },
{ "type": "Feature", "properties": { "tile_id": 710, "average_temperature": 35.4373, "min_temperature": 35.4373, "max_temperature": 35.4373, "tree_opportunity_percent": 0.0 }, "geometry": { "type": "Polygon", "coordinates": [ [ [ -84.406956062506623, 33.763729754316721 ], [ -84.405881103867543, 33.763707151724276 ], [ -84.40585404756726, 33.764604564860448 ], [ -84.40692901738737, 33.764627168214744 ], [ -84.406956062506623, 33.763729754316721 ] ] ] } },
{ "type": "Feature", "properties": { "tile_id": 711, "average_temperature": 35.4226, "min_temperature": 35.4226, "max_temperature": 35.4226, "tree_opportunity_percent": 0.0 }, "geometry": { "type": "Polygon", "coordinates": [ [ [ -84.405881103867543, 33.763707151724276 ], [ -84.404806146427376, 33.763684539783355 ], [ -84.40477907894612, 33.764581952157364 ], [ -84.40585404756726, 33.764604564860448 ], [ -84.405881103867543, 33.763707151724276 ] ] ] } },
{ "type": "Feature", "properties": { "tile_id": 712, "average_temperature": 35.4093, "min_temperature": 35.4093, "max_temperature": 35.4093, "tree_opportunity_percent": 0.0 }, "geometry": { "type": "Polygon", "coordinates": [ [ [ -84.404806146427376, 33.763684539783355 ], [ -84.403731190186647, 33.763661918494016 ], [ -84.403704111524462, 33.764559330105541 ], [ -84.40477907894612, 33.764581952157364 ], [ -84.404806146427376, 33.763684539783355 ] ] ] } },
{ "type": "Feature", "properties": { "tile_id": 713, "average_temperature": 35.3978, "min_temperature": 35.3978, "max_temperature": 35.3978, "tree_opportunity_percent": 0.0 }, "geometry": { "type": "Polygon", "coordinates": [ [ [ -84.403731190186647, 33.763661918494016 ], [ -84.402656235145841, 33.763639287856293 ], [ -84.402629145302768, 33.764536698705029 ], [ -84.403704111524462, 33.764559330105541 ], [ -84.403731190186647, 33.763661918494016 ] ] ] } },
{ "type": "Feature", "properties": { "tile_id": 714, "average_temperature": 35.3885, "min_temperature": 35.3885, "max_temperature": 35.3885, "tree_opportunity_percent": 0.0 }, "geometry": { "type": "Polygon", "coordinates": [ [ [ -84.402656235145841, 33.763639287856293 ], [ -84.40158128130544, 33.763616647870201 ], [ -84.401554180281536, 33.764514057955843 ], [ -84.402629145302768, 33.764536698705029 ], [ -84.402656235145841, 33.763639287856293 ] ] ] } },
{ "type": "Feature", "properties": { "tile_id": 715, "average_temperature": 35.3816, "min_temperature": 35.3816, "max_temperature": 35.3816, "tree_opportunity_percent": 0.0 }, "geometry": { "type": "Polygon", "coordinates": [ [ [ -84.40158128130544, 33.763616647870201 ], [ -84.400506328665941, 33.763593998535789 ], [ -84.400479216461278, 33.764491407858003 ], [ -84.401554180281536, 33.764514057955843 ], [ -84.40158128130544, 33.763616647870201 ] ] ] } },
{ "type": "Feature", "properties": { "tile_id": 716, "average_temperature": 35.3767, "min_temperature": 35.3767, "max_temperature": 35.3767, "tree_opportunity_percent": 0.0 }, "geometry": { "type": "Polygon", "coordinates": [ [ [ -84.400506328665941, 33.763593998535789 ], [ -84.399431377227856, 33.763571339853101 ], [ -84.399404253842462, 33.764468748411581 ], [ -84.400479216461278, 33.764491407858003 ], [ -84.400506328665941, 33.763593998535789 ] ] ] } },
{ "type": "Feature", "properties": { "tile_id": 717, "average_temperature": 35.3738, "min_temperature": 35.3738, "max_temperature": 35.3738, "tree_opportunity_percent": 0.0 }, "geometry": { "type": "Polygon", "coordinates": [ [ [ -84.399431377227856, 33.763571339853101 ], [ -84.398356426991668, 33.76354867182215 ], [ -84.398329292425601, 33.76444607961659 ], [ -84.399404253842476, 33.764468748411581 ], [ -84.399431377227856, 33.763571339853101 ] ] ] } },
{ "type": "Feature", "properties": { "tile_id": 718, "average_temperature": 35.3727, "min_temperature": 35.3727, "max_temperature": 35.3727, "tree_opportunity_percent": 0.0 }, "geometry": { "type": "Polygon", "coordinates": [ [ [ -84.398356426991668, 33.76354867182215 ], [ -84.397281477957875, 33.763525994442986 ], [ -84.39725433221119, 33.76442340147306 ], [ -84.398329292425601, 33.76444607961659 ], [ -84.398356426991668, 33.76354867182215 ] ] ] } },
{ "type": "Feature", "properties": { "tile_id": 719, "average_temperature": 35.3731, "min_temperature": 35.3731, "max_temperature": 35.3731, "tree_opportunity_percent": 0.0 }, "geometry": { "type": "Polygon", "coordinates": [ [ [ -84.397281477957875, 33.763525994442986 ], [ -84.39620653012696, 33.763503307715631 ], [ -84.396179373199701, 33.764400713981033 ], [ -84.39725433221119, 33.76442340147306 ], [ -84.397281477957875, 33.763525994442986 ] ] ] } },
{ "type": "Feature", "properties": { "tile_id": 720, "average_temperature": 35.3748, "min_temperature": 35.3748, "max_temperature": 35.3748, "tree_opportunity_percent": 0.0 }, "geometry": { "type": "Polygon", "coordinates": [ [ [ -84.39620653012696, 33.763503307715631 ], [ -84.39513158349942, 33.763480611640141 ], [ -84.395104415391629, 33.764378017140551 ], [ -84.396179373199701, 33.764400713981033 ], [ -84.39620653012696, 33.763503307715631 ] ] ] } },
{ "type": "Feature", "properties": { "tile_id": 721, "average_temperature": 35.3776, "min_temperature": 35.3776, "max_temperature": 35.3776, "tree_opportunity_percent": 0.0 }, "geometry": { "type": "Polygon", "coordinates": [ [ [ -84.39513158349942, 33.763480611640141 ], [ -84.394056638075767, 33.76345790621653 ], [ -84.394029458787514, 33.764355310951643 ], [ -84.395104415391643, 33.764378017140551 ], [ -84.39513158349942, 33.763480611640141 ] ] ] } },
{ "type": "Feature", "properties": { "tile_id": 722, "average_temperature": 35.3813, "min_temperature": 35.3813, "max_temperature": 35.3813, "tree_opportunity_percent": 0.0 }, "geometry": { "type": "Polygon", "coordinates": [ [ [ -84.394056638075767, 33.76345790621653 ], [ -84.39298169385647, 33.763435191444849 ], [ -84.392954503387799, 33.764332595414338 ], [ -84.394029458787514, 33.764355310951643 ], [ -84.394056638075767, 33.76345790621653 ] ] ] } },
{ "type": "Feature", "properties": { "tile_id": 723, "average_temperature": 35.3857, "min_temperature": 35.3857, "max_temperature": 35.3857, "tree_opportunity_percent": 0.0 }, "geometry": { "type": "Polygon", "coordinates": [ [ [ -84.39298169385647, 33.763435191444849 ], [ -84.391906750842054, 33.763412467325125 ], [ -84.391879549193007, 33.764309870528677 ], [ -84.392954503387813, 33.764332595414338 ], [ -84.39298169385647, 33.763435191444849 ] ] ] } },
{ "type": "Feature", "properties": { "tile_id": 724, "average_temperature": 35.3906, "min_temperature": 35.3906, "max_temperature": 35.3906, "tree_opportunity_percent": 0.0 }, "geometry": { "type": "Polygon", "coordinates": [ [ [ -84.391906750842054, 33.763412467325125 ], [ -84.390831809032989, 33.763389733857395 ], [ -84.390804596203623, 33.764287136294691 ], [ -84.391879549193007, 33.764309870528677 ], [ -84.391906750842054, 33.763412467325125 ] ] ] } },
{ "type": "Feature", "properties": { "tile_id": 725, "average_temperature": 35.3957, "min_temperature": 35.3957, "max_temperature": 35.3957, "tree_opportunity_percent": 0.0 }, "geometry": { "type": "Polygon", "coordinates": [ [ [ -84.390831809032989, 33.763389733857395 ], [ -84.389756868429771, 33.763366991041686 ], [ -84.389729644420143, 33.764264392712427 ], [ -84.390804596203623, 33.764287136294691 ], [ -84.390831809032989, 33.763389733857395 ] ] ] } },
{ "type": "Feature", "properties": { "tile_id": 726, "average_temperature": 35.4007, "min_temperature": 35.4007, "max_temperature": 35.4007, "tree_opportunity_percent": 0.0 }, "geometry": { "type": "Polygon", "coordinates": [ [ [ -84.389756868429771, 33.763366991041686 ], [ -84.388681929032884, 33.763344238878041 ], [ -84.388654693843051, 33.764241639781901 ], [ -84.389729644420143, 33.764264392712427 ], [ -84.389756868429771, 33.763366991041686 ] ] ] } },
{ "type": "Feature", "properties": { "tile_id": 727, "average_temperature": 35.4052, "min_temperature": 35.4052, "max_temperature": 35.4052, "tree_opportunity_percent": 0.0 }, "geometry": { "type": "Polygon", "coordinates": [ [ [ -84.388681929032899, 33.763344238878041 ], [ -84.387606990842869, 33.763321477366503 ], [ -84.387579744472859, 33.764218877503154 ], [ -84.388654693843051, 33.764241639781901 ], [ -84.388681929032899, 33.763344238878041 ] ] ] } },
{ "type": "Feature", "properties": { "tile_id": 728, "average_temperature": 35.4088, "min_temperature": 35.4088, "max_temperature": 35.4088, "tree_opportunity_percent": 0.0 }, "geometry": { "type": "Polygon", "coordinates": [ [ [ -84.387606990842869, 33.763321477366503 ], [ -84.386532053860179, 33.763298706507094 ], [ -84.386504796310049, 33.764196105876238 ], [ -84.387579744472873, 33.764218877503154 ], [ -84.387606990842869, 33.763321477366503 ] ] ] } },
{ "type": "Feature", "properties": { "tile_id": 729, "average_temperature": 35.4112, "min_temperature": 35.4112, "max_temperature": 35.4112, "tree_opportunity_percent": 0.0 }, "geometry": { "type": "Polygon", "coordinates": [ [ [ -84.386532053860179, 33.763298706507094 ], [ -84.385457118085327, 33.763275926299841 ], [ -84.385429849355134, 33.764173324901165 ], [ -84.386504796310049, 33.764196105876238 ], [ -84.386532053860179, 33.763298706507094 ] ] ] } },
{ "type": "Feature", "properties": { "tile_id": 730, "average_temperature": 35.4119, "min_temperature": 35.4119, "max_temperature": 35.4119, "tree_opportunity_percent": 0.0 }, "geometry": { "type": "Polygon", "coordinates": [ [ [ -84.385457118085327, 33.763275926299841 ], [ -84.384382183518781, 33.763253136744801 ], [ -84.384354903608582, 33.764150534577993 ], [ -84.385429849355134, 33.764173324901165 ], [ -84.385457118085327, 33.763275926299841 ] ] ] } },
{ "type": "Feature", "properties": { "tile_id": 731, "average_temperature": 35.4106, "min_temperature": 35.4106, "max_temperature": 35.4106, "tree_opportunity_percent": 0.0 }, "geometry": { "type": "Polygon", "coordinates": [ [ [ -84.384382183518781, 33.763253136744801 ], [ -84.383307250161067, 33.763230337841996 ], [ -84.383279959070904, 33.764127734906729 ], [ -84.384354903608582, 33.764150534577993 ], [ -84.384382183518781, 33.763253136744801 ] ] ] } },
{ "type": "Feature", "properties": { "tile_id": 732, "average_temperature": 35.407, "min_temperature": 35.407, "max_temperature": 35.407, "tree_opportunity_percent": 0.0 }, "geometry": { "type": "Polygon", "coordinates": [ [ [ -84.383307250161067, 33.763230337841996 ], [ -84.382232318012655, 33.763207529591469 ], [ -84.382205015742585, 33.76410492588743 ], [ -84.383279959070904, 33.764127734906729 ], [ -84.383307250161067, 33.763230337841996 ] ] ] } },
{ "type": "Feature", "properties": { "tile_id": 733, "average_temperature": 35.4006, "min_temperature": 35.4006, "max_temperature": 35.4006, "tree_opportunity_percent": 0.0 }, "geometry": { "type": "Polygon", "coordinates": [ [ [ -84.382232318012655, 33.763207529591469 ], [ -84.381157387074069, 33.763184711993247 ], [ -84.381130073624135, 33.764082107520132 ], [ -84.382205015742585, 33.76410492588743 ], [ -84.382232318012655, 33.763207529591469 ] ] ] } },
{ "type": "Feature", "properties": { "tile_id": 734, "average_temperature": 35.3912, "min_temperature": 35.3912, "max_temperature": 35.3912, "tree_opportunity_percent": 0.0 }, "geometry": { "type": "Polygon", "coordinates": [ [ [ -84.381157387074069, 33.763184711993247 ], [ -84.380082457345779, 33.763161885047367 ], [ -84.380055132716024, 33.764059279804854 ], [ -84.381130073624135, 33.764082107520132 ], [ -84.381157387074069, 33.763184711993247 ] ] ] } },
{ "type": "Feature", "properties": { "tile_id": 735, "average_temperature": 35.3783, "min_temperature": 35.3783, "max_temperature": 35.3783, "tree_opportunity_percent": 0.0 }, "geometry": { "type": "Polygon", "coordinates": [ [ [ -84.380082457345779, 33.763161885047367 ], [ -84.379007528828282, 33.763139048753871 ], [ -84.378980193018791, 33.764036442741634 ], [ -84.380055132716024, 33.764059279804854 ], [ -84.380082457345779, 33.763161885047367 ] ] ] } },
{ "type": "Feature", "properties": { "tile_id": 736, "average_temperature": 35.3626, "min_temperature": 35.3626, "max_temperature": 35.3626, "tree_opportunity_percent": 0.0 }, "geometry": { "type": "Polygon", "coordinates": [ [ [ -84.379007528828282, 33.763139048753871 ], [ -84.377932601522076, 33.76311620311278 ], [ -84.377905254532877, 33.764013596330535 ], [ -84.378980193018791, 33.764036442741634 ], [ -84.379007528828282, 33.763139048753871 ] ] ] } },
{ "type": "Feature", "properties": { "tile_id": 737, "average_temperature": 35.3446, "min_temperature": 35.3446, "max_temperature": 35.3446, "tree_opportunity_percent": 0.0 }, "geometry": { "type": "Polygon", "coordinates": [ [ [ -84.377932601522076, 33.76311620311278 ], [ -84.376857675427658, 33.763093348124144 ], [ -84.376830317258793, 33.76399074057155 ], [ -84.377905254532877, 33.764013596330535 ], [ -84.377932601522076, 33.76311620311278 ] ] ] } },
{ "type": "Feature", "properties": { "tile_id": 738, "average_temperature": 35.3251, "min_temperature": 35.3251, "max_temperature": 35.3251, "tree_opportunity_percent": 0.0 }, "geometry": { "type": "Polygon", "coordinates": [ [ [ -84.376857675427658, 33.763093348124144 ], [ -84.375782750545525, 33.763070483787992 ], [ -84.375755381197052, 33.763967875464736 ], [ -84.376830317258793, 33.76399074057155 ], [ -84.376857675427658, 33.763093348124144 ] ] ] } },
{ "type": "Feature", "properties": { "tile_id": 739, "average_temperature": 35.3047, "min_temperature": 35.3047, "max_temperature": 35.3047, "tree_opportunity_percent": 0.0 }, "geometry": { "type": "Polygon", "coordinates": [ [ [ -84.375782750545525, 33.763070483787992 ], [ -84.374707826876161, 33.763047610104344 ], [ -84.374680446348137, 33.763945001010129 ], [ -84.375755381197052, 33.763967875464736 ], [ -84.375782750545525, 33.763070483787992 ] ] ] } },
{ "type": "Feature", "properties": { "tile_id": 740, "average_temperature": 35.5507, "min_temperature": 35.5507, "max_temperature": 35.5507, "tree_opportunity_percent": 0.0 }, "geometry": { "type": "Polygon", "coordinates": [ [ [ -84.414453839658066, 33.764785129926182 ], [ -84.413378861458938, 33.764762592014293 ], [ -84.413351882232462, 33.765660010327039 ], [ -84.414426871613472, 33.765682548998598 ], [ -84.414453839658066, 33.764785129926182 ] ] ] } },
{ "type": "Feature", "properties": { "tile_id": 741, "average_temperature": 35.5368, "min_temperature": 35.5368, "max_temperature": 35.5368, "tree_opportunity_percent": 0.0 }, "geometry": { "type": "Polygon", "coordinates": [ [ [ -84.413378861458938, 33.764762592014293 ], [ -84.412303884455326, 33.764740044753381 ], [ -84.412276894047025, 33.765637462306152 ], [ -84.413351882232462, 33.765660010327039 ], [ -84.413378861458938, 33.764762592014293 ] ] ] } },
{ "type": "Feature", "properties": { "tile_id": 742, "average_temperature": 35.5216, "min_temperature": 35.5216, "max_temperature": 35.5216, "tree_opportunity_percent": 0.0 }, "geometry": { "type": "Polygon", "coordinates": [ [ [ -84.412303884455326, 33.764740044753381 ], [ -84.411228908647729, 33.764717488143482 ], [ -84.411201907057645, 33.765614904935973 ], [ -84.412276894047025, 33.765637462306152 ], [ -84.412303884455326, 33.764740044753381 ] ] ] } },
{ "type": "Feature", "properties": { "tile_id": 743, "average_temperature": 35.5056, "min_temperature": 35.5056, "max_temperature": 35.5056, "tree_opportunity_percent": 0.0 }, "geometry": { "type": "Polygon", "coordinates": [ [ [ -84.411228908647729, 33.764717488143482 ], [ -84.410153934036629, 33.764694922184624 ], [ -84.410126921264833, 33.765592338216514 ], [ -84.411201907057645, 33.765614904935973 ], [ -84.411228908647729, 33.764717488143482 ] ] ] } },
{ "type": "Feature", "properties": { "tile_id": 744, "average_temperature": 35.489, "min_temperature": 35.489, "max_temperature": 35.489, "tree_opportunity_percent": 0.0 }, "geometry": { "type": "Polygon", "coordinates": [ [ [ -84.410153934036643, 33.764694922184624 ], [ -84.409078960622551, 33.764672346876857 ], [ -84.409051936669073, 33.765569762147834 ], [ -84.410126921264833, 33.765592338216514 ], [ -84.410153934036643, 33.764694922184624 ] ] ] } },
{ "type": "Feature", "properties": { "tile_id": 745, "average_temperature": 35.4724, "min_temperature": 35.4724, "max_temperature": 35.4724, "tree_opportunity_percent": 0.0 }, "geometry": { "type": "Polygon", "coordinates": [ [ [ -84.409078960622551, 33.764672346876857 ], [ -84.408003988405966, 33.764649762220223 ], [ -84.407976953270847, 33.76554717672996 ], [ -84.409051936669073, 33.765569762147834 ], [ -84.409078960622551, 33.764672346876857 ] ] ] } },
{ "type": "Feature", "properties": { "tile_id": 746, "average_temperature": 35.456, "min_temperature": 35.456, "max_temperature": 35.456, "tree_opportunity_percent": 0.0 }, "geometry": { "type": "Polygon", "coordinates": [ [ [ -84.408003988405966, 33.764649762220223 ], [ -84.40692901738737, 33.764627168214737 ], [ -84.406901971070681, 33.765524581962922 ], [ -84.407976953270847, 33.76554717672996 ], [ -84.408003988405966, 33.764649762220223 ] ] ] } },
{ "type": "Feature", "properties": { "tile_id": 747, "average_temperature": 35.4403, "min_temperature": 35.4403, "max_temperature": 35.4403, "tree_opportunity_percent": 0.0 }, "geometry": { "type": "Polygon", "coordinates": [ [ [ -84.40692901738737, 33.764627168214737 ], [ -84.40585404756726, 33.764604564860434 ], [ -84.405826990069059, 33.765501977846775 ], [ -84.406901971070681, 33.765524581962922 ], [ -84.40692901738737, 33.764627168214737 ] ] ] } },
{ "type": "Feature", "properties": { "tile_id": 748, "average_temperature": 35.4256, "min_temperature": 35.4256, "max_temperature": 35.4256, "tree_opportunity_percent": 0.0 }, "geometry": { "type": "Polygon", "coordinates": [ [ [ -84.40585404756726, 33.764604564860434 ], [ -84.40477907894612, 33.764581952157357 ], [ -84.404752010266435, 33.76547936438152 ], [ -84.405826990069059, 33.765501977846775 ], [ -84.40585404756726, 33.764604564860434 ] ] ] } },
{ "type": "Feature", "properties": { "tile_id": 749, "average_temperature": 35.4123, "min_temperature": 35.4123, "max_temperature": 35.4123, "tree_opportunity_percent": 0.0 }, "geometry": { "type": "Polygon", "coordinates": [ [ [ -84.40477907894612, 33.764581952157357 ], [ -84.403704111524462, 33.764559330105541 ], [ -84.403677031663364, 33.76545674156722 ], [ -84.404752010266449, 33.76547936438152 ], [ -84.40477907894612, 33.764581952157357 ] ] ] } },
{ "type": "Feature", "properties": { "tile_id": 750, "average_temperature": 35.4007, "min_temperature": 35.4007, "max_temperature": 35.4007, "tree_opportunity_percent": 0.0 }, "geometry": { "type": "Polygon", "coordinates": [ [ [ -84.403704111524462, 33.764559330105541 ], [ -84.402629145302768, 33.764536698705022 ], [ -84.402602054260313, 33.765434109403891 ], [ -84.403677031663364, 33.76545674156722 ], [ -84.403704111524462, 33.764559330105541 ] ] ] } },
{ "type": "Feature", "properties": { "tile_id": 751, "average_temperature": 35.3913, "min_temperature": 35.3913, "max_temperature": 35.3913, "tree_opportunity_percent": 0.0 }, "geometry": { "type": "Polygon", "coordinates": [ [ [ -84.402629145302768, 33.764536698705022 ], [ -84.401554180281536, 33.764514057955836 ], [ -84.401527078057768, 33.765411467891582 ], [ -84.402602054260313, 33.765434109403891 ], [ -84.402629145302768, 33.764536698705022 ] ] ] } },
{ "type": "Feature", "properties": { "tile_id": 752, "average_temperature": 35.3841, "min_temperature": 35.3841, "max_temperature": 35.3841, "tree_opportunity_percent": 0.0 }, "geometry": { "type": "Polygon", "coordinates": [ [ [ -84.401554180281536, 33.764514057955836 ], [ -84.400479216461278, 33.764491407858003 ], [ -84.400452103056224, 33.76538881703032 ], [ -84.401527078057768, 33.765411467891582 ], [ -84.401554180281536, 33.764514057955836 ] ] ] } },
{ "type": "Feature", "properties": { "tile_id": 753, "average_temperature": 35.3791, "min_temperature": 35.3791, "max_temperature": 35.3791, "tree_opportunity_percent": 0.0 }, "geometry": { "type": "Polygon", "coordinates": [ [ [ -84.400479216461278, 33.764491407858003 ], [ -84.399404253842462, 33.764468748411581 ], [ -84.399377129256195, 33.765366156820143 ], [ -84.400452103056224, 33.76538881703032 ], [ -84.400479216461278, 33.764491407858003 ] ] ] } },
{ "type": "Feature", "properties": { "tile_id": 754, "average_temperature": 35.376, "min_temperature": 35.376, "max_temperature": 35.376, "tree_opportunity_percent": 0.0 }, "geometry": { "type": "Polygon", "coordinates": [ [ [ -84.399404253842476, 33.764468748411581 ], [ -84.398329292425601, 33.764446079616583 ], [ -84.398302156658161, 33.765343487261084 ], [ -84.399377129256195, 33.765366156820143 ], [ -84.399404253842476, 33.764468748411581 ] ] ] } },
{ "type": "Feature", "properties": { "tile_id": 755, "average_temperature": 35.3746, "min_temperature": 35.3746, "max_temperature": 35.3746, "tree_opportunity_percent": 0.0 }, "geometry": { "type": "Polygon", "coordinates": [ [ [ -84.398329292425601, 33.764446079616583 ], [ -84.39725433221119, 33.764423401473053 ], [ -84.397227185262622, 33.765320808353181 ], [ -84.398302156658161, 33.765343487261084 ], [ -84.398329292425601, 33.764446079616583 ] ] ] } },
{ "type": "Feature", "properties": { "tile_id": 756, "average_temperature": 35.3747, "min_temperature": 35.3747, "max_temperature": 35.3747, "tree_opportunity_percent": 0.0 }, "geometry": { "type": "Polygon", "coordinates": [ [ [ -84.39725433221119, 33.764423401473053 ], [ -84.396179373199701, 33.764400713981026 ], [ -84.396152215070074, 33.765298120096467 ], [ -84.397227185262636, 33.765320808353181 ], [ -84.39725433221119, 33.764423401473053 ] ] ] } },
{ "type": "Feature", "properties": { "tile_id": 757, "average_temperature": 35.3762, "min_temperature": 35.3762, "max_temperature": 35.3762, "tree_opportunity_percent": 0.0 }, "geometry": { "type": "Polygon", "coordinates": [ [ [ -84.396179373199701, 33.764400713981026 ], [ -84.395104415391629, 33.764378017140551 ], [ -84.395077246081001, 33.76527542249098 ], [ -84.396152215070074, 33.765298120096467 ], [ -84.396179373199701, 33.764400713981026 ] ] ] } },
{ "type": "Feature", "properties": { "tile_id": 758, "average_temperature": 35.3788, "min_temperature": 35.3788, "max_temperature": 35.3788, "tree_opportunity_percent": 0.0 }, "geometry": { "type": "Polygon", "coordinates": [ [ [ -84.395104415391643, 33.764378017140551 ], [ -84.394029458787514, 33.764355310951636 ], [ -84.394002278295915, 33.765252715536739 ], [ -84.395077246081001, 33.76527542249098 ], [ -84.395104415391643, 33.764378017140551 ] ] ] } },
{ "type": "Feature", "properties": { "tile_id": 759, "average_temperature": 35.3823, "min_temperature": 35.3823, "max_temperature": 35.3823, "tree_opportunity_percent": 0.0 }, "geometry": { "type": "Polygon", "coordinates": [ [ [ -84.394029458787514, 33.764355310951636 ], [ -84.392954503387799, 33.764332595414331 ], [ -84.392927311715283, 33.765229999233796 ], [ -84.394002278295915, 33.765252715536739 ], [ -84.394029458787514, 33.764355310951636 ] ] ] } },
{ "type": "Feature", "properties": { "tile_id": 760, "average_temperature": 35.3865, "min_temperature": 35.3865, "max_temperature": 35.3865, "tree_opportunity_percent": 0.0 }, "geometry": { "type": "Polygon", "coordinates": [ [ [ -84.392954503387813, 33.764332595414331 ], [ -84.391879549193007, 33.76430987052867 ], [ -84.391852346339633, 33.765207273582192 ], [ -84.392927311715283, 33.765229999233796 ], [ -84.392954503387813, 33.764332595414331 ] ] ] } },
{ "type": "Feature", "properties": { "tile_id": 761, "average_temperature": 35.3913, "min_temperature": 35.3913, "max_temperature": 35.3913, "tree_opportunity_percent": 0.0 }, "geometry": { "type": "Polygon", "coordinates": [ [ [ -84.391879549193007, 33.76430987052867 ], [ -84.390804596203623, 33.764287136294683 ], [ -84.390777382169432, 33.765184538581941 ], [ -84.391852346339633, 33.765207273582192 ], [ -84.391879549193007, 33.76430987052867 ] ] ] } },
{ "type": "Feature", "properties": { "tile_id": 762, "average_temperature": 35.3963, "min_temperature": 35.3963, "max_temperature": 35.3963, "tree_opportunity_percent": 0.0 }, "geometry": { "type": "Polygon", "coordinates": [ [ [ -84.390804596203623, 33.764287136294683 ], [ -84.389729644420143, 33.76426439271242 ], [ -84.389702419205179, 33.76516179423308 ], [ -84.390777382169432, 33.765184538581941 ], [ -84.390804596203623, 33.764287136294683 ] ] ] } },
{ "type": "Feature", "properties": { "tile_id": 763, "average_temperature": 35.4012, "min_temperature": 35.4012, "max_temperature": 35.4012, "tree_opportunity_percent": 0.0 }, "geometry": { "type": "Polygon", "coordinates": [ [ [ -84.389729644420143, 33.76426439271242 ], [ -84.388654693843051, 33.764241639781893 ], [ -84.388627457447399, 33.765139040535665 ], [ -84.389702419205179, 33.76516179423308 ], [ -84.389729644420143, 33.76426439271242 ] ] ] } },
{ "type": "Feature", "properties": { "tile_id": 764, "average_temperature": 35.4057, "min_temperature": 35.4057, "max_temperature": 35.4057, "tree_opportunity_percent": 0.0 }, "geometry": { "type": "Polygon", "coordinates": [ [ [ -84.388654693843051, 33.764241639781893 ], [ -84.387579744472859, 33.764218877503154 ], [ -84.387552496896532, 33.765116277489717 ], [ -84.388627457447399, 33.765139040535665 ], [ -84.388654693843051, 33.764241639781893 ] ] ] } },
{ "type": "Feature", "properties": { "tile_id": 765, "average_temperature": 35.4093, "min_temperature": 35.4093, "max_temperature": 35.4093, "tree_opportunity_percent": 0.0 }, "geometry": { "type": "Polygon", "coordinates": [ [ [ -84.387579744472873, 33.764218877503154 ], [ -84.386504796310049, 33.764196105876231 ], [ -84.38647753755312, 33.765093505095265 ], [ -84.387552496896532, 33.765116277489717 ], [ -84.387579744472873, 33.764218877503154 ] ] ] } },
{ "type": "Feature", "properties": { "tile_id": 766, "average_temperature": 35.4116, "min_temperature": 35.4116, "max_temperature": 35.4116, "tree_opportunity_percent": 0.0 }, "geometry": { "type": "Polygon", "coordinates": [ [ [ -84.386504796310049, 33.764196105876231 ], [ -84.385429849355134, 33.764173324901165 ], [ -84.385402579417644, 33.765070723352373 ], [ -84.38647753755312, 33.765093505095265 ], [ -84.386504796310049, 33.764196105876231 ] ] ] } },
{ "type": "Feature", "properties": { "tile_id": 767, "average_temperature": 35.4123, "min_temperature": 35.4123, "max_temperature": 35.4123, "tree_opportunity_percent": 0.0 }, "geometry": { "type": "Polygon", "coordinates": [ [ [ -84.385429849355134, 33.764173324901165 ], [ -84.384354903608582, 33.764150534577993 ], [ -84.384327622490588, 33.765047932261027 ], [ -84.385402579417644, 33.765070723352373 ], [ -84.385429849355134, 33.764173324901165 ] ] ] } },
{ "type": "Feature", "properties": { "tile_id": 768, "average_temperature": 35.4111, "min_temperature": 35.4111, "max_temperature": 35.4111, "tree_opportunity_percent": 0.0 }, "geometry": { "type": "Polygon", "coordinates": [ [ [ -84.384354903608582, 33.764150534577993 ], [ -84.383279959070904, 33.764127734906722 ], [ -84.383252666772449, 33.765025131821311 ], [ -84.384327622490602, 33.765047932261027 ], [ -84.384354903608582, 33.764150534577993 ] ] ] } },
{ "type": "Feature", "properties": { "tile_id": 769, "average_temperature": 35.4074, "min_temperature": 35.4074, "max_temperature": 35.4074, "tree_opportunity_percent": 0.0 }, "geometry": { "type": "Polygon", "coordinates": [ [ [ -84.383279959070904, 33.764127734906722 ], [ -84.382205015742585, 33.764104925887423 ], [ -84.38217771226374, 33.765002322033226 ], [ -84.383252666772449, 33.765025131821311 ], [ -84.383279959070904, 33.764127734906722 ] ] ] } },
{ "type": "Feature", "properties": { "tile_id": 770, "average_temperature": 35.401, "min_temperature": 35.401, "max_temperature": 35.401, "tree_opportunity_percent": 0.0 }, "geometry": { "type": "Polygon", "coordinates": [ [ [ -84.382205015742585, 33.764104925887423 ], [ -84.381130073624135, 33.764082107520125 ], [ -84.381102758964929, 33.764979502896821 ], [ -84.38217771226374, 33.765002322033226 ], [ -84.382205015742585, 33.764104925887423 ] ] ] } },
{ "type": "Feature", "properties": { "tile_id": 771, "average_temperature": 35.3914, "min_temperature": 35.3914, "max_temperature": 35.3914, "tree_opportunity_percent": 0.0 }, "geometry": { "type": "Polygon", "coordinates": [ [ [ -84.381130073624135, 33.764082107520125 ], [ -84.380055132716024, 33.764059279804847 ], [ -84.380027806876527, 33.764956674412126 ], [ -84.381102758964929, 33.764979502896821 ], [ -84.381130073624135, 33.764082107520125 ] ] ] } },
{ "type": "Feature", "properties": { "tile_id": 772, "average_temperature": 35.3785, "min_temperature": 35.3785, "max_temperature": 35.3785, "tree_opportunity_percent": 0.0 }, "geometry": { "type": "Polygon", "coordinates": [ [ [ -84.380055132716024, 33.764059279804847 ], [ -84.378980193018791, 33.764036442741627 ], [ -84.378952855999032, 33.764933836579196 ], [ -84.380027806876527, 33.764956674412126 ], [ -84.380055132716024, 33.764059279804847 ] ] ] } },
{ "type": "Feature", "properties": { "tile_id": 773, "average_temperature": 35.3626, "min_temperature": 35.3626, "max_temperature": 35.3626, "tree_opportunity_percent": 0.0 }, "geometry": { "type": "Polygon", "coordinates": [ [ [ -84.378980193018791, 33.764036442741627 ], [ -84.377905254532877, 33.764013596330528 ], [ -84.377877906332913, 33.764910989398032 ], [ -84.378952855999032, 33.764933836579196 ], [ -84.378980193018791, 33.764036442741627 ] ] ] } },
{ "type": "Feature", "properties": { "tile_id": 774, "average_temperature": 35.3445, "min_temperature": 35.3445, "max_temperature": 35.3445, "tree_opportunity_percent": 0.0 }, "geometry": { "type": "Polygon", "coordinates": [ [ [ -84.377905254532877, 33.764013596330528 ], [ -84.376830317258793, 33.763990740571543 ], [ -84.376802957878695, 33.764888132868691 ], [ -84.377877906332913, 33.764910989398032 ], [ -84.377905254532877, 33.764013596330528 ] ] ] } },
{ "type": "Feature", "properties": { "tile_id": 775, "average_temperature": 35.3249, "min_temperature": 35.3249, "max_temperature": 35.3249, "tree_opportunity_percent": 0.0 }, "geometry": { "type": "Polygon", "coordinates": [ [ [ -84.376830317258793, 33.763990740571543 ], [ -84.375755381197052, 33.763967875464729 ], [ -84.375728010636834, 33.764865266991215 ], [ -84.376802957878695, 33.764888132868691 ], [ -84.376830317258793, 33.763990740571543 ] ] ] } },
{ "type": "Feature", "properties": { "tile_id": 776, "average_temperature": 35.3044, "min_temperature": 35.3044, "max_temperature": 35.3044, "tree_opportunity_percent": 0.0 }, "geometry": { "type": "Polygon", "coordinates": [ [ [ -84.375755381197052, 33.763967875464729 ], [ -84.374680446348137, 33.763945001010129 ], [ -84.374653064607884, 33.764842391765619 ], [ -84.375728010636834, 33.764865266991215 ], [ -84.375755381197052, 33.763967875464729 ] ] ] } },
{ "type": "Feature", "properties": { "tile_id": 777, "average_temperature": 35.5522, "min_temperature": 35.5522, "max_temperature": 35.5522, "tree_opportunity_percent": 0.0 }, "geometry": { "type": "Polygon", "coordinates": [ [ [ -84.414426871613472, 33.765682548998598 ], [ -84.413351882232462, 33.765660010327039 ], [ -84.413324901811464, 33.766557428490053 ], [ -84.414399902374839, 33.766579967921274 ], [ -84.414426871613472, 33.765682548998598 ] ] ] } },
{ "type": "Feature", "properties": { "tile_id": 778, "average_temperature": 35.5384, "min_temperature": 35.5384, "max_temperature": 35.5384, "tree_opportunity_percent": 0.0 }, "geometry": { "type": "Polygon", "coordinates": [ [ [ -84.413351882232462, 33.765660010327039 ], [ -84.412276894047025, 33.765637462306152 ], [ -84.412249902443719, 33.766534879709177 ], [ -84.413324901811478, 33.766557428490053 ], [ -84.413351882232462, 33.765660010327039 ] ] ] } },
{ "type": "Feature", "properties": { "tile_id": 779, "average_temperature": 35.5233, "min_temperature": 35.5233, "max_temperature": 35.5233, "tree_opportunity_percent": 0.0 }, "geometry": { "type": "Polygon", "coordinates": [ [ [ -84.412276894047025, 33.765637462306152 ], [ -84.411201907057645, 33.765614904935973 ], [ -84.411174904272073, 33.766512321578681 ], [ -84.412249902443719, 33.766534879709177 ], [ -84.412276894047025, 33.765637462306152 ] ] ] } },
{ "type": "Feature", "properties": { "tile_id": 780, "average_temperature": 35.5075, "min_temperature": 35.5075, "max_temperature": 35.5075, "tree_opportunity_percent": 0.0 }, "geometry": { "type": "Polygon", "coordinates": [ [ [ -84.411201907057645, 33.765614904935973 ], [ -84.410126921264833, 33.765592338216514 ], [ -84.410099907297038, 33.766489754098615 ], [ -84.411174904272073, 33.766512321578681 ], [ -84.411201907057645, 33.765614904935973 ] ] ] } },
{ "type": "Feature", "properties": { "tile_id": 781, "average_temperature": 35.4911, "min_temperature": 35.4911, "max_temperature": 35.4911, "tree_opportunity_percent": 0.0 }, "geometry": { "type": "Polygon", "coordinates": [ [ [ -84.410126921264833, 33.765592338216514 ], [ -84.409051936669073, 33.765569762147834 ], [ -84.409024911519111, 33.766467177269 ], [ -84.410099907297038, 33.766489754098615 ], [ -84.410126921264833, 33.765592338216514 ] ] ] } },
{ "type": "Feature", "properties": { "tile_id": 782, "average_temperature": 35.4746, "min_temperature": 35.4746, "max_temperature": 35.4746, "tree_opportunity_percent": 0.0 }, "geometry": { "type": "Polygon", "coordinates": [ [ [ -84.409051936669073, 33.765569762147834 ], [ -84.407976953270847, 33.76554717672996 ], [ -84.40794991693879, 33.766444591089879 ], [ -84.409024911519111, 33.766467177269 ], [ -84.409051936669073, 33.765569762147834 ] ] ] } },
{ "type": "Feature", "properties": { "tile_id": 783, "average_temperature": 35.4584, "min_temperature": 35.4584, "max_temperature": 35.4584, "tree_opportunity_percent": 0.0 }, "geometry": { "type": "Polygon", "coordinates": [ [ [ -84.407976953270847, 33.76554717672996 ], [ -84.406901971070681, 33.765524581962922 ], [ -84.406874923556543, 33.766421995561288 ], [ -84.40794991693879, 33.766444591089879 ], [ -84.407976953270847, 33.76554717672996 ] ] ] } },
{ "type": "Feature", "properties": { "tile_id": 784, "average_temperature": 35.4428, "min_temperature": 35.4428, "max_temperature": 35.4428, "tree_opportunity_percent": 0.0 }, "geometry": { "type": "Polygon", "coordinates": [ [ [ -84.406901971070681, 33.765524581962922 ], [ -84.405826990069059, 33.765501977846775 ], [ -84.405799931372897, 33.766399390683262 ], [ -84.406874923556543, 33.766421995561288 ], [ -84.406901971070681, 33.765524581962922 ] ] ] } },
{ "type": "Feature", "properties": { "tile_id": 785, "average_temperature": 35.4281, "min_temperature": 35.4281, "max_temperature": 35.4281, "tree_opportunity_percent": 0.0 }, "geometry": { "type": "Polygon", "coordinates": [ [ [ -84.405826990069059, 33.765501977846775 ], [ -84.404752010266435, 33.76547936438152 ], [ -84.40472494038832, 33.766376776455814 ], [ -84.405799931372897, 33.766399390683262 ], [ -84.405826990069059, 33.765501977846775 ] ] ] } },
{ "type": "Feature", "properties": { "tile_id": 786, "average_temperature": 35.4148, "min_temperature": 35.4148, "max_temperature": 35.4148, "tree_opportunity_percent": 0.0 }, "geometry": { "type": "Polygon", "coordinates": [ [ [ -84.404752010266449, 33.76547936438152 ], [ -84.403677031663364, 33.76545674156722 ], [ -84.403649950603324, 33.766354152879011 ], [ -84.40472494038832, 33.766376776455814 ], [ -84.404752010266449, 33.76547936438152 ] ] ] } },
{ "type": "Feature", "properties": { "tile_id": 787, "average_temperature": 35.4033, "min_temperature": 35.4033, "max_temperature": 35.4033, "tree_opportunity_percent": 0.0 }, "geometry": { "type": "Polygon", "coordinates": [ [ [ -84.403677031663364, 33.76545674156722 ], [ -84.402602054260313, 33.765434109403891 ], [ -84.402574962018406, 33.766331519952864 ], [ -84.403649950603324, 33.766354152879011 ], [ -84.403677031663364, 33.76545674156722 ] ] ] } },
{ "type": "Feature", "properties": { "tile_id": 788, "average_temperature": 35.3938, "min_temperature": 35.3938, "max_temperature": 35.3938, "tree_opportunity_percent": 0.0 }, "geometry": { "type": "Polygon", "coordinates": [ [ [ -84.402602054260313, 33.765434109403891 ], [ -84.401527078057768, 33.765411467891582 ], [ -84.401499974634049, 33.76630887767741 ], [ -84.402574962018406, 33.766331519952864 ], [ -84.402602054260313, 33.765434109403891 ] ] ] } },
{ "type": "Feature", "properties": { "tile_id": 789, "average_temperature": 35.3866, "min_temperature": 35.3866, "max_temperature": 35.3866, "tree_opportunity_percent": 0.0 }, "geometry": { "type": "Polygon", "coordinates": [ [ [ -84.401527078057768, 33.765411467891582 ], [ -84.400452103056224, 33.76538881703032 ], [ -84.400424988450752, 33.766286226052699 ], [ -84.401499974634049, 33.76630887767741 ], [ -84.401527078057768, 33.765411467891582 ] ] ] } },
{ "type": "Feature", "properties": { "tile_id": 790, "average_temperature": 35.3814, "min_temperature": 35.3814, "max_temperature": 35.3814, "tree_opportunity_percent": 0.0 }, "geometry": { "type": "Polygon", "coordinates": [ [ [ -84.400452103056224, 33.76538881703032 ], [ -84.399377129256195, 33.765366156820143 ], [ -84.39935000346901, 33.766263565078766 ], [ -84.400424988450752, 33.766286226052699 ], [ -84.400452103056224, 33.76538881703032 ] ] ] } },
{ "type": "Feature", "properties": { "tile_id": 791, "average_temperature": 35.3781, "min_temperature": 35.3781, "max_temperature": 35.3781, "tree_opportunity_percent": 0.0 }, "geometry": { "type": "Polygon", "coordinates": [ [ [ -84.399377129256195, 33.765366156820143 ], [ -84.398302156658161, 33.765343487261084 ], [ -84.398275019689322, 33.766240894755626 ], [ -84.39935000346901, 33.766263565078766 ], [ -84.399377129256195, 33.765366156820143 ] ] ] } },
{ "type": "Feature", "properties": { "tile_id": 792, "average_temperature": 35.3765, "min_temperature": 35.3765, "max_temperature": 35.3765, "tree_opportunity_percent": 0.0 }, "geometry": { "type": "Polygon", "coordinates": [ [ [ -84.398302156658161, 33.765343487261084 ], [ -84.397227185262622, 33.765320808353181 ], [ -84.397200037112171, 33.766218215083327 ], [ -84.398275019689322, 33.766240894755626 ], [ -84.398302156658161, 33.765343487261084 ] ] ] } },
{ "type": "Feature", "properties": { "tile_id": 793, "average_temperature": 35.3764, "min_temperature": 35.3764, "max_temperature": 35.3764, "tree_opportunity_percent": 0.0 }, "geometry": { "type": "Polygon", "coordinates": [ [ [ -84.397227185262636, 33.765320808353181 ], [ -84.396152215070074, 33.765298120096467 ], [ -84.396125055738054, 33.766195526061907 ], [ -84.397200037112171, 33.766218215083327 ], [ -84.397227185262636, 33.765320808353181 ] ] ] } },
{ "type": "Feature", "properties": { "tile_id": 794, "average_temperature": 35.3776, "min_temperature": 35.3776, "max_temperature": 35.3776, "tree_opportunity_percent": 0.0 }, "geometry": { "type": "Polygon", "coordinates": [ [ [ -84.396152215070074, 33.765298120096467 ], [ -84.395077246081001, 33.76527542249098 ], [ -84.395050075567468, 33.766172827691392 ], [ -84.396125055738054, 33.766195526061907 ], [ -84.396152215070074, 33.765298120096467 ] ] ] } },
{ "type": "Feature", "properties": { "tile_id": 795, "average_temperature": 35.3799, "min_temperature": 35.3799, "max_temperature": 35.3799, "tree_opportunity_percent": 0.0 }, "geometry": { "type": "Polygon", "coordinates": [ [ [ -84.395077246081001, 33.76527542249098 ], [ -84.394002278295915, 33.765252715536739 ], [ -84.393975096600911, 33.766150119971819 ], [ -84.395050075567468, 33.766172827691392 ], [ -84.395077246081001, 33.76527542249098 ] ] ] } },
{ "type": "Feature", "properties": { "tile_id": 796, "average_temperature": 35.3832, "min_temperature": 35.3832, "max_temperature": 35.3832, "tree_opportunity_percent": 0.0 }, "geometry": { "type": "Polygon", "coordinates": [ [ [ -84.394002278295915, 33.765252715536739 ], [ -84.392927311715283, 33.765229999233796 ], [ -84.392900118838895, 33.766127402903223 ], [ -84.393975096600911, 33.766150119971819 ], [ -84.394002278295915, 33.765252715536739 ] ] ] } },
{ "type": "Feature", "properties": { "tile_id": 797, "average_temperature": 35.3873, "min_temperature": 35.3873, "max_temperature": 35.3873, "tree_opportunity_percent": 0.0 }, "geometry": { "type": "Polygon", "coordinates": [ [ [ -84.392927311715283, 33.765229999233796 ], [ -84.391852346339633, 33.765207273582192 ], [ -84.39182514228186, 33.766104676485647 ], [ -84.392900118838895, 33.766127402903223 ], [ -84.392927311715283, 33.765229999233796 ] ] ] } },
{ "type": "Feature", "properties": { "tile_id": 798, "average_temperature": 35.3919, "min_temperature": 35.3919, "max_temperature": 35.3919, "tree_opportunity_percent": 0.0 }, "geometry": { "type": "Polygon", "coordinates": [ [ [ -84.391852346339633, 33.765207273582192 ], [ -84.390777382169432, 33.765184538581941 ], [ -84.39075016693036, 33.766081940719111 ], [ -84.39182514228186, 33.766104676485647 ], [ -84.391852346339633, 33.765207273582192 ] ] ] } },
{ "type": "Feature", "properties": { "tile_id": 799, "average_temperature": 35.3968, "min_temperature": 35.3968, "max_temperature": 35.3968, "tree_opportunity_percent": 0.0 }, "geometry": { "type": "Polygon", "coordinates": [ [ [ -84.390777382169432, 33.765184538581941 ], [ -84.389702419205179, 33.76516179423308 ], [ -84.389675192784864, 33.766059195603667 ], [ -84.39075016693036, 33.766081940719111 ], [ -84.390777382169432, 33.765184538581941 ] ] ] } },
{ "type": "Feature", "properties": { "tile_id": 800, "average_temperature": 35.4017, "min_temperature": 35.4017, "max_temperature": 35.4017, "tree_opportunity_percent": 0.0 }, "geometry": { "type": "Polygon", "coordinates": [ [ [ -84.389702419205179, 33.76516179423308 ], [ -84.388627457447399, 33.765139040535665 ], [ -84.38860021984587, 33.766036441139335 ], [ -84.389675192784864, 33.766059195603667 ], [ -84.389702419205179, 33.76516179423308 ] ] ] } },
{ "type": "Feature", "properties": { "tile_id": 801, "average_temperature": 35.4061, "min_temperature": 35.4061, "max_temperature": 35.4061, "tree_opportunity_percent": 0.0 }, "geometry": { "type": "Polygon", "coordinates": [ [ [ -84.388627457447399, 33.765139040535665 ], [ -84.387552496896532, 33.765116277489717 ], [ -84.38752524811386, 33.766013677326164 ], [ -84.38860021984587, 33.766036441139335 ], [ -84.388627457447399, 33.765139040535665 ] ] ] } },
{ "type": "Feature", "properties": { "tile_id": 802, "average_temperature": 35.4096, "min_temperature": 35.4096, "max_temperature": 35.4096, "tree_opportunity_percent": 0.0 }, "geometry": { "type": "Polygon", "coordinates": [ [ [ -84.387552496896532, 33.765116277489717 ], [ -84.38647753755312, 33.765093505095265 ], [ -84.386450277589347, 33.765990904164184 ], [ -84.38752524811386, 33.766013677326164 ], [ -84.387552496896532, 33.765116277489717 ] ] ] } },
{ "type": "Feature", "properties": { "tile_id": 803, "average_temperature": 35.412, "min_temperature": 35.412, "max_temperature": 35.412, "tree_opportunity_percent": 0.0 }, "geometry": { "type": "Polygon", "coordinates": [ [ [ -84.38647753755312, 33.765093505095265 ], [ -84.385402579417644, 33.765070723352373 ], [ -84.385375308272813, 33.765968121653408 ], [ -84.386450277589347, 33.765990904164184 ], [ -84.38647753755312, 33.765093505095265 ] ] ] } },
{ "type": "Feature", "properties": { "tile_id": 804, "average_temperature": 35.4127, "min_temperature": 35.4127, "max_temperature": 35.4127, "tree_opportunity_percent": 0.0 }, "geometry": { "type": "Polygon", "coordinates": [ [ [ -84.385402579417644, 33.765070723352373 ], [ -84.384327622490588, 33.765047932261027 ], [ -84.384300340164742, 33.765945329793908 ], [ -84.385375308272813, 33.765968121653408 ], [ -84.385402579417644, 33.765070723352373 ] ] ] } },
{ "type": "Feature", "properties": { "tile_id": 805, "average_temperature": 35.4114, "min_temperature": 35.4114, "max_temperature": 35.4114, "tree_opportunity_percent": 0.0 }, "geometry": { "type": "Polygon", "coordinates": [ [ [ -84.384327622490602, 33.765047932261027 ], [ -84.383252666772449, 33.765025131821311 ], [ -84.383225373265674, 33.765922528585698 ], [ -84.384300340164756, 33.765945329793908 ], [ -84.384327622490602, 33.765047932261027 ] ] ] } },
{ "type": "Feature", "properties": { "tile_id": 806, "average_temperature": 35.4077, "min_temperature": 35.4077, "max_temperature": 35.4077, "tree_opportunity_percent": 0.0 }, "geometry": { "type": "Polygon", "coordinates": [ [ [ -84.383252666772449, 33.765025131821311 ], [ -84.38217771226374, 33.765002322033226 ], [ -84.382150407576049, 33.765899718028827 ], [ -84.383225373265674, 33.765922528585698 ], [ -84.383252666772449, 33.765025131821311 ] ] ] } },
{ "type": "Feature", "properties": { "tile_id": 807, "average_temperature": 35.4012, "min_temperature": 35.4012, "max_temperature": 35.4012, "tree_opportunity_percent": 0.0 }, "geometry": { "type": "Polygon", "coordinates": [ [ [ -84.38217771226374, 33.765002322033226 ], [ -84.381102758964929, 33.764979502896821 ], [ -84.381075443096407, 33.765876898123302 ], [ -84.382150407576049, 33.765899718028827 ], [ -84.38217771226374, 33.765002322033226 ] ] ] } },
{ "type": "Feature", "properties": { "tile_id": 808, "average_temperature": 35.3916, "min_temperature": 35.3916, "max_temperature": 35.3916, "tree_opportunity_percent": 0.0 }, "geometry": { "type": "Polygon", "coordinates": [ [ [ -84.381102758964929, 33.764979502896821 ], [ -84.380027806876527, 33.764956674412126 ], [ -84.380000479827203, 33.765854068869189 ], [ -84.381075443096407, 33.765876898123302 ], [ -84.381102758964929, 33.764979502896821 ] ] ] } },
{ "type": "Feature", "properties": { "tile_id": 809, "average_temperature": 35.3786, "min_temperature": 35.3786, "max_temperature": 35.3786, "tree_opportunity_percent": 0.0 }, "geometry": { "type": "Polygon", "coordinates": [ [ [ -84.380027806876527, 33.764956674412126 ], [ -84.378952855999032, 33.764933836579196 ], [ -84.378925517768948, 33.7658312302665 ], [ -84.380000479827203, 33.765854068869189 ], [ -84.380027806876527, 33.764956674412126 ] ] ] } },
{ "type": "Feature", "properties": { "tile_id": 810, "average_temperature": 35.3626, "min_temperature": 35.3626, "max_temperature": 35.3626, "tree_opportunity_percent": 0.0 }, "geometry": { "type": "Polygon", "coordinates": [ [ [ -84.378952855999032, 33.764933836579196 ], [ -84.377877906332913, 33.764910989398032 ], [ -84.377850556922141, 33.765808382315285 ], [ -84.378925517768948, 33.7658312302665 ], [ -84.378952855999032, 33.764933836579196 ] ] ] } },
{ "type": "Feature", "properties": { "tile_id": 811, "average_temperature": 35.3444, "min_temperature": 35.3444, "max_temperature": 35.3444, "tree_opportunity_percent": 0.0 }, "geometry": { "type": "Polygon", "coordinates": [ [ [ -84.377877906332913, 33.764910989398032 ], [ -84.376802957878695, 33.764888132868691 ], [ -84.376775597287278, 33.765785525015573 ], [ -84.377850556922155, 33.765808382315285 ], [ -84.377877906332913, 33.764910989398032 ] ] ] } },
{ "type": "Feature", "properties": { "tile_id": 812, "average_temperature": 35.3247, "min_temperature": 35.3247, "max_temperature": 35.3247, "tree_opportunity_percent": 0.0 }, "geometry": { "type": "Polygon", "coordinates": [ [ [ -84.376802957878695, 33.764888132868691 ], [ -84.375728010636834, 33.764865266991215 ], [ -84.375700638864842, 33.765762658367414 ], [ -84.376775597287278, 33.765785525015573 ], [ -84.376802957878695, 33.764888132868691 ] ] ] } },
{ "type": "Feature", "properties": { "tile_id": 813, "average_temperature": 35.3041, "min_temperature": 35.3041, "max_temperature": 35.3041, "tree_opportunity_percent": 0.0 }, "geometry": { "type": "Polygon", "coordinates": [ [ [ -84.375728010636834, 33.764865266991215 ], [ -84.374653064607884, 33.764842391765619 ], [ -84.374625681655345, 33.765739782370815 ], [ -84.375700638864842, 33.765762658367414 ], [ -84.375728010636834, 33.764865266991215 ] ] ] } },
{ "type": "Feature", "properties": { "tile_id": 814, "average_temperature": 35.5522, "min_temperature": 35.5522, "max_temperature": 35.5522, "tree_opportunity_percent": 0.0 }, "geometry": { "type": "Polygon", "coordinates": [ [ [ -84.414399902374839, 33.766579967921274 ], [ -84.413324901811464, 33.766557428490053 ], [ -84.41329792019593, 33.76745484650332 ], [ -84.414372931942182, 33.767477386694232 ], [ -84.414399902374839, 33.766579967921274 ] ] ] } },
{ "type": "Feature", "properties": { "tile_id": 815, "average_temperature": 35.5385, "min_temperature": 35.5385, "max_temperature": 35.5385, "tree_opportunity_percent": 0.0 }, "geometry": { "type": "Polygon", "coordinates": [ [ [ -84.413324901811478, 33.766557428490053 ], [ -84.412249902443719, 33.766534879709177 ], [ -84.412222909645365, 33.767432296962454 ], [ -84.41329792019593, 33.76745484650332 ], [ -84.413324901811478, 33.766557428490053 ] ] ] } },
{ "type": "Feature", "properties": { "tile_id": 816, "average_temperature": 35.5236, "min_temperature": 35.5236, "max_temperature": 35.5236, "tree_opportunity_percent": 0.0 }, "geometry": { "type": "Polygon", "coordinates": [ [ [ -84.412249902443719, 33.766534879709177 ], [ -84.411174904272073, 33.766512321578681 ], [ -84.411147900290956, 33.767409738071649 ], [ -84.412222909645365, 33.767432296962454 ], [ -84.412249902443719, 33.766534879709177 ] ] ] } },
{ "type": "Feature", "properties": { "tile_id": 817, "average_temperature": 35.5079, "min_temperature": 35.5079, "max_temperature": 35.5079, "tree_opportunity_percent": 0.0 }, "geometry": { "type": "Polygon", "coordinates": [ [ [ -84.411174904272073, 33.766512321578681 ], [ -84.410099907297038, 33.766489754098615 ], [ -84.410072892133215, 33.76738716983094 ], [ -84.411147900290956, 33.767409738071649 ], [ -84.411174904272073, 33.766512321578681 ] ] ] } },
{ "type": "Feature", "properties": { "tile_id": 818, "average_temperature": 35.4916, "min_temperature": 35.4916, "max_temperature": 35.4916, "tree_opportunity_percent": 0.0 }, "geometry": { "type": "Polygon", "coordinates": [ [ [ -84.410099907297038, 33.766489754098615 ], [ -84.409024911519111, 33.766467177269 ], [ -84.408997885172624, 33.767364592240384 ], [ -84.410072892133215, 33.76738716983094 ], [ -84.410099907297038, 33.766489754098615 ] ] ] } },
{ "type": "Feature", "properties": { "tile_id": 819, "average_temperature": 35.4753, "min_temperature": 35.4753, "max_temperature": 35.4753, "tree_opportunity_percent": 0.0 }, "geometry": { "type": "Polygon", "coordinates": [ [ [ -84.409024911519111, 33.766467177269 ], [ -84.40794991693879, 33.766444591089879 ], [ -84.407922879409682, 33.767342005299994 ], [ -84.408997885172624, 33.767364592240384 ], [ -84.409024911519111, 33.766467177269 ] ] ] } },
{ "type": "Feature", "properties": { "tile_id": 820, "average_temperature": 35.4592, "min_temperature": 35.4592, "max_temperature": 35.4592, "tree_opportunity_percent": 0.0 }, "geometry": { "type": "Polygon", "coordinates": [ [ [ -84.40794991693879, 33.766444591089879 ], [ -84.406874923556543, 33.766421995561288 ], [ -84.406847874844885, 33.767319409009829 ], [ -84.407922879409682, 33.767342005299994 ], [ -84.40794991693879, 33.766444591089879 ] ] ] } },
{ "type": "Feature", "properties": { "tile_id": 821, "average_temperature": 35.4438, "min_temperature": 35.4438, "max_temperature": 35.4438, "tree_opportunity_percent": 0.0 }, "geometry": { "type": "Polygon", "coordinates": [ [ [ -84.406874923556543, 33.766421995561288 ], [ -84.405799931372897, 33.766399390683262 ], [ -84.405772871478717, 33.767296803369909 ], [ -84.406847874844885, 33.767319409009829 ], [ -84.406874923556543, 33.766421995561288 ] ] ] } },
{ "type": "Feature", "properties": { "tile_id": 822, "average_temperature": 35.4293, "min_temperature": 35.4293, "max_temperature": 35.4293, "tree_opportunity_percent": 0.0 }, "geometry": { "type": "Polygon", "coordinates": [ [ [ -84.405799931372897, 33.766399390683262 ], [ -84.40472494038832, 33.766376776455814 ], [ -84.40469786931169, 33.767274188380249 ], [ -84.405772871478717, 33.767296803369909 ], [ -84.405799931372897, 33.766399390683262 ] ] ] } },
{ "type": "Feature", "properties": { "tile_id": 823, "average_temperature": 35.4161, "min_temperature": 35.4161, "max_temperature": 35.4161, "tree_opportunity_percent": 0.0 }, "geometry": { "type": "Polygon", "coordinates": [ [ [ -84.40472494038832, 33.766376776455814 ], [ -84.403649950603324, 33.766354152879011 ], [ -84.403622868344286, 33.767251564040926 ], [ -84.40469786931169, 33.767274188380249 ], [ -84.40472494038832, 33.766376776455814 ] ] ] } },
{ "type": "Feature", "properties": { "tile_id": 824, "average_temperature": 35.4046, "min_temperature": 35.4046, "max_temperature": 35.4046, "tree_opportunity_percent": 0.0 }, "geometry": { "type": "Polygon", "coordinates": [ [ [ -84.403649950603324, 33.766354152879011 ], [ -84.402574962018406, 33.766331519952864 ], [ -84.402547868577003, 33.767228930351948 ], [ -84.403622868344286, 33.767251564040926 ], [ -84.403649950603324, 33.766354152879011 ] ] ] } },
{ "type": "Feature", "properties": { "tile_id": 825, "average_temperature": 35.3952, "min_temperature": 35.3952, "max_temperature": 35.3952, "tree_opportunity_percent": 0.0 }, "geometry": { "type": "Polygon", "coordinates": [ [ [ -84.402574962018406, 33.766331519952864 ], [ -84.401499974634049, 33.76630887767741 ], [ -84.401472870010338, 33.76720628731335 ], [ -84.402547868577017, 33.767228930351948 ], [ -84.402574962018406, 33.766331519952864 ] ] ] } },
{ "type": "Feature", "properties": { "tile_id": 826, "average_temperature": 35.388, "min_temperature": 35.388, "max_temperature": 35.388, "tree_opportunity_percent": 0.0 }, "geometry": { "type": "Polygon", "coordinates": [ [ [ -84.401499974634049, 33.76630887767741 ], [ -84.400424988450752, 33.766286226052699 ], [ -84.400397872644788, 33.767183634925189 ], [ -84.401472870010338, 33.76720628731335 ], [ -84.401499974634049, 33.76630887767741 ] ] ] } },
{ "type": "Feature", "properties": { "tile_id": 827, "average_temperature": 35.3828, "min_temperature": 35.3828, "max_temperature": 35.3828, "tree_opportunity_percent": 0.0 }, "geometry": { "type": "Polygon", "coordinates": [ [ [ -84.400424988450752, 33.766286226052699 ], [ -84.39935000346901, 33.766263565078766 ], [ -84.399322876480838, 33.767160973187451 ], [ -84.400397872644788, 33.767183634925189 ], [ -84.400424988450752, 33.766286226052699 ] ] ] } },
{ "type": "Feature", "properties": { "tile_id": 828, "average_temperature": 35.3794, "min_temperature": 35.3794, "max_temperature": 35.3794, "tree_opportunity_percent": 0.0 }, "geometry": { "type": "Polygon", "coordinates": [ [ [ -84.39935000346901, 33.766263565078766 ], [ -84.398275019689322, 33.766240894755626 ], [ -84.398247881518998, 33.767138302100228 ], [ -84.399322876480838, 33.767160973187451 ], [ -84.39935000346901, 33.766263565078766 ] ] ] } },
{ "type": "Feature", "properties": { "tile_id": 829, "average_temperature": 35.3777, "min_temperature": 35.3777, "max_temperature": 35.3777, "tree_opportunity_percent": 0.0 }, "geometry": { "type": "Polygon", "coordinates": [ [ [ -84.398275019689322, 33.766240894755626 ], [ -84.397200037112171, 33.766218215083327 ], [ -84.397172887759737, 33.767115621663521 ], [ -84.398247881518998, 33.767138302100228 ], [ -84.398275019689322, 33.766240894755626 ] ] ] } },
{ "type": "Feature", "properties": { "tile_id": 830, "average_temperature": 35.3775, "min_temperature": 35.3775, "max_temperature": 35.3775, "tree_opportunity_percent": 0.0 }, "geometry": { "type": "Polygon", "coordinates": [ [ [ -84.397200037112171, 33.766218215083327 ], [ -84.396125055738054, 33.766195526061907 ], [ -84.396097895203567, 33.767092931877364 ], [ -84.397172887759737, 33.767115621663521 ], [ -84.397200037112171, 33.766218215083327 ] ] ] } },
{ "type": "Feature", "properties": { "tile_id": 831, "average_temperature": 35.3785, "min_temperature": 35.3785, "max_temperature": 35.3785, "tree_opportunity_percent": 0.0 }, "geometry": { "type": "Polygon", "coordinates": [ [ [ -84.396125055738054, 33.766195526061907 ], [ -84.395050075567468, 33.766172827691392 ], [ -84.395022903850986, 33.767070232741816 ], [ -84.396097895203567, 33.767092931877364 ], [ -84.396125055738054, 33.766195526061907 ] ] ] } },
{ "type": "Feature", "properties": { "tile_id": 832, "average_temperature": 35.3808, "min_temperature": 35.3808, "max_temperature": 35.3808, "tree_opportunity_percent": 0.0 }, "geometry": { "type": "Polygon", "coordinates": [ [ [ -84.395050075567468, 33.766172827691392 ], [ -84.393975096600911, 33.766150119971819 ], [ -84.393947913702476, 33.767047524256888 ], [ -84.395022903850986, 33.767070232741816 ], [ -84.395050075567468, 33.766172827691392 ] ] ] } },
{ "type": "Feature", "properties": { "tile_id": 833, "average_temperature": 35.3839, "min_temperature": 35.3839, "max_temperature": 35.3839, "tree_opportunity_percent": 0.0 }, "geometry": { "type": "Polygon", "coordinates": [ [ [ -84.393975096600911, 33.766150119971819 ], [ -84.392900118838895, 33.766127402903223 ], [ -84.392872924758549, 33.767024806422626 ], [ -84.393947913702476, 33.767047524256888 ], [ -84.393975096600911, 33.766150119971819 ] ] ] } },
{ "type": "Feature", "properties": { "tile_id": 834, "average_temperature": 35.3878, "min_temperature": 35.3878, "max_temperature": 35.3878, "tree_opportunity_percent": 0.0 }, "geometry": { "type": "Polygon", "coordinates": [ [ [ -84.392900118838895, 33.766127402903223 ], [ -84.39182514228186, 33.766104676485647 ], [ -84.391797937019675, 33.76700207923907 ], [ -84.392872924758549, 33.767024806422626 ], [ -84.392900118838895, 33.766127402903223 ] ] ] } },
{ "type": "Feature", "properties": { "tile_id": 835, "average_temperature": 35.3923, "min_temperature": 35.3923, "max_temperature": 35.3923, "tree_opportunity_percent": 0.0 }, "geometry": { "type": "Polygon", "coordinates": [ [ [ -84.39182514228186, 33.766104676485647 ], [ -84.39075016693036, 33.766081940719111 ], [ -84.390722950486378, 33.766979342706236 ], [ -84.391797937019675, 33.76700207923907 ], [ -84.39182514228186, 33.766104676485647 ] ] ] } },
{ "type": "Feature", "properties": { "tile_id": 836, "average_temperature": 35.3972, "min_temperature": 35.3972, "max_temperature": 35.3972, "tree_opportunity_percent": 0.0 }, "geometry": { "type": "Polygon", "coordinates": [ [ [ -84.39075016693036, 33.766081940719111 ], [ -84.389675192784864, 33.766059195603667 ], [ -84.389647965159128, 33.766956596824173 ], [ -84.390722950486378, 33.766979342706236 ], [ -84.39075016693036, 33.766081940719111 ] ] ] } },
{ "type": "Feature", "properties": { "tile_id": 837, "average_temperature": 35.402, "min_temperature": 35.402, "max_temperature": 35.402, "tree_opportunity_percent": 0.0 }, "geometry": { "type": "Polygon", "coordinates": [ [ [ -84.389675192784864, 33.766059195603667 ], [ -84.38860021984587, 33.766036441139335 ], [ -84.388572981038422, 33.766933841592916 ], [ -84.389647965159128, 33.766956596824173 ], [ -84.389675192784864, 33.766059195603667 ] ] ] } },
{ "type": "Feature", "properties": { "tile_id": 838, "average_temperature": 35.4063, "min_temperature": 35.4063, "max_temperature": 35.4063, "tree_opportunity_percent": 0.0 }, "geometry": { "type": "Polygon", "coordinates": [ [ [ -84.38860021984587, 33.766036441139335 ], [ -84.38752524811386, 33.766013677326164 ], [ -84.387497998124786, 33.766911077012502 ], [ -84.388572981038436, 33.766933841592916 ], [ -84.38860021984587, 33.766036441139335 ] ] ] } },
{ "type": "Feature", "properties": { "tile_id": 839, "average_temperature": 35.4099, "min_temperature": 35.4099, "max_temperature": 35.4099, "tree_opportunity_percent": 0.0 }, "geometry": { "type": "Polygon", "coordinates": [ [ [ -84.38752524811386, 33.766013677326164 ], [ -84.386450277589347, 33.765990904164184 ], [ -84.386423016418661, 33.766888303082958 ], [ -84.387497998124786, 33.766911077012502 ], [ -84.38752524811386, 33.766013677326164 ] ] ] } },
{ "type": "Feature", "properties": { "tile_id": 840, "average_temperature": 35.4122, "min_temperature": 35.4122, "max_temperature": 35.4122, "tree_opportunity_percent": 0.0 }, "geometry": { "type": "Polygon", "coordinates": [ [ [ -84.386450277589347, 33.765990904164184 ], [ -84.385375308272813, 33.765968121653408 ], [ -84.385348035920586, 33.766865519804334 ], [ -84.386423016418675, 33.766888303082958 ], [ -84.386450277589347, 33.765990904164184 ] ] ] } },
{ "type": "Feature", "properties": { "tile_id": 841, "average_temperature": 35.4129, "min_temperature": 35.4129, "max_temperature": 35.4129, "tree_opportunity_percent": 0.0 }, "geometry": { "type": "Polygon", "coordinates": [ [ [ -84.385375308272813, 33.765968121653408 ], [ -84.384300340164742, 33.765945329793908 ], [ -84.384273056631031, 33.766842727176638 ], [ -84.385348035920586, 33.766865519804334 ], [ -84.385375308272813, 33.765968121653408 ] ] ] } },
{ "type": "Feature", "properties": { "tile_id": 842, "average_temperature": 35.4116, "min_temperature": 35.4116, "max_temperature": 35.4116, "tree_opportunity_percent": 0.0 }, "geometry": { "type": "Polygon", "coordinates": [ [ [ -84.384300340164756, 33.765945329793908 ], [ -84.383225373265674, 33.765922528585698 ], [ -84.383198078550507, 33.766819925199933 ], [ -84.384273056631031, 33.766842727176638 ], [ -84.384300340164756, 33.765945329793908 ] ] ] } },
{ "type": "Feature", "properties": { "tile_id": 843, "average_temperature": 35.4079, "min_temperature": 35.4079, "max_temperature": 35.4079, "tree_opportunity_percent": 0.0 }, "geometry": { "type": "Polygon", "coordinates": [ [ [ -84.383225373265674, 33.765922528585698 ], [ -84.382150407576049, 33.765899718028827 ], [ -84.382123101679497, 33.76679711387424 ], [ -84.383198078550507, 33.766819925199933 ], [ -84.383225373265674, 33.765922528585698 ] ] ] } },
{ "type": "Feature", "properties": { "tile_id": 844, "average_temperature": 35.4013, "min_temperature": 35.4013, "max_temperature": 35.4013, "tree_opportunity_percent": 0.0 }, "geometry": { "type": "Polygon", "coordinates": [ [ [ -84.382150407576049, 33.765899718028827 ], [ -84.381075443096407, 33.765876898123302 ], [ -84.381048126018499, 33.766774293199589 ], [ -84.382123101679497, 33.76679711387424 ], [ -84.382150407576049, 33.765899718028827 ] ] ] } },
{ "type": "Feature", "properties": { "tile_id": 845, "average_temperature": 35.3916, "min_temperature": 35.3916, "max_temperature": 35.3916, "tree_opportunity_percent": 0.0 }, "geometry": { "type": "Polygon", "coordinates": [ [ [ -84.381075443096407, 33.765876898123302 ], [ -84.380000479827203, 33.765854068869189 ], [ -84.379973151568009, 33.766751463176028 ], [ -84.381048126018499, 33.766774293199589 ], [ -84.381075443096407, 33.765876898123302 ] ] ] } },
{ "type": "Feature", "properties": { "tile_id": 846, "average_temperature": 35.3785, "min_temperature": 35.3785, "max_temperature": 35.3785, "tree_opportunity_percent": 0.0 }, "geometry": { "type": "Polygon", "coordinates": [ [ [ -84.380000479827203, 33.765854068869189 ], [ -84.378925517768948, 33.7658312302665 ], [ -84.378898178328527, 33.766728623803587 ], [ -84.379973151568009, 33.766751463176028 ], [ -84.380000479827203, 33.765854068869189 ] ] ] } },
{ "type": "Feature", "properties": { "tile_id": 847, "average_temperature": 35.3624, "min_temperature": 35.3624, "max_temperature": 35.3624, "tree_opportunity_percent": 0.0 }, "geometry": { "type": "Polygon", "coordinates": [ [ [ -84.378925517768948, 33.7658312302665 ], [ -84.377850556922141, 33.765808382315285 ], [ -84.377823206300519, 33.766705775082293 ], [ -84.378898178328527, 33.766728623803587 ], [ -84.378925517768948, 33.7658312302665 ] ] ] } },
{ "type": "Feature", "properties": { "tile_id": 848, "average_temperature": 35.3442, "min_temperature": 35.3442, "max_temperature": 35.3442, "tree_opportunity_percent": 0.0 }, "geometry": { "type": "Polygon", "coordinates": [ [ [ -84.377850556922155, 33.765808382315285 ], [ -84.376775597287278, 33.765785525015573 ], [ -84.376748235484527, 33.766682917012197 ], [ -84.377823206300519, 33.766705775082293 ], [ -84.377850556922155, 33.765808382315285 ] ] ] } },
{ "type": "Feature", "properties": { "tile_id": 849, "average_temperature": 35.3244, "min_temperature": 35.3244, "max_temperature": 35.3244, "tree_opportunity_percent": 0.0 }, "geometry": { "type": "Polygon", "coordinates": [ [ [ -84.376775597287278, 33.765785525015573 ], [ -84.375700638864842, 33.765762658367414 ], [ -84.375673265880991, 33.766660049593327 ], [ -84.376748235484527, 33.766682917012197 ], [ -84.376775597287278, 33.765785525015573 ] ] ] } },
{ "type": "Feature", "properties": { "tile_id": 850, "average_temperature": 35.3037, "min_temperature": 35.3037, "max_temperature": 35.3037, "tree_opportunity_percent": 0.0 }, "geometry": { "type": "Polygon", "coordinates": [ [ [ -84.375700638864842, 33.765762658367414 ], [ -84.374625681655345, 33.765739782370815 ], [ -84.374598297490451, 33.766637172825718 ], [ -84.375673265880991, 33.766660049593327 ], [ -84.375700638864842, 33.765762658367414 ] ] ] } },
{ "type": "Feature", "properties": { "tile_id": 851, "average_temperature": 35.5505, "min_temperature": 35.5505, "max_temperature": 35.5505, "tree_opportunity_percent": 0.0 }, "geometry": { "type": "Polygon", "coordinates": [ [ [ -84.414372931942182, 33.767477386694232 ], [ -84.41329792019593, 33.76745484650332 ], [ -84.413270937385789, 33.768352264366868 ], [ -84.414345960315387, 33.768374805317492 ], [ -84.414372931942182, 33.767477386694232 ] ] ] } },
{ "type": "Feature", "properties": { "tile_id": 852, "average_temperature": 35.5368, "min_temperature": 35.5368, "max_temperature": 35.5368, "tree_opportunity_percent": 0.0 }, "geometry": { "type": "Polygon", "coordinates": [ [ [ -84.41329792019593, 33.76745484650332 ], [ -84.412222909645365, 33.767432296962454 ], [ -84.412195915651921, 33.768329714065977 ], [ -84.413270937385789, 33.768352264366868 ], [ -84.41329792019593, 33.76745484650332 ] ] ] } },
{ "type": "Feature", "properties": { "tile_id": 853, "average_temperature": 35.5219, "min_temperature": 35.5219, "max_temperature": 35.5219, "tree_opportunity_percent": 0.0 }, "geometry": { "type": "Polygon", "coordinates": [ [ [ -84.412222909645365, 33.767432296962454 ], [ -84.411147900290956, 33.767409738071649 ], [ -84.411120895114266, 33.768307154414835 ], [ -84.412195915651921, 33.768329714065977 ], [ -84.412222909645365, 33.767432296962454 ] ] ] } },
{ "type": "Feature", "properties": { "tile_id": 854, "average_temperature": 35.5062, "min_temperature": 35.5062, "max_temperature": 35.5062, "tree_opportunity_percent": 0.0 }, "geometry": { "type": "Polygon", "coordinates": [ [ [ -84.411147900290956, 33.767409738071649 ], [ -84.410072892133215, 33.76738716983094 ], [ -84.410045875773307, 33.76828458541349 ], [ -84.411120895114266, 33.768307154414835 ], [ -84.411147900290956, 33.767409738071649 ] ] ] } },
{ "type": "Feature", "properties": { "tile_id": 855, "average_temperature": 35.4901, "min_temperature": 35.4901, "max_temperature": 35.4901, "tree_opportunity_percent": 0.0 }, "geometry": { "type": "Polygon", "coordinates": [ [ [ -84.410072892133215, 33.76738716983094 ], [ -84.408997885172624, 33.767364592240384 ], [ -84.408970857629569, 33.768262007061963 ], [ -84.410045875773307, 33.76828458541349 ], [ -84.410072892133215, 33.76738716983094 ] ] ] } },
{ "type": "Feature", "properties": { "tile_id": 856, "average_temperature": 35.4738, "min_temperature": 35.4738, "max_temperature": 35.4738, "tree_opportunity_percent": 0.0 }, "geometry": { "type": "Polygon", "coordinates": [ [ [ -84.408997885172624, 33.767364592240384 ], [ -84.407922879409682, 33.767342005299994 ], [ -84.407895840683508, 33.768239419360306 ], [ -84.408970857629569, 33.768262007061963 ], [ -84.408997885172624, 33.767364592240384 ] ] ] } },
{ "type": "Feature", "properties": { "tile_id": 857, "average_temperature": 35.4578, "min_temperature": 35.4578, "max_temperature": 35.4578, "tree_opportunity_percent": 0.0 }, "geometry": { "type": "Polygon", "coordinates": [ [ [ -84.407922879409682, 33.767342005299994 ], [ -84.406847874844885, 33.767319409009829 ], [ -84.406820824935664, 33.768216822308545 ], [ -84.407895840683508, 33.768239419360306 ], [ -84.407922879409682, 33.767342005299994 ] ] ] } },
{ "type": "Feature", "properties": { "tile_id": 858, "average_temperature": 35.4425, "min_temperature": 35.4425, "max_temperature": 35.4425, "tree_opportunity_percent": 0.0 }, "geometry": { "type": "Polygon", "coordinates": [ [ [ -84.406847874844885, 33.767319409009829 ], [ -84.405772871478717, 33.767296803369909 ], [ -84.405745810386492, 33.768194215906711 ], [ -84.406820824935664, 33.768216822308545 ], [ -84.406847874844885, 33.767319409009829 ] ] ] } },
{ "type": "Feature", "properties": { "tile_id": 859, "average_temperature": 35.4281, "min_temperature": 35.4281, "max_temperature": 35.4281, "tree_opportunity_percent": 0.0 }, "geometry": { "type": "Polygon", "coordinates": [ [ [ -84.405772871478717, 33.767296803369909 ], [ -84.40469786931169, 33.767274188380249 ], [ -84.404670797036502, 33.768171600154851 ], [ -84.405745810386492, 33.768194215906711 ], [ -84.405772871478717, 33.767296803369909 ] ] ] } },
{ "type": "Feature", "properties": { "tile_id": 860, "average_temperature": 35.4151, "min_temperature": 35.4151, "max_temperature": 35.4151, "tree_opportunity_percent": 0.0 }, "geometry": { "type": "Polygon", "coordinates": [ [ [ -84.40469786931169, 33.767274188380249 ], [ -84.403622868344286, 33.767251564040926 ], [ -84.403595784886193, 33.768148975052981 ], [ -84.404670797036502, 33.768171600154851 ], [ -84.40469786931169, 33.767274188380249 ] ] ] } },
{ "type": "Feature", "properties": { "tile_id": 861, "average_temperature": 35.4038, "min_temperature": 35.4038, "max_temperature": 35.4038, "tree_opportunity_percent": 0.0 }, "geometry": { "type": "Polygon", "coordinates": [ [ [ -84.403622868344286, 33.767251564040926 ], [ -84.402547868577003, 33.767228930351948 ], [ -84.402520773936075, 33.768126340601142 ], [ -84.403595784886193, 33.768148975052981 ], [ -84.403622868344286, 33.767251564040926 ] ] ] } },
{ "type": "Feature", "properties": { "tile_id": 862, "average_temperature": 35.3945, "min_temperature": 35.3945, "max_temperature": 35.3945, "tree_opportunity_percent": 0.0 }, "geometry": { "type": "Polygon", "coordinates": [ [ [ -84.402547868577017, 33.767228930351948 ], [ -84.401472870010338, 33.76720628731335 ], [ -84.401445764186604, 33.768103696799386 ], [ -84.402520773936075, 33.768126340601142 ], [ -84.402547868577017, 33.767228930351948 ] ] ] } },
{ "type": "Feature", "properties": { "tile_id": 863, "average_temperature": 35.3875, "min_temperature": 35.3875, "max_temperature": 35.3875, "tree_opportunity_percent": 0.0 }, "geometry": { "type": "Polygon", "coordinates": [ [ [ -84.401472870010338, 33.76720628731335 ], [ -84.400397872644788, 33.767183634925189 ], [ -84.400370755638292, 33.768081043647733 ], [ -84.401445764186604, 33.768103696799386 ], [ -84.401472870010338, 33.76720628731335 ] ] ] } },
{ "type": "Feature", "properties": { "tile_id": 864, "average_temperature": 35.3824, "min_temperature": 35.3824, "max_temperature": 35.3824, "tree_opportunity_percent": 0.0 }, "geometry": { "type": "Polygon", "coordinates": [ [ [ -84.400397872644788, 33.767183634925189 ], [ -84.399322876480838, 33.767160973187451 ], [ -84.399295748291649, 33.768058381146211 ], [ -84.400370755638292, 33.768081043647733 ], [ -84.400397872644788, 33.767183634925189 ] ] ] } },
{ "type": "Feature", "properties": { "tile_id": 865, "average_temperature": 35.3792, "min_temperature": 35.3792, "max_temperature": 35.3792, "tree_opportunity_percent": 0.0 }, "geometry": { "type": "Polygon", "coordinates": [ [ [ -84.399322876480838, 33.767160973187451 ], [ -84.398247881518998, 33.767138302100228 ], [ -84.398220742147146, 33.768035709294871 ], [ -84.399295748291649, 33.768058381146211 ], [ -84.399322876480838, 33.767160973187451 ] ] ] } },
{ "type": "Feature", "properties": { "tile_id": 866, "average_temperature": 35.3776, "min_temperature": 35.3776, "max_temperature": 35.3776, "tree_opportunity_percent": 0.0 }, "geometry": { "type": "Polygon", "coordinates": [ [ [ -84.398247881518998, 33.767138302100228 ], [ -84.397172887759737, 33.767115621663521 ], [ -84.397145737205292, 33.768013028093741 ], [ -84.398220742147146, 33.768035709294871 ], [ -84.398247881518998, 33.767138302100228 ] ] ] } },
{ "type": "Feature", "properties": { "tile_id": 867, "average_temperature": 35.3774, "min_temperature": 35.3774, "max_temperature": 35.3774, "tree_opportunity_percent": 0.0 }, "geometry": { "type": "Polygon", "coordinates": [ [ [ -84.397172887759737, 33.767115621663521 ], [ -84.396097895203567, 33.767092931877364 ], [ -84.396070733466587, 33.767990337542855 ], [ -84.397145737205307, 33.768013028093741 ], [ -84.397172887759737, 33.767115621663521 ] ] ] } },
{ "type": "Feature", "properties": { "tile_id": 868, "average_temperature": 35.3786, "min_temperature": 35.3786, "max_temperature": 35.3786, "tree_opportunity_percent": 0.0 }, "geometry": { "type": "Polygon", "coordinates": [ [ [ -84.396097895203567, 33.767092931877364 ], [ -84.395022903850986, 33.767070232741816 ], [ -84.394995730931498, 33.767967637642244 ], [ -84.396070733466587, 33.767990337542855 ], [ -84.396097895203567, 33.767092931877364 ] ] ] } },
{ "type": "Feature", "properties": { "tile_id": 869, "average_temperature": 35.3809, "min_temperature": 35.3809, "max_temperature": 35.3809, "tree_opportunity_percent": 0.0 }, "geometry": { "type": "Polygon", "coordinates": [ [ [ -84.395022903850986, 33.767070232741816 ], [ -84.393947913702476, 33.767047524256888 ], [ -84.393920729600538, 33.767944928391948 ], [ -84.394995730931498, 33.767967637642244 ], [ -84.395022903850986, 33.767070232741816 ] ] ] } },
{ "type": "Feature", "properties": { "tile_id": 870, "average_temperature": 35.3841, "min_temperature": 35.3841, "max_temperature": 35.3841, "tree_opportunity_percent": 0.0 }, "geometry": { "type": "Polygon", "coordinates": [ [ [ -84.393947913702476, 33.767047524256888 ], [ -84.392872924758549, 33.767024806422626 ], [ -84.392845729474217, 33.767922209792012 ], [ -84.393920729600538, 33.767944928391948 ], [ -84.393947913702476, 33.767047524256888 ] ] ] } },
{ "type": "Feature", "properties": { "tile_id": 871, "average_temperature": 35.388, "min_temperature": 35.388, "max_temperature": 35.388, "tree_opportunity_percent": 0.0 }, "geometry": { "type": "Polygon", "coordinates": [ [ [ -84.392872924758549, 33.767024806422626 ], [ -84.391797937019675, 33.76700207923907 ], [ -84.391770730552992, 33.767899481842441 ], [ -84.392845729474217, 33.767922209792012 ], [ -84.392872924758549, 33.767024806422626 ] ] ] } },
{ "type": "Feature", "properties": { "tile_id": 872, "average_temperature": 35.3925, "min_temperature": 35.3925, "max_temperature": 35.3925, "tree_opportunity_percent": 0.0 }, "geometry": { "type": "Polygon", "coordinates": [ [ [ -84.391797937019675, 33.76700207923907 ], [ -84.390722950486378, 33.766979342706236 ], [ -84.390695732837415, 33.767876744543308 ], [ -84.391770730553006, 33.767899481842441 ], [ -84.391797937019675, 33.76700207923907 ] ] ] } },
{ "type": "Feature", "properties": { "tile_id": 873, "average_temperature": 35.3973, "min_temperature": 35.3973, "max_temperature": 35.3973, "tree_opportunity_percent": 0.0 }, "geometry": { "type": "Polygon", "coordinates": [ [ [ -84.390722950486378, 33.766979342706236 ], [ -84.389647965159128, 33.766956596824173 ], [ -84.389620736327913, 33.767853997894612 ], [ -84.390695732837415, 33.767876744543308 ], [ -84.390722950486378, 33.766979342706236 ] ] ] } },
{ "type": "Feature", "properties": { "tile_id": 874, "average_temperature": 35.4021, "min_temperature": 35.4021, "max_temperature": 35.4021, "tree_opportunity_percent": 0.0 }, "geometry": { "type": "Polygon", "coordinates": [ [ [ -84.389647965159128, 33.766956596824173 ], [ -84.388572981038422, 33.766933841592916 ], [ -84.388545741025027, 33.767831241896431 ], [ -84.389620736327913, 33.767853997894612 ], [ -84.389647965159128, 33.766956596824173 ] ] ] } },
{ "type": "Feature", "properties": { "tile_id": 875, "average_temperature": 35.4065, "min_temperature": 35.4065, "max_temperature": 35.4065, "tree_opportunity_percent": 0.0 }, "geometry": { "type": "Polygon", "coordinates": [ [ [ -84.388572981038436, 33.766933841592916 ], [ -84.387497998124786, 33.766911077012502 ], [ -84.387470746929225, 33.767808476548744 ], [ -84.388545741025027, 33.767831241896431 ], [ -84.388572981038436, 33.766933841592916 ] ] ] } },
{ "type": "Feature", "properties": { "tile_id": 876, "average_temperature": 35.41, "min_temperature": 35.41, "max_temperature": 35.41, "tree_opportunity_percent": 0.0 }, "geometry": { "type": "Polygon", "coordinates": [ [ [ -84.387497998124786, 33.766911077012502 ], [ -84.386423016418661, 33.766888303082958 ], [ -84.386395754041018, 33.767785701851629 ], [ -84.387470746929225, 33.767808476548744 ], [ -84.387497998124786, 33.766911077012502 ] ] ] } },
{ "type": "Feature", "properties": { "tile_id": 877, "average_temperature": 35.4122, "min_temperature": 35.4122, "max_temperature": 35.4122, "tree_opportunity_percent": 0.0 }, "geometry": { "type": "Polygon", "coordinates": [ [ [ -84.386423016418675, 33.766888303082958 ], [ -84.385348035920586, 33.766865519804334 ], [ -84.385320762360905, 33.767762917805115 ], [ -84.386395754041018, 33.767785701851629 ], [ -84.386423016418675, 33.766888303082958 ] ] ] } },
{ "type": "Feature", "properties": { "tile_id": 878, "average_temperature": 35.4129, "min_temperature": 35.4129, "max_temperature": 35.4129, "tree_opportunity_percent": 0.0 }, "geometry": { "type": "Polygon", "coordinates": [ [ [ -84.385348035920586, 33.766865519804334 ], [ -84.384273056631031, 33.766842727176638 ], [ -84.384245771889354, 33.767740124409222 ], [ -84.385320762360905, 33.767762917805115 ], [ -84.385348035920586, 33.766865519804334 ] ] ] } },
{ "type": "Feature", "properties": { "tile_id": 879, "average_temperature": 35.4115, "min_temperature": 35.4115, "max_temperature": 35.4115, "tree_opportunity_percent": 0.0 }, "geometry": { "type": "Polygon", "coordinates": [ [ [ -84.384273056631031, 33.766842727176638 ], [ -84.383198078550507, 33.766819925199933 ], [ -84.383170782626905, 33.767717321663987 ], [ -84.384245771889354, 33.767740124409222 ], [ -84.384273056631031, 33.766842727176638 ] ] ] } },
{ "type": "Feature", "properties": { "tile_id": 880, "average_temperature": 35.4077, "min_temperature": 35.4077, "max_temperature": 35.4077, "tree_opportunity_percent": 0.0 }, "geometry": { "type": "Polygon", "coordinates": [ [ [ -84.383198078550507, 33.766819925199933 ], [ -84.382123101679497, 33.76679711387424 ], [ -84.382095794573999, 33.767694509569473 ], [ -84.383170782626905, 33.767717321663987 ], [ -84.383198078550507, 33.766819925199933 ] ] ] } },
{ "type": "Feature", "properties": { "tile_id": 881, "average_temperature": 35.4012, "min_temperature": 35.4012, "max_temperature": 35.4012, "tree_opportunity_percent": 0.0 }, "geometry": { "type": "Polygon", "coordinates": [ [ [ -84.382123101679497, 33.76679711387424 ], [ -84.381048126018499, 33.766774293199589 ], [ -84.381020807731161, 33.767671688125674 ], [ -84.382095794573999, 33.767694509569473 ], [ -84.382123101679497, 33.76679711387424 ] ] ] } },
{ "type": "Feature", "properties": { "tile_id": 882, "average_temperature": 35.3914, "min_temperature": 35.3914, "max_temperature": 35.3914, "tree_opportunity_percent": 0.0 }, "geometry": { "type": "Polygon", "coordinates": [ [ [ -84.381048126018499, 33.766774293199589 ], [ -84.379973151568009, 33.766751463176028 ], [ -84.37994582209889, 33.767648857332659 ], [ -84.381020807731161, 33.767671688125674 ], [ -84.381048126018499, 33.766774293199589 ] ] ] } },
{ "type": "Feature", "properties": { "tile_id": 883, "average_temperature": 35.3782, "min_temperature": 35.3782, "max_temperature": 35.3782, "tree_opportunity_percent": 0.0 }, "geometry": { "type": "Polygon", "coordinates": [ [ [ -84.379973151568009, 33.766751463176028 ], [ -84.378898178328527, 33.766728623803587 ], [ -84.378870837677667, 33.767626017190445 ], [ -84.37994582209889, 33.767648857332659 ], [ -84.379973151568009, 33.766751463176028 ] ] ] } },
{ "type": "Feature", "properties": { "tile_id": 884, "average_temperature": 35.3621, "min_temperature": 35.3621, "max_temperature": 35.3621, "tree_opportunity_percent": 0.0 }, "geometry": { "type": "Polygon", "coordinates": [ [ [ -84.378898178328527, 33.766728623803587 ], [ -84.377823206300519, 33.766705775082293 ], [ -84.37779585446799, 33.767603167699065 ], [ -84.378870837677681, 33.767626017190445 ], [ -84.378898178328527, 33.766728623803587 ] ] ] } },
{ "type": "Feature", "properties": { "tile_id": 885, "average_temperature": 35.3437, "min_temperature": 35.3437, "max_temperature": 35.3437, "tree_opportunity_percent": 0.0 }, "geometry": { "type": "Polygon", "coordinates": [ [ [ -84.377823206300519, 33.766705775082293 ], [ -84.376748235484527, 33.766682917012197 ], [ -84.376720872470358, 33.767580308858562 ], [ -84.37779585446799, 33.767603167699065 ], [ -84.377823206300519, 33.766705775082293 ] ] ] } },
{ "type": "Feature", "properties": { "tile_id": 886, "average_temperature": 35.3239, "min_temperature": 35.3239, "max_temperature": 35.3239, "tree_opportunity_percent": 0.0 }, "geometry": { "type": "Polygon", "coordinates": [ [ [ -84.376748235484527, 33.766682917012197 ], [ -84.375673265880991, 33.766660049593327 ], [ -84.375645891685252, 33.767557440668966 ], [ -84.376720872470358, 33.767580308858562 ], [ -84.376748235484527, 33.766682917012197 ] ] ] } },
{ "type": "Feature", "properties": { "tile_id": 887, "average_temperature": 35.3032, "min_temperature": 35.3032, "max_temperature": 35.3032, "tree_opportunity_percent": 0.0 }, "geometry": { "type": "Polygon", "coordinates": [ [ [ -84.375673265880991, 33.766660049593327 ], [ -84.374598297490451, 33.766637172825718 ], [ -84.374570912113185, 33.767534563130326 ], [ -84.375645891685252, 33.767557440668966 ], [ -84.375673265880991, 33.766660049593327 ] ] ] } },
{ "type": "Feature", "properties": { "tile_id": 888, "average_temperature": 35.5469, "min_temperature": 35.5469, "max_temperature": 35.5469, "tree_opportunity_percent": 0.0 }, "geometry": { "type": "Polygon", "coordinates": [ [ [ -84.414345960315387, 33.768374805317485 ], [ -84.413270937385789, 33.768352264366861 ], [ -84.413243953380999, 33.769249682080655 ], [ -84.414318987494454, 33.769272223790999 ], [ -84.414345960315387, 33.768374805317485 ] ] ] } },
{ "type": "Feature", "properties": { "tile_id": 889, "average_temperature": 35.533, "min_temperature": 35.533, "max_temperature": 35.533, "tree_opportunity_percent": 0.0 }, "geometry": { "type": "Polygon", "coordinates": [ [ [ -84.413270937385789, 33.768352264366861 ], [ -84.412195915651921, 33.76832971406597 ], [ -84.41216892046333, 33.769227131019733 ], [ -84.413243953380999, 33.769249682080655 ], [ -84.413270937385789, 33.768352264366861 ] ] ] } },
{ "type": "Feature", "properties": { "tile_id": 890, "average_temperature": 35.5179, "min_temperature": 35.5179, "max_temperature": 35.5179, "tree_opportunity_percent": 0.0 }, "geometry": { "type": "Polygon", "coordinates": [ [ [ -84.412195915651921, 33.76832971406597 ], [ -84.411120895114266, 33.768307154414828 ], [ -84.411093888741917, 33.769204570608245 ], [ -84.41216892046333, 33.769227131019733 ], [ -84.412195915651921, 33.76832971406597 ] ] ] } },
{ "type": "Feature", "properties": { "tile_id": 891, "average_temperature": 35.502, "min_temperature": 35.502, "max_temperature": 35.502, "tree_opportunity_percent": 0.0 }, "geometry": { "type": "Polygon", "coordinates": [ [ [ -84.411120895114266, 33.768307154414828 ], [ -84.410045875773307, 33.768284585413483 ], [ -84.410018858217256, 33.769182000846236 ], [ -84.411093888741917, 33.769204570608245 ], [ -84.411120895114266, 33.768307154414828 ] ] ] } },
{ "type": "Feature", "properties": { "tile_id": 892, "average_temperature": 35.4857, "min_temperature": 35.4857, "max_temperature": 35.4857, "tree_opportunity_percent": 0.0 }, "geometry": { "type": "Polygon", "coordinates": [ [ [ -84.410045875773307, 33.768284585413483 ], [ -84.408970857629569, 33.768262007061963 ], [ -84.408943828889861, 33.769159421733733 ], [ -84.410018858217256, 33.769182000846236 ], [ -84.410045875773307, 33.768284585413483 ] ] ] } },
{ "type": "Feature", "properties": { "tile_id": 893, "average_temperature": 35.4693, "min_temperature": 35.4693, "max_temperature": 35.4693, "tree_opportunity_percent": 0.0 }, "geometry": { "type": "Polygon", "coordinates": [ [ [ -84.408970857629569, 33.768262007061963 ], [ -84.407895840683508, 33.768239419360306 ], [ -84.407868800760227, 33.769136833270785 ], [ -84.408943828889861, 33.769159421733733 ], [ -84.408970857629569, 33.768262007061963 ] ] ] } },
{ "type": "Feature", "properties": { "tile_id": 894, "average_temperature": 35.4533, "min_temperature": 35.4533, "max_temperature": 35.4533, "tree_opportunity_percent": 0.0 }, "geometry": { "type": "Polygon", "coordinates": [ [ [ -84.407895840683508, 33.768239419360306 ], [ -84.406820824935664, 33.768216822308538 ], [ -84.406793773828824, 33.769114235457408 ], [ -84.407868800760227, 33.769136833270785 ], [ -84.407895840683508, 33.768239419360306 ] ] ] } },
{ "type": "Feature", "properties": { "tile_id": 895, "average_temperature": 35.438, "min_temperature": 35.438, "max_temperature": 35.438, "tree_opportunity_percent": 0.0 }, "geometry": { "type": "Polygon", "coordinates": [ [ [ -84.406820824935664, 33.768216822308538 ], [ -84.405745810386492, 33.768194215906703 ], [ -84.405718748096149, 33.769091628293658 ], [ -84.406793773828824, 33.769114235457408 ], [ -84.406820824935664, 33.768216822308538 ] ] ] } },
{ "type": "Feature", "properties": { "tile_id": 896, "average_temperature": 35.4237, "min_temperature": 35.4237, "max_temperature": 35.4237, "tree_opportunity_percent": 0.0 }, "geometry": { "type": "Polygon", "coordinates": [ [ [ -84.405745810386492, 33.768194215906703 ], [ -84.404670797036502, 33.768171600154844 ], [ -84.404643723562728, 33.76906901177955 ], [ -84.405718748096149, 33.769091628293658 ], [ -84.405745810386492, 33.768194215906703 ] ] ] } },
{ "type": "Feature", "properties": { "tile_id": 897, "average_temperature": 35.4109, "min_temperature": 35.4109, "max_temperature": 35.4109, "tree_opportunity_percent": 0.0 }, "geometry": { "type": "Polygon", "coordinates": [ [ [ -84.404670797036502, 33.768171600154844 ], [ -84.403595784886193, 33.768148975052981 ], [ -84.403568700229016, 33.769046385915132 ], [ -84.404643723562728, 33.76906901177955 ], [ -84.404670797036502, 33.768171600154844 ] ] ] } },
{ "type": "Feature", "properties": { "tile_id": 898, "average_temperature": 35.3998, "min_temperature": 35.3998, "max_temperature": 35.3998, "tree_opportunity_percent": 0.0 }, "geometry": { "type": "Polygon", "coordinates": [ [ [ -84.403595784886193, 33.768148975052981 ], [ -84.402520773936075, 33.768126340601135 ], [ -84.402493678095539, 33.769023750700434 ], [ -84.403568700229016, 33.769046385915132 ], [ -84.403595784886193, 33.768148975052981 ] ] ] } },
{ "type": "Feature", "properties": { "tile_id": 899, "average_temperature": 35.3908, "min_temperature": 35.3908, "max_temperature": 35.3908, "tree_opportunity_percent": 0.0 }, "geometry": { "type": "Polygon", "coordinates": [ [ [ -84.402520773936075, 33.768126340601135 ], [ -84.401445764186604, 33.768103696799386 ], [ -84.401418657162779, 33.769001106135498 ], [ -84.402493678095539, 33.769023750700434 ], [ -84.402520773936075, 33.768126340601135 ] ] ] } },
{ "type": "Feature", "properties": { "tile_id": 900, "average_temperature": 35.3841, "min_temperature": 35.3841, "max_temperature": 35.3841, "tree_opportunity_percent": 0.0 }, "geometry": { "type": "Polygon", "coordinates": [ [ [ -84.401445764186604, 33.768103696799386 ], [ -84.400370755638292, 33.768081043647719 ], [ -84.40034363743122, 33.768978452220345 ], [ -84.401418657162779, 33.769001106135498 ], [ -84.401445764186604, 33.768103696799386 ] ] ] } },
{ "type": "Feature", "properties": { "tile_id": 901, "average_temperature": 35.3795, "min_temperature": 35.3795, "max_temperature": 35.3795, "tree_opportunity_percent": 0.0 }, "geometry": { "type": "Polygon", "coordinates": [ [ [ -84.400370755638292, 33.768081043647719 ], [ -84.399295748291649, 33.768058381146211 ], [ -84.399268618901374, 33.768955788955012 ], [ -84.40034363743122, 33.768978452220345 ], [ -84.400370755638292, 33.768081043647719 ] ] ] } },
{ "type": "Feature", "properties": { "tile_id": 902, "average_temperature": 35.3767, "min_temperature": 35.3767, "max_temperature": 35.3767, "tree_opportunity_percent": 0.0 }, "geometry": { "type": "Polygon", "coordinates": [ [ [ -84.399295748291649, 33.768058381146211 ], [ -84.398220742147146, 33.768035709294864 ], [ -84.398193601573738, 33.768933116339547 ], [ -84.399268618901374, 33.768955788955012 ], [ -84.399295748291649, 33.768058381146211 ] ] ] } },
{ "type": "Feature", "properties": { "tile_id": 903, "average_temperature": 35.3755, "min_temperature": 35.3755, "max_temperature": 35.3755, "tree_opportunity_percent": 0.0 }, "geometry": { "type": "Polygon", "coordinates": [ [ [ -84.398220742147146, 33.768035709294864 ], [ -84.397145737205292, 33.768013028093733 ], [ -84.397118585448794, 33.768910434373971 ], [ -84.398193601573738, 33.768933116339547 ], [ -84.398220742147146, 33.768035709294864 ] ] ] } },
{ "type": "Feature", "properties": { "tile_id": 904, "average_temperature": 35.3758, "min_temperature": 35.3758, "max_temperature": 35.3758, "tree_opportunity_percent": 0.0 }, "geometry": { "type": "Polygon", "coordinates": [ [ [ -84.397145737205307, 33.768013028093733 ], [ -84.396070733466587, 33.767990337542841 ], [ -84.396043570527027, 33.768887743058329 ], [ -84.397118585448794, 33.768910434373971 ], [ -84.397145737205307, 33.768013028093733 ] ] ] } },
{ "type": "Feature", "properties": { "tile_id": 905, "average_temperature": 35.3773, "min_temperature": 35.3773, "max_temperature": 35.3773, "tree_opportunity_percent": 0.0 }, "geometry": { "type": "Polygon", "coordinates": [ [ [ -84.396070733466587, 33.767990337542841 ], [ -84.394995730931498, 33.767967637642244 ], [ -84.394968556808948, 33.768865042392648 ], [ -84.396043570527027, 33.768887743058329 ], [ -84.396070733466587, 33.767990337542841 ] ] ] } },
{ "type": "Feature", "properties": { "tile_id": 906, "average_temperature": 35.3799, "min_temperature": 35.3799, "max_temperature": 35.3799, "tree_opportunity_percent": 0.0 }, "geometry": { "type": "Polygon", "coordinates": [ [ [ -84.394995730931498, 33.767967637642244 ], [ -84.393920729600538, 33.767944928391941 ], [ -84.393893544295054, 33.768842332376977 ], [ -84.394968556808962, 33.768865042392648 ], [ -84.394995730931498, 33.767967637642244 ] ] ] } },
{ "type": "Feature", "properties": { "tile_id": 907, "average_temperature": 35.3834, "min_temperature": 35.3834, "max_temperature": 35.3834, "tree_opportunity_percent": 0.0 }, "geometry": { "type": "Polygon", "coordinates": [ [ [ -84.393920729600538, 33.767944928391941 ], [ -84.392845729474217, 33.767922209792005 ], [ -84.392818532985842, 33.768819613011338 ], [ -84.393893544295054, 33.768842332376977 ], [ -84.393920729600538, 33.767944928391941 ] ] ] } },
{ "type": "Feature", "properties": { "tile_id": 908, "average_temperature": 35.3876, "min_temperature": 35.3876, "max_temperature": 35.3876, "tree_opportunity_percent": 0.0 }, "geometry": { "type": "Polygon", "coordinates": [ [ [ -84.392845729474217, 33.767922209792005 ], [ -84.391770730552992, 33.767899481842434 ], [ -84.391743522881796, 33.768796884295753 ], [ -84.392818532985842, 33.768819613011338 ], [ -84.392845729474217, 33.767922209792005 ] ] ] } },
{ "type": "Feature", "properties": { "tile_id": 909, "average_temperature": 35.3923, "min_temperature": 35.3923, "max_temperature": 35.3923, "tree_opportunity_percent": 0.0 }, "geometry": { "type": "Polygon", "coordinates": [ [ [ -84.391770730553006, 33.767899481842434 ], [ -84.390695732837415, 33.767876744543301 ], [ -84.3906685139834, 33.768774146230285 ], [ -84.391743522881796, 33.768796884295753 ], [ -84.391770730553006, 33.767899481842434 ] ] ] } },
{ "type": "Feature", "properties": { "tile_id": 910, "average_temperature": 35.3972, "min_temperature": 35.3972, "max_temperature": 35.3972, "tree_opportunity_percent": 0.0 }, "geometry": { "type": "Polygon", "coordinates": [ [ [ -84.390695732837415, 33.767876744543301 ], [ -84.389620736327913, 33.767853997894612 ], [ -84.389593506291178, 33.768751398814956 ], [ -84.3906685139834, 33.768774146230285 ], [ -84.390695732837415, 33.767876744543301 ] ] ] } },
{ "type": "Feature", "properties": { "tile_id": 911, "average_temperature": 35.402, "min_temperature": 35.402, "max_temperature": 35.402, "tree_opportunity_percent": 0.0 }, "geometry": { "type": "Polygon", "coordinates": [ [ [ -84.389620736327913, 33.767853997894612 ], [ -84.388545741025027, 33.767831241896424 ], [ -84.388518499805585, 33.768728642049794 ], [ -84.389593506291178, 33.768751398814956 ], [ -84.389620736327913, 33.767853997894612 ] ] ] } },
{ "type": "Feature", "properties": { "tile_id": 912, "average_temperature": 35.4064, "min_temperature": 35.4064, "max_temperature": 35.4064, "tree_opportunity_percent": 0.0 }, "geometry": { "type": "Polygon", "coordinates": [ [ [ -84.388545741025027, 33.767831241896424 ], [ -84.387470746929225, 33.767808476548737 ], [ -84.387443494527162, 33.768705875934856 ], [ -84.388518499805599, 33.768728642049794 ], [ -84.388545741025027, 33.767831241896424 ] ] ] } },
{ "type": "Feature", "properties": { "tile_id": 913, "average_temperature": 35.4099, "min_temperature": 35.4099, "max_temperature": 35.4099, "tree_opportunity_percent": 0.0 }, "geometry": { "type": "Polygon", "coordinates": [ [ [ -84.387470746929225, 33.767808476548737 ], [ -84.386395754041018, 33.767785701851629 ], [ -84.386368490456377, 33.768683100470156 ], [ -84.387443494527162, 33.768705875934856 ], [ -84.387470746929225, 33.767808476548737 ] ] ] } },
{ "type": "Feature", "properties": { "tile_id": 914, "average_temperature": 35.4121, "min_temperature": 35.4121, "max_temperature": 35.4121, "tree_opportunity_percent": 0.0 }, "geometry": { "type": "Polygon", "coordinates": [ [ [ -84.386395754041018, 33.767785701851629 ], [ -84.385320762360905, 33.767762917805108 ], [ -84.385293487593714, 33.768660315655723 ], [ -84.386368490456377, 33.768683100470156 ], [ -84.386395754041018, 33.767785701851629 ] ] ] } },
{ "type": "Feature", "properties": { "tile_id": 915, "average_temperature": 35.4126, "min_temperature": 35.4126, "max_temperature": 35.4126, "tree_opportunity_percent": 0.0 }, "geometry": { "type": "Polygon", "coordinates": [ [ [ -84.385320762360905, 33.767762917805108 ], [ -84.384245771889354, 33.767740124409215 ], [ -84.384218485939698, 33.768637521491627 ], [ -84.385293487593714, 33.768660315655723 ], [ -84.385320762360905, 33.767762917805108 ] ] ] } },
{ "type": "Feature", "properties": { "tile_id": 916, "average_temperature": 35.4112, "min_temperature": 35.4112, "max_temperature": 35.4112, "tree_opportunity_percent": 0.0 }, "geometry": { "type": "Polygon", "coordinates": [ [ [ -84.384245771889354, 33.767740124409215 ], [ -84.383170782626905, 33.767717321663987 ], [ -84.383143485494813, 33.768614717977869 ], [ -84.384218485939698, 33.768637521491627 ], [ -84.384245771889354, 33.767740124409215 ] ] ] } },
{ "type": "Feature", "properties": { "tile_id": 917, "average_temperature": 35.4073, "min_temperature": 35.4073, "max_temperature": 35.4073, "tree_opportunity_percent": 0.0 }, "geometry": { "type": "Polygon", "coordinates": [ [ [ -84.383170782626905, 33.767717321663987 ], [ -84.382095794573999, 33.767694509569466 ], [ -84.382068486259527, 33.768591905114498 ], [ -84.383143485494813, 33.768614717977869 ], [ -84.383170782626905, 33.767717321663987 ] ] ] } },
{ "type": "Feature", "properties": { "tile_id": 918, "average_temperature": 35.4006, "min_temperature": 35.4006, "max_temperature": 35.4006, "tree_opportunity_percent": 0.0 }, "geometry": { "type": "Polygon", "coordinates": [ [ [ -84.382095794573999, 33.767694509569466 ], [ -84.381020807731161, 33.767671688125667 ], [ -84.380993488234367, 33.768569082901543 ], [ -84.382068486259527, 33.768591905114498 ], [ -84.382095794573999, 33.767694509569466 ] ] ] } },
{ "type": "Feature", "properties": { "tile_id": 919, "average_temperature": 35.3908, "min_temperature": 35.3908, "max_temperature": 35.3908, "tree_opportunity_percent": 0.0 }, "geometry": { "type": "Polygon", "coordinates": [ [ [ -84.381020807731161, 33.767671688125667 ], [ -84.37994582209889, 33.767648857332645 ], [ -84.379918491419801, 33.768546251339039 ], [ -84.380993488234367, 33.768569082901543 ], [ -84.381020807731161, 33.767671688125667 ] ] ] } },
{ "type": "Feature", "properties": { "tile_id": 920, "average_temperature": 35.3775, "min_temperature": 35.3775, "max_temperature": 35.3775, "tree_opportunity_percent": 0.0 }, "geometry": { "type": "Polygon", "coordinates": [ [ [ -84.37994582209889, 33.767648857332645 ], [ -84.378870837677667, 33.767626017190437 ], [ -84.378843495816369, 33.768523410427036 ], [ -84.379918491419801, 33.768546251339039 ], [ -84.37994582209889, 33.767648857332645 ] ] ] } },
{ "type": "Feature", "properties": { "tile_id": 921, "average_temperature": 35.3613, "min_temperature": 35.3613, "max_temperature": 35.3613, "tree_opportunity_percent": 0.0 }, "geometry": { "type": "Polygon", "coordinates": [ [ [ -84.378870837677681, 33.767626017190437 ], [ -84.37779585446799, 33.767603167699058 ], [ -84.377768501424512, 33.768500560165549 ], [ -84.378843495816369, 33.768523410427036 ], [ -84.378870837677681, 33.767626017190437 ] ] ] } },
{ "type": "Feature", "properties": { "tile_id": 922, "average_temperature": 35.343, "min_temperature": 35.343, "max_temperature": 35.343, "tree_opportunity_percent": 0.0 }, "geometry": { "type": "Polygon", "coordinates": [ [ [ -84.377795854468005, 33.767603167699058 ], [ -84.376720872470358, 33.767580308858555 ], [ -84.376693508244742, 33.768477700554627 ], [ -84.377768501424512, 33.768500560165549 ], [ -84.377795854468005, 33.767603167699058 ] ] ] } },
{ "type": "Feature", "properties": { "tile_id": 923, "average_temperature": 35.3232, "min_temperature": 35.3232, "max_temperature": 35.3232, "tree_opportunity_percent": 0.0 }, "geometry": { "type": "Polygon", "coordinates": [ [ [ -84.376720872470358, 33.767580308858555 ], [ -84.375645891685252, 33.767557440668966 ], [ -84.375618516277584, 33.768454831594305 ], [ -84.376693508244742, 33.768477700554627 ], [ -84.376720872470358, 33.767580308858555 ] ] ] } },
{ "type": "Feature", "properties": { "tile_id": 924, "average_temperature": 35.3026, "min_temperature": 35.3026, "max_temperature": 35.3026, "tree_opportunity_percent": 0.0 }, "geometry": { "type": "Polygon", "coordinates": [ [ [ -84.375645891685252, 33.767557440668966 ], [ -84.374570912113185, 33.767534563130326 ], [ -84.374543525523478, 33.768431953284619 ], [ -84.375618516277584, 33.768454831594305 ], [ -84.375645891685252, 33.767557440668966 ] ] ] } },
{ "type": "Feature", "properties": { "tile_id": 925, "average_temperature": 35.541, "min_temperature": 35.541, "max_temperature": 35.541, "tree_opportunity_percent": 0.0 }, "geometry": { "type": "Polygon", "coordinates": [ [ [ -84.414318987494454, 33.769272223790999 ], [ -84.413243953380999, 33.769249682080655 ], [ -84.413216968181516, 33.770147099644731 ], [ -84.414292013479312, 33.770169642114801 ], [ -84.414318987494454, 33.769272223790999 ] ] ] } },
{ "type": "Feature", "properties": { "tile_id": 926, "average_temperature": 35.5266, "min_temperature": 35.5266, "max_temperature": 35.5266, "tree_opportunity_percent": 0.0 }, "geometry": { "type": "Polygon", "coordinates": [ [ [ -84.413243953380999, 33.769249682080655 ], [ -84.41216892046333, 33.769227131019733 ], [ -84.412141924079535, 33.770124547823755 ], [ -84.413216968181516, 33.770147099644731 ], [ -84.413243953380999, 33.769249682080655 ] ] ] } },
{ "type": "Feature", "properties": { "tile_id": 927, "average_temperature": 35.511, "min_temperature": 35.511, "max_temperature": 35.511, "tree_opportunity_percent": 0.0 }, "geometry": { "type": "Polygon", "coordinates": [ [ [ -84.41216892046333, 33.769227131019733 ], [ -84.411093888741917, 33.769204570608245 ], [ -84.41106688117388, 33.770101986651895 ], [ -84.412141924079535, 33.770124547823755 ], [ -84.41216892046333, 33.769227131019733 ] ] ] } },
{ "type": "Feature", "properties": { "tile_id": 928, "average_temperature": 35.4946, "min_temperature": 35.4946, "max_temperature": 35.4946, "tree_opportunity_percent": 0.0 }, "geometry": { "type": "Polygon", "coordinates": [ [ [ -84.411093888741917, 33.769204570608245 ], [ -84.410018858217256, 33.769182000846236 ], [ -84.409991839465036, 33.770079416129207 ], [ -84.41106688117388, 33.770101986651895 ], [ -84.411093888741917, 33.769204570608245 ] ] ] } },
{ "type": "Feature", "properties": { "tile_id": 929, "average_temperature": 35.4779, "min_temperature": 35.4779, "max_temperature": 35.4779, "tree_opportunity_percent": 0.0 }, "geometry": { "type": "Polygon", "coordinates": [ [ [ -84.410018858217256, 33.769182000846236 ], [ -84.408943828889861, 33.769159421733733 ], [ -84.408916798953499, 33.770056836255712 ], [ -84.409991839465036, 33.770079416129207 ], [ -84.410018858217256, 33.769182000846236 ] ] ] } },
{ "type": "Feature", "properties": { "tile_id": 930, "average_temperature": 35.4612, "min_temperature": 35.4612, "max_temperature": 35.4612, "tree_opportunity_percent": 0.0 }, "geometry": { "type": "Polygon", "coordinates": [ [ [ -84.408943828889861, 33.769159421733733 ], [ -84.407868800760227, 33.769136833270785 ], [ -84.407841759639751, 33.770034247031454 ], [ -84.408916798953499, 33.770056836255712 ], [ -84.408943828889861, 33.769159421733733 ] ] ] } },
{ "type": "Feature", "properties": { "tile_id": 931, "average_temperature": 35.445, "min_temperature": 35.445, "max_temperature": 35.445, "tree_opportunity_percent": 0.0 }, "geometry": { "type": "Polygon", "coordinates": [ [ [ -84.407868800760227, 33.769136833270785 ], [ -84.406793773828824, 33.769114235457408 ], [ -84.406766721524306, 33.77001164845646 ], [ -84.407841759639751, 33.770034247031454 ], [ -84.407868800760227, 33.769136833270785 ] ] ] } },
{ "type": "Feature", "properties": { "tile_id": 932, "average_temperature": 35.4295, "min_temperature": 35.4295, "max_temperature": 35.4295, "tree_opportunity_percent": 0.0 }, "geometry": { "type": "Polygon", "coordinates": [ [ [ -84.406793773828824, 33.769114235457408 ], [ -84.405718748096149, 33.769091628293658 ], [ -84.40569168460766, 33.769989040530767 ], [ -84.406766721524306, 33.77001164845646 ], [ -84.406793773828824, 33.769114235457408 ] ] ] } },
{ "type": "Feature", "properties": { "tile_id": 933, "average_temperature": 35.4152, "min_temperature": 35.4152, "max_temperature": 35.4152, "tree_opportunity_percent": 0.0 }, "geometry": { "type": "Polygon", "coordinates": [ [ [ -84.405718748096149, 33.769091628293658 ], [ -84.404643723562728, 33.76906901177955 ], [ -84.404616648890283, 33.769966423254402 ], [ -84.40569168460766, 33.769989040530767 ], [ -84.405718748096149, 33.769091628293658 ] ] ] } },
{ "type": "Feature", "properties": { "tile_id": 934, "average_temperature": 35.4025, "min_temperature": 35.4025, "max_temperature": 35.4025, "tree_opportunity_percent": 0.0 }, "geometry": { "type": "Polygon", "coordinates": [ [ [ -84.404643723562728, 33.76906901177955 ], [ -84.403568700229016, 33.769046385915132 ], [ -84.403541614372685, 33.769943796627423 ], [ -84.404616648890283, 33.769966423254402 ], [ -84.404643723562728, 33.76906901177955 ] ] ] } },
{ "type": "Feature", "properties": { "tile_id": 935, "average_temperature": 35.3917, "min_temperature": 35.3917, "max_temperature": 35.3917, "tree_opportunity_percent": 0.0 }, "geometry": { "type": "Polygon", "coordinates": [ [ [ -84.403568700229016, 33.769046385915132 ], [ -84.402493678095539, 33.769023750700434 ], [ -84.402466581055364, 33.769921160649844 ], [ -84.403541614372685, 33.769943796627423 ], [ -84.403568700229016, 33.769046385915132 ] ] ] } },
{ "type": "Feature", "properties": { "tile_id": 936, "average_temperature": 35.3833, "min_temperature": 35.3833, "max_temperature": 35.3833, "tree_opportunity_percent": 0.0 }, "geometry": { "type": "Polygon", "coordinates": [ [ [ -84.402493678095539, 33.769023750700434 ], [ -84.401418657162779, 33.769001106135498 ], [ -84.401391548938804, 33.769898515321707 ], [ -84.402466581055364, 33.769921160649844 ], [ -84.402493678095539, 33.769023750700434 ] ] ] } },
{ "type": "Feature", "properties": { "tile_id": 937, "average_temperature": 35.3772, "min_temperature": 35.3772, "max_temperature": 35.3772, "tree_opportunity_percent": 0.0 }, "geometry": { "type": "Polygon", "coordinates": [ [ [ -84.401418657162779, 33.769001106135498 ], [ -84.40034363743122, 33.768978452220345 ], [ -84.400316518023516, 33.76987586064304 ], [ -84.401391548938804, 33.769898515321707 ], [ -84.401418657162779, 33.769001106135498 ] ] ] } },
{ "type": "Feature", "properties": { "tile_id": 938, "average_temperature": 35.3732, "min_temperature": 35.3732, "max_temperature": 35.3732, "tree_opportunity_percent": 0.0 }, "geometry": { "type": "Polygon", "coordinates": [ [ [ -84.40034363743122, 33.768978452220345 ], [ -84.399268618901374, 33.768955788955012 ], [ -84.399241488309983, 33.769853196613887 ], [ -84.400316518023516, 33.76987586064304 ], [ -84.40034363743122, 33.768978452220345 ] ] ] } },
{ "type": "Feature", "properties": { "tile_id": 939, "average_temperature": 35.3712, "min_temperature": 35.3712, "max_temperature": 35.3712, "tree_opportunity_percent": 0.0 }, "geometry": { "type": "Polygon", "coordinates": [ [ [ -84.399268618901374, 33.768955788955012 ], [ -84.398193601573738, 33.768933116339547 ], [ -84.398166459798702, 33.769830523234276 ], [ -84.399241488309983, 33.769853196613887 ], [ -84.399268618901374, 33.768955788955012 ] ] ] } },
{ "type": "Feature", "properties": { "tile_id": 940, "average_temperature": 35.3709, "min_temperature": 35.3709, "max_temperature": 35.3709, "tree_opportunity_percent": 0.0 }, "geometry": { "type": "Polygon", "coordinates": [ [ [ -84.398193601573738, 33.768933116339547 ], [ -84.397118585448794, 33.768910434373971 ], [ -84.397091432490157, 33.769807840504249 ], [ -84.398166459798702, 33.769830523234276 ], [ -84.398193601573738, 33.768933116339547 ] ] ] } },
{ "type": "Feature", "properties": { "tile_id": 941, "average_temperature": 35.372, "min_temperature": 35.372, "max_temperature": 35.372, "tree_opportunity_percent": 0.0 }, "geometry": { "type": "Polygon", "coordinates": [ [ [ -84.397118585448794, 33.768910434373971 ], [ -84.396043570527027, 33.768887743058329 ], [ -84.396016406384874, 33.769785148423843 ], [ -84.397091432490157, 33.769807840504249 ], [ -84.397118585448794, 33.768910434373971 ] ] ] } },
{ "type": "Feature", "properties": { "tile_id": 942, "average_temperature": 35.3743, "min_temperature": 35.3743, "max_temperature": 35.3743, "tree_opportunity_percent": 0.0 }, "geometry": { "type": "Polygon", "coordinates": [ [ [ -84.396043570527027, 33.768887743058329 ], [ -84.394968556808948, 33.768865042392648 ], [ -84.394941381483306, 33.76976244699307 ], [ -84.396016406384874, 33.769785148423843 ], [ -84.396043570527027, 33.768887743058329 ] ] ] } },
{ "type": "Feature", "properties": { "tile_id": 943, "average_temperature": 35.3777, "min_temperature": 35.3777, "max_temperature": 35.3777, "tree_opportunity_percent": 0.0 }, "geometry": { "type": "Polygon", "coordinates": [ [ [ -84.394968556808962, 33.768865042392648 ], [ -84.393893544295054, 33.768842332376977 ], [ -84.393866357785981, 33.769739736211989 ], [ -84.394941381483306, 33.76976244699307 ], [ -84.394968556808962, 33.768865042392648 ] ] ] } },
{ "type": "Feature", "properties": { "tile_id": 944, "average_temperature": 35.3818, "min_temperature": 35.3818, "max_temperature": 35.3818, "tree_opportunity_percent": 0.0 }, "geometry": { "type": "Polygon", "coordinates": [ [ [ -84.393893544295054, 33.768842332376977 ], [ -84.392818532985842, 33.768819613011338 ], [ -84.392791335293381, 33.769717016080634 ], [ -84.393866357785996, 33.769739736211989 ], [ -84.393893544295054, 33.768842332376977 ] ] ] } },
{ "type": "Feature", "properties": { "tile_id": 945, "average_temperature": 35.3865, "min_temperature": 35.3865, "max_temperature": 35.3865, "tree_opportunity_percent": 0.0 }, "geometry": { "type": "Polygon", "coordinates": [ [ [ -84.392818532985842, 33.768819613011338 ], [ -84.391743522881796, 33.768796884295753 ], [ -84.39171631400599, 33.769694286599027 ], [ -84.392791335293381, 33.769717016080634 ], [ -84.392818532985842, 33.768819613011338 ] ] ] } },
{ "type": "Feature", "properties": { "tile_id": 946, "average_temperature": 35.3916, "min_temperature": 35.3916, "max_temperature": 35.3916, "tree_opportunity_percent": 0.0 }, "geometry": { "type": "Polygon", "coordinates": [ [ [ -84.391743522881796, 33.768796884295753 ], [ -84.3906685139834, 33.768774146230285 ], [ -84.390641293924332, 33.769671547767217 ], [ -84.39171631400599, 33.769694286599027 ], [ -84.391743522881796, 33.768796884295753 ] ] ] } },
{ "type": "Feature", "properties": { "tile_id": 947, "average_temperature": 35.3968, "min_temperature": 35.3968, "max_temperature": 35.3968, "tree_opportunity_percent": 0.0 }, "geometry": { "type": "Polygon", "coordinates": [ [ [ -84.3906685139834, 33.768774146230285 ], [ -84.389593506291178, 33.768751398814956 ], [ -84.389566275048864, 33.769648799585234 ], [ -84.390641293924332, 33.769671547767217 ], [ -84.3906685139834, 33.768774146230285 ] ] ] } },
{ "type": "Feature", "properties": { "tile_id": 948, "average_temperature": 35.4017, "min_temperature": 35.4017, "max_temperature": 35.4017, "tree_opportunity_percent": 0.0 }, "geometry": { "type": "Polygon", "coordinates": [ [ [ -84.389593506291178, 33.768751398814956 ], [ -84.388518499805585, 33.768728642049794 ], [ -84.38849125738011, 33.769626042053098 ], [ -84.389566275048864, 33.769648799585234 ], [ -84.389593506291178, 33.768751398814956 ] ] ] } },
{ "type": "Feature", "properties": { "tile_id": 949, "average_temperature": 35.4061, "min_temperature": 35.4061, "max_temperature": 35.4061, "tree_opportunity_percent": 0.0 }, "geometry": { "type": "Polygon", "coordinates": [ [ [ -84.388518499805599, 33.768728642049794 ], [ -84.387443494527162, 33.768705875934856 ], [ -84.387416240918554, 33.769603275170866 ], [ -84.38849125738011, 33.769626042053098 ], [ -84.388518499805599, 33.768728642049794 ] ] ] } },
{ "type": "Feature", "properties": { "tile_id": 950, "average_temperature": 35.4095, "min_temperature": 35.4095, "max_temperature": 35.4095, "tree_opportunity_percent": 0.0 }, "geometry": { "type": "Polygon", "coordinates": [ [ [ -84.387443494527162, 33.768705875934856 ], [ -84.386368490456377, 33.768683100470156 ], [ -84.38634122566468, 33.769580498938559 ], [ -84.387416240918554, 33.769603275170866 ], [ -84.387443494527162, 33.768705875934856 ] ] ] } },
{ "type": "Feature", "properties": { "tile_id": 951, "average_temperature": 35.4116, "min_temperature": 35.4116, "max_temperature": 35.4116, "tree_opportunity_percent": 0.0 }, "geometry": { "type": "Polygon", "coordinates": [ [ [ -84.386368490456377, 33.768683100470156 ], [ -84.385293487593714, 33.768660315655723 ], [ -84.385266211618998, 33.769557713356221 ], [ -84.38634122566468, 33.769580498938559 ], [ -84.386368490456377, 33.768683100470156 ] ] ] } },
{ "type": "Feature", "properties": { "tile_id": 952, "average_temperature": 35.4121, "min_temperature": 35.4121, "max_temperature": 35.4121, "tree_opportunity_percent": 0.0 }, "geometry": { "type": "Polygon", "coordinates": [ [ [ -84.385293487593714, 33.768660315655723 ], [ -84.384218485939698, 33.768637521491627 ], [ -84.384191198781991, 33.769534918423879 ], [ -84.385266211618998, 33.769557713356221 ], [ -84.385293487593714, 33.768660315655723 ] ] ] } },
{ "type": "Feature", "properties": { "tile_id": 953, "average_temperature": 35.4105, "min_temperature": 35.4105, "max_temperature": 35.4105, "tree_opportunity_percent": 0.0 }, "geometry": { "type": "Polygon", "coordinates": [ [ [ -84.384218485939698, 33.768637521491627 ], [ -84.383143485494813, 33.768614717977869 ], [ -84.383116187154172, 33.769512114141577 ], [ -84.384191198781991, 33.769534918423879 ], [ -84.384218485939698, 33.768637521491627 ] ] ] } },
{ "type": "Feature", "properties": { "tile_id": 954, "average_temperature": 35.4064, "min_temperature": 35.4064, "max_temperature": 35.4064, "tree_opportunity_percent": 0.0 }, "geometry": { "type": "Polygon", "coordinates": [ [ [ -84.383143485494813, 33.768614717977869 ], [ -84.382068486259527, 33.768591905114498 ], [ -84.38204117673601, 33.769489300509342 ], [ -84.383116187154172, 33.769512114141577 ], [ -84.383143485494813, 33.768614717977869 ] ] ] } },
{ "type": "Feature", "properties": { "tile_id": 955, "average_temperature": 35.3996, "min_temperature": 35.3996, "max_temperature": 35.3996, "tree_opportunity_percent": 0.0 }, "geometry": { "type": "Polygon", "coordinates": [ [ [ -84.382068486259527, 33.768591905114498 ], [ -84.380993488234367, 33.768569082901543 ], [ -84.38096616752803, 33.76946647752721 ], [ -84.382041176736024, 33.769489300509342 ], [ -84.382068486259527, 33.768591905114498 ] ] ] } },
{ "type": "Feature", "properties": { "tile_id": 956, "average_temperature": 35.3896, "min_temperature": 35.3896, "max_temperature": 35.3896, "tree_opportunity_percent": 0.0 }, "geometry": { "type": "Polygon", "coordinates": [ [ [ -84.380993488234367, 33.768569082901543 ], [ -84.379918491419801, 33.768546251339039 ], [ -84.3798911595307, 33.769443645195224 ], [ -84.38096616752803, 33.76946647752721 ], [ -84.380993488234367, 33.768569082901543 ] ] ] } },
{ "type": "Feature", "properties": { "tile_id": 957, "average_temperature": 35.3763, "min_temperature": 35.3763, "max_temperature": 35.3763, "tree_opportunity_percent": 0.0 }, "geometry": { "type": "Polygon", "coordinates": [ [ [ -84.379918491419801, 33.768546251339039 ], [ -84.378843495816369, 33.768523410427036 ], [ -84.378816152744534, 33.769420803513412 ], [ -84.379891159530715, 33.769443645195224 ], [ -84.379918491419801, 33.768546251339039 ] ] ] } },
{ "type": "Feature", "properties": { "tile_id": 958, "average_temperature": 35.3602, "min_temperature": 35.3602, "max_temperature": 35.3602, "tree_opportunity_percent": 0.0 }, "geometry": { "type": "Polygon", "coordinates": [ [ [ -84.378843495816369, 33.768523410427036 ], [ -84.377768501424512, 33.768500560165549 ], [ -84.377741147170013, 33.76939795248181 ], [ -84.378816152744548, 33.769420803513412 ], [ -84.378843495816369, 33.768523410427036 ] ] ] } },
{ "type": "Feature", "properties": { "tile_id": 959, "average_temperature": 35.3419, "min_temperature": 35.3419, "max_temperature": 35.3419, "tree_opportunity_percent": 0.0 }, "geometry": { "type": "Polygon", "coordinates": [ [ [ -84.377768501424512, 33.768500560165549 ], [ -84.376693508244742, 33.768477700554627 ], [ -84.376666142807636, 33.769375092100454 ], [ -84.377741147170013, 33.76939795248181 ], [ -84.377768501424512, 33.768500560165549 ] ] ] } },
{ "type": "Feature", "properties": { "tile_id": 960, "average_temperature": 35.3222, "min_temperature": 35.3222, "max_temperature": 35.3222, "tree_opportunity_percent": 0.0 }, "geometry": { "type": "Polygon", "coordinates": [ [ [ -84.376693508244742, 33.768477700554627 ], [ -84.375618516277584, 33.768454831594305 ], [ -84.375591139657885, 33.769352222369385 ], [ -84.376666142807636, 33.769375092100454 ], [ -84.376693508244742, 33.768477700554627 ] ] ] } },
{ "type": "Feature", "properties": { "tile_id": 961, "average_temperature": 35.3017, "min_temperature": 35.3017, "max_temperature": 35.3017, "tree_opportunity_percent": 0.0 }, "geometry": { "type": "Polygon", "coordinates": [ [ [ -84.375618516277584, 33.768454831594305 ], [ -84.374543525523478, 33.768431953284619 ], [ -84.374516137721272, 33.769329343288618 ], [ -84.375591139657885, 33.769352222369385 ], [ -84.375618516277584, 33.768454831594305 ] ] ] } },
{ "type": "Feature", "properties": { "tile_id": 962, "average_temperature": 35.5339, "min_temperature": 35.5339, "max_temperature": 35.5339, "tree_opportunity_percent": 0.0 }, "geometry": { "type": "Polygon", "coordinates": [ [ [ -84.414292013479312, 33.770169642114801 ], [ -84.413216968181516, 33.770147099644724 ], [ -84.413189981787269, 33.771044517059046 ], [ -84.414265038269903, 33.771067060288864 ], [ -84.414292013479312, 33.770169642114801 ] ] ] } },
{ "type": "Feature", "properties": { "tile_id": 963, "average_temperature": 35.5187, "min_temperature": 35.5187, "max_temperature": 35.5187, "tree_opportunity_percent": 0.0 }, "geometry": { "type": "Polygon", "coordinates": [ [ [ -84.413216968181516, 33.770147099644724 ], [ -84.412141924079535, 33.770124547823748 ], [ -84.412114926500507, 33.771021964477995 ], [ -84.413189981787269, 33.771044517059046 ], [ -84.413216968181516, 33.770147099644724 ] ] ] } },
{ "type": "Feature", "properties": { "tile_id": 964, "average_temperature": 35.5023, "min_temperature": 35.5023, "max_temperature": 35.5023, "tree_opportunity_percent": 0.0 }, "geometry": { "type": "Polygon", "coordinates": [ [ [ -84.412141924079535, 33.770124547823748 ], [ -84.41106688117388, 33.770101986651888 ], [ -84.411039872410115, 33.770999402545762 ], [ -84.412114926500507, 33.771021964477995 ], [ -84.412141924079535, 33.770124547823748 ] ] ] } },
{ "type": "Feature", "properties": { "tile_id": 965, "average_temperature": 35.4852, "min_temperature": 35.4852, "max_temperature": 35.4852, "tree_opportunity_percent": 0.0 }, "geometry": { "type": "Polygon", "coordinates": [ [ [ -84.41106688117388, 33.770101986651888 ], [ -84.409991839465036, 33.7700794161292 ], [ -84.409964819516574, 33.770976831262381 ], [ -84.411039872410115, 33.770999402545762 ], [ -84.41106688117388, 33.770101986651888 ] ] ] } },
{ "type": "Feature", "properties": { "tile_id": 966, "average_temperature": 35.4678, "min_temperature": 35.4678, "max_temperature": 35.4678, "tree_opportunity_percent": 0.0 }, "geometry": { "type": "Polygon", "coordinates": [ [ [ -84.409991839465036, 33.7700794161292 ], [ -84.408916798953499, 33.770056836255705 ], [ -84.408889767820384, 33.770954250627881 ], [ -84.409964819516574, 33.770976831262381 ], [ -84.409991839465036, 33.7700794161292 ] ] ] } },
{ "type": "Feature", "properties": { "tile_id": 967, "average_temperature": 35.4505, "min_temperature": 35.4505, "max_temperature": 35.4505, "tree_opportunity_percent": 0.0 }, "geometry": { "type": "Polygon", "coordinates": [ [ [ -84.408916798953499, 33.770056836255705 ], [ -84.407841759639751, 33.770034247031447 ], [ -84.407814717322054, 33.77093166064229 ], [ -84.408889767820384, 33.770954250627881 ], [ -84.408916798953499, 33.770056836255705 ] ] ] } },
{ "type": "Feature", "properties": { "tile_id": 968, "average_temperature": 35.4337, "min_temperature": 35.4337, "max_temperature": 35.4337, "tree_opportunity_percent": 0.0 }, "geometry": { "type": "Polygon", "coordinates": [ [ [ -84.407841759639751, 33.770034247031447 ], [ -84.406766721524306, 33.770011648456453 ], [ -84.40673966802207, 33.770909061305652 ], [ -84.407814717322054, 33.77093166064229 ], [ -84.407841759639751, 33.770034247031447 ] ] ] } },
{ "type": "Feature", "properties": { "tile_id": 969, "average_temperature": 35.4179, "min_temperature": 35.4179, "max_temperature": 35.4179, "tree_opportunity_percent": 0.0 }, "geometry": { "type": "Polygon", "coordinates": [ [ [ -84.406766721524306, 33.770011648456453 ], [ -84.40569168460766, 33.76998904053076 ], [ -84.405664619920927, 33.770886452618015 ], [ -84.40673966802207, 33.770909061305652 ], [ -84.406766721524306, 33.770011648456453 ] ] ] } },
{ "type": "Feature", "properties": { "tile_id": 970, "average_temperature": 35.4035, "min_temperature": 35.4035, "max_temperature": 35.4035, "tree_opportunity_percent": 0.0 }, "geometry": { "type": "Polygon", "coordinates": [ [ [ -84.40569168460766, 33.76998904053076 ], [ -84.404616648890283, 33.769966423254395 ], [ -84.404589573019123, 33.770863834579387 ], [ -84.405664619920927, 33.770886452618015 ], [ -84.40569168460766, 33.76998904053076 ] ] ] } },
{ "type": "Feature", "properties": { "tile_id": 971, "average_temperature": 35.3908, "min_temperature": 35.3908, "max_temperature": 35.3908, "tree_opportunity_percent": 0.0 }, "geometry": { "type": "Polygon", "coordinates": [ [ [ -84.404616648890283, 33.769966423254395 ], [ -84.403541614372685, 33.769943796627416 ], [ -84.403514527317142, 33.770841207189818 ], [ -84.404589573019123, 33.770863834579387 ], [ -84.404616648890283, 33.769966423254395 ] ] ] } },
{ "type": "Feature", "properties": { "tile_id": 972, "average_temperature": 35.3803, "min_temperature": 35.3803, "max_temperature": 35.3803, "tree_opportunity_percent": 0.0 }, "geometry": { "type": "Polygon", "coordinates": [ [ [ -84.403541614372685, 33.769943796627416 ], [ -84.402466581055364, 33.769921160649844 ], [ -84.402439482815495, 33.77081857044935 ], [ -84.403514527317142, 33.770841207189818 ], [ -84.403541614372685, 33.769943796627416 ] ] ] } },
{ "type": "Feature", "properties": { "tile_id": 973, "average_temperature": 35.3724, "min_temperature": 35.3724, "max_temperature": 35.3724, "tree_opportunity_percent": 0.0 }, "geometry": { "type": "Polygon", "coordinates": [ [ [ -84.402466581055364, 33.769921160649844 ], [ -84.401391548938804, 33.7698985153217 ], [ -84.401364439514651, 33.770795924357991 ], [ -84.402439482815495, 33.77081857044935 ], [ -84.402466581055364, 33.769921160649844 ] ] ] } },
{ "type": "Feature", "properties": { "tile_id": 974, "average_temperature": 35.367, "min_temperature": 35.367, "max_temperature": 35.367, "tree_opportunity_percent": 0.0 }, "geometry": { "type": "Polygon", "coordinates": [ [ [ -84.401391548938804, 33.7698985153217 ], [ -84.400316518023516, 33.769875860643033 ], [ -84.400289397415136, 33.770773268915804 ], [ -84.401364439514651, 33.770795924357991 ], [ -84.401391548938804, 33.7698985153217 ] ] ] } },
{ "type": "Feature", "properties": { "tile_id": 975, "average_temperature": 35.364, "min_temperature": 35.364, "max_temperature": 35.364, "tree_opportunity_percent": 0.0 }, "geometry": { "type": "Polygon", "coordinates": [ [ [ -84.400316518023516, 33.769875860643033 ], [ -84.399241488309983, 33.76985319661388 ], [ -84.399214356517405, 33.770750604122803 ], [ -84.400289397415136, 33.770773268915804 ], [ -84.400316518023516, 33.769875860643033 ] ] ] } },
{ "type": "Feature", "properties": { "tile_id": 976, "average_temperature": 35.3631, "min_temperature": 35.3631, "max_temperature": 35.3631, "tree_opportunity_percent": 0.0 }, "geometry": { "type": "Polygon", "coordinates": [ [ [ -84.399241488309983, 33.76985319661388 ], [ -84.398166459798702, 33.769830523234269 ], [ -84.398139316821997, 33.770727929979032 ], [ -84.399214356517405, 33.770750604122803 ], [ -84.399241488309983, 33.76985319661388 ] ] ] } },
{ "type": "Feature", "properties": { "tile_id": 977, "average_temperature": 35.3639, "min_temperature": 35.3639, "max_temperature": 35.3639, "tree_opportunity_percent": 0.0 }, "geometry": { "type": "Polygon", "coordinates": [ [ [ -84.398166459798702, 33.769830523234269 ], [ -84.397091432490157, 33.769807840504242 ], [ -84.397064278329381, 33.770705246484532 ], [ -84.398139316821997, 33.770727929979032 ], [ -84.398166459798702, 33.769830523234269 ] ] ] } },
{ "type": "Feature", "properties": { "tile_id": 978, "average_temperature": 35.3662, "min_temperature": 35.3662, "max_temperature": 35.3662, "tree_opportunity_percent": 0.0 }, "geometry": { "type": "Polygon", "coordinates": [ [ [ -84.397091432490157, 33.769807840504242 ], [ -84.396016406384874, 33.769785148423836 ], [ -84.395989241040056, 33.770682553639332 ], [ -84.397064278329381, 33.770705246484532 ], [ -84.397091432490157, 33.769807840504242 ] ] ] } },
{ "type": "Feature", "properties": { "tile_id": 979, "average_temperature": 35.3697, "min_temperature": 35.3697, "max_temperature": 35.3697, "tree_opportunity_percent": 0.0 }, "geometry": { "type": "Polygon", "coordinates": [ [ [ -84.396016406384874, 33.769785148423836 ], [ -84.394941381483306, 33.76976244699307 ], [ -84.394914204954517, 33.770659851443476 ], [ -84.395989241040056, 33.770682553639332 ], [ -84.396016406384874, 33.769785148423836 ] ] ] } },
{ "type": "Feature", "properties": { "tile_id": 980, "average_temperature": 35.3741, "min_temperature": 35.3741, "max_temperature": 35.3741, "tree_opportunity_percent": 0.0 }, "geometry": { "type": "Polygon", "coordinates": [ [ [ -84.394941381483306, 33.76976244699307 ], [ -84.393866357785981, 33.769739736211989 ], [ -84.393839170073264, 33.770637139896984 ], [ -84.394914204954517, 33.770659851443476 ], [ -84.394941381483306, 33.76976244699307 ] ] ] } },
{ "type": "Feature", "properties": { "tile_id": 981, "average_temperature": 35.3792, "min_temperature": 35.3792, "max_temperature": 35.3792, "tree_opportunity_percent": 0.0 }, "geometry": { "type": "Polygon", "coordinates": [ [ [ -84.393866357785996, 33.769739736211989 ], [ -84.392791335293381, 33.769717016080627 ], [ -84.392764136396764, 33.770614418999891 ], [ -84.393839170073264, 33.770637139896984 ], [ -84.393866357785996, 33.769739736211989 ] ] ] } },
{ "type": "Feature", "properties": { "tile_id": 982, "average_temperature": 35.3847, "min_temperature": 35.3847, "max_temperature": 35.3847, "tree_opportunity_percent": 0.0 }, "geometry": { "type": "Polygon", "coordinates": [ [ [ -84.392791335293381, 33.769717016080627 ], [ -84.39171631400599, 33.769694286599027 ], [ -84.391689103925572, 33.770591688752233 ], [ -84.392764136396764, 33.770614418999891 ], [ -84.392791335293381, 33.769717016080627 ] ] ] } },
{ "type": "Feature", "properties": { "tile_id": 983, "average_temperature": 35.3904, "min_temperature": 35.3904, "max_temperature": 35.3904, "tree_opportunity_percent": 0.0 }, "geometry": { "type": "Polygon", "coordinates": [ [ [ -84.39171631400599, 33.769694286599027 ], [ -84.390641293924332, 33.76967154776721 ], [ -84.390614072660114, 33.770568949154075 ], [ -84.391689103925572, 33.770591688752233 ], [ -84.39171631400599, 33.769694286599027 ] ] ] } },
{ "type": "Feature", "properties": { "tile_id": 984, "average_temperature": 35.396, "min_temperature": 35.396, "max_temperature": 35.396, "tree_opportunity_percent": 0.0 }, "geometry": { "type": "Polygon", "coordinates": [ [ [ -84.390641293924332, 33.76967154776721 ], [ -84.389566275048864, 33.769648799585227 ], [ -84.38953904260093, 33.770546200205402 ], [ -84.390614072660114, 33.770568949154075 ], [ -84.390641293924332, 33.76967154776721 ] ] ] } },
{ "type": "Feature", "properties": { "tile_id": 985, "average_temperature": 35.4012, "min_temperature": 35.4012, "max_temperature": 35.4012, "tree_opportunity_percent": 0.0 }, "geometry": { "type": "Polygon", "coordinates": [ [ [ -84.389566275048864, 33.769648799585227 ], [ -84.38849125738011, 33.76962604205309 ], [ -84.388464013748489, 33.770523441906285 ], [ -84.38953904260093, 33.770546200205402 ], [ -84.389566275048864, 33.769648799585227 ] ] ] } },
{ "type": "Feature", "properties": { "tile_id": 986, "average_temperature": 35.4056, "min_temperature": 35.4056, "max_temperature": 35.4056, "tree_opportunity_percent": 0.0 }, "geometry": { "type": "Polygon", "coordinates": [ [ [ -84.38849125738011, 33.76962604205309 ], [ -84.387416240918554, 33.769603275170859 ], [ -84.387388986103318, 33.770500674256752 ], [ -84.388464013748489, 33.770523441906285 ], [ -84.38849125738011, 33.76962604205309 ] ] ] } },
{ "type": "Feature", "properties": { "tile_id": 987, "average_temperature": 35.409, "min_temperature": 35.409, "max_temperature": 35.409, "tree_opportunity_percent": 0.0 }, "geometry": { "type": "Polygon", "coordinates": [ [ [ -84.387416240918554, 33.769603275170859 ], [ -84.38634122566468, 33.769580498938559 ], [ -84.38631395966587, 33.770477897256825 ], [ -84.387388986103318, 33.770500674256752 ], [ -84.387416240918554, 33.769603275170859 ] ] ] } },
{ "type": "Feature", "properties": { "tile_id": 988, "average_temperature": 35.4109, "min_temperature": 35.4109, "max_temperature": 35.4109, "tree_opportunity_percent": 0.0 }, "geometry": { "type": "Polygon", "coordinates": [ [ [ -84.38634122566468, 33.769580498938559 ], [ -84.385266211618998, 33.769557713356214 ], [ -84.385238934436671, 33.770455110906553 ], [ -84.38631395966587, 33.770477897256825 ], [ -84.38634122566468, 33.769580498938559 ] ] ] } },
{ "type": "Feature", "properties": { "tile_id": 989, "average_temperature": 35.4112, "min_temperature": 35.4112, "max_temperature": 35.4112, "tree_opportunity_percent": 0.0 }, "geometry": { "type": "Polygon", "coordinates": [ [ [ -84.385266211618998, 33.769557713356214 ], [ -84.384191198781991, 33.769534918423872 ], [ -84.384163910416206, 33.770432315205966 ], [ -84.385238934436671, 33.770455110906553 ], [ -84.385266211618998, 33.769557713356214 ] ] ] } },
{ "type": "Feature", "properties": { "tile_id": 990, "average_temperature": 35.4093, "min_temperature": 35.4093, "max_temperature": 35.4093, "tree_opportunity_percent": 0.0 }, "geometry": { "type": "Polygon", "coordinates": [ [ [ -84.384191198781991, 33.769534918423872 ], [ -84.383116187154172, 33.76951211414157 ], [ -84.383088887604956, 33.770409510155091 ], [ -84.384163910416206, 33.770432315205966 ], [ -84.384191198781991, 33.769534918423872 ] ] ] } },
{ "type": "Feature", "properties": { "tile_id": 991, "average_temperature": 35.4051, "min_temperature": 35.4051, "max_temperature": 35.4051, "tree_opportunity_percent": 0.0 }, "geometry": { "type": "Polygon", "coordinates": [ [ [ -84.383116187154172, 33.76951211414157 ], [ -84.38204117673601, 33.769489300509342 ], [ -84.382013866003433, 33.770386695753977 ], [ -84.383088887604956, 33.770409510155091 ], [ -84.383116187154172, 33.76951211414157 ] ] ] } },
{ "type": "Feature", "properties": { "tile_id": 992, "average_temperature": 35.3981, "min_temperature": 35.3981, "max_temperature": 35.3981, "tree_opportunity_percent": 0.0 }, "geometry": { "type": "Polygon", "coordinates": [ [ [ -84.382041176736024, 33.769489300509342 ], [ -84.38096616752803, 33.76946647752721 ], [ -84.380938845612121, 33.770363872002662 ], [ -84.382013866003433, 33.770386695753977 ], [ -84.382041176736024, 33.769489300509342 ] ] ] } },
{ "type": "Feature", "properties": { "tile_id": 993, "average_temperature": 35.388, "min_temperature": 35.388, "max_temperature": 35.388, "tree_opportunity_percent": 0.0 }, "geometry": { "type": "Polygon", "coordinates": [ [ [ -84.38096616752803, 33.76946647752721 ], [ -84.3798911595307, 33.769443645195217 ], [ -84.379863826431531, 33.770341038901165 ], [ -84.380938845612121, 33.770363872002662 ], [ -84.38096616752803, 33.76946647752721 ] ] ] } },
{ "type": "Feature", "properties": { "tile_id": 994, "average_temperature": 35.3746, "min_temperature": 35.3746, "max_temperature": 35.3746, "tree_opportunity_percent": 0.0 }, "geometry": { "type": "Polygon", "coordinates": [ [ [ -84.379891159530715, 33.769443645195217 ], [ -84.378816152744534, 33.769420803513412 ], [ -84.378788808462133, 33.770318196449523 ], [ -84.379863826431531, 33.770341038901165 ], [ -84.379891159530715, 33.769443645195217 ] ] ] } },
{ "type": "Feature", "properties": { "tile_id": 995, "average_temperature": 35.3586, "min_temperature": 35.3586, "max_temperature": 35.3586, "tree_opportunity_percent": 0.0 }, "geometry": { "type": "Polygon", "coordinates": [ [ [ -84.378816152744548, 33.769420803513412 ], [ -84.377741147170013, 33.769397952481796 ], [ -84.377713791704451, 33.770295344647792 ], [ -84.378788808462147, 33.770318196449523 ], [ -84.378816152744548, 33.769420803513412 ] ] ] } },
{ "type": "Feature", "properties": { "tile_id": 996, "average_temperature": 35.3404, "min_temperature": 35.3404, "max_temperature": 35.3404, "tree_opportunity_percent": 0.0 }, "geometry": { "type": "Polygon", "coordinates": [ [ [ -84.377741147170013, 33.769397952481796 ], [ -84.376666142807636, 33.769375092100447 ], [ -84.376638776158956, 33.770272483495972 ], [ -84.377713791704451, 33.770295344647792 ], [ -84.377741147170013, 33.769397952481796 ] ] ] } },
{ "type": "Feature", "properties": { "tile_id": 997, "average_temperature": 35.3209, "min_temperature": 35.3209, "max_temperature": 35.3209, "tree_opportunity_percent": 0.0 }, "geometry": { "type": "Polygon", "coordinates": [ [ [ -84.376666142807636, 33.769375092100447 ], [ -84.375591139657885, 33.769352222369371 ], [ -84.375563761826157, 33.770249612994142 ], [ -84.376638776158956, 33.770272483495972 ], [ -84.376666142807636, 33.769375092100447 ] ] ] } },
{ "type": "Feature", "properties": { "tile_id": 998, "average_temperature": 35.3007, "min_temperature": 35.3007, "max_temperature": 35.3007, "tree_opportunity_percent": 0.0 }, "geometry": { "type": "Polygon", "coordinates": [ [ [ -84.375591139657885, 33.769352222369371 ], [ -84.374516137721272, 33.769329343288611 ], [ -84.37448874870654, 33.770226733142295 ], [ -84.375563761826157, 33.770249612994142 ], [ -84.375591139657885, 33.769352222369371 ] ] ] } },
{ "type": "Feature", "properties": { "tile_id": 999, "average_temperature": 35.5275, "min_temperature": 35.5275, "max_temperature": 35.5275, "tree_opportunity_percent": 0.0 }, "geometry": { "type": "Polygon", "coordinates": [ [ [ -84.414265038269903, 33.771067060288857 ], [ -84.413189981787269, 33.771044517059039 ], [ -84.413162994198217, 33.771941934323614 ], [ -84.4142380618662, 33.771964478313201 ], [ -84.414265038269903, 33.771067060288857 ] ] ] } },
{ "type": "Feature", "properties": { "tile_id": 1000, "average_temperature": 35.5115, "min_temperature": 35.5115, "max_temperature": 35.5115, "tree_opportunity_percent": 0.0 }, "geometry": { "type": "Polygon", "coordinates": [ [ [ -84.413189981787269, 33.771044517059039 ], [ -84.412114926500507, 33.771021964477995 ], [ -84.412087927726176, 33.771919380982482 ], [ -84.413162994198217, 33.771941934323614 ], [ -84.413189981787269, 33.771044517059039 ] ] ] } },
{ "type": "Feature", "properties": { "tile_id": 1001, "average_temperature": 35.4943, "min_temperature": 35.4943, "max_temperature": 35.4943, "tree_opportunity_percent": 0.0 }, "geometry": { "type": "Polygon", "coordinates": [ [ [ -84.412114926500507, 33.771021964477995 ], [ -84.411039872410115, 33.770999402545762 ], [ -84.411012862450548, 33.771896818289861 ], [ -84.412087927726176, 33.771919380982482 ], [ -84.412114926500507, 33.771021964477995 ] ] ] } },
{ "type": "Feature", "properties": { "tile_id": 1002, "average_temperature": 35.4764, "min_temperature": 35.4764, "max_temperature": 35.4764, "tree_opportunity_percent": 0.0 }, "geometry": { "type": "Polygon", "coordinates": [ [ [ -84.411039872410115, 33.770999402545762 ], [ -84.409964819516574, 33.770976831262367 ], [ -84.409937798371814, 33.771874246245751 ], [ -84.411012862450548, 33.771896818289861 ], [ -84.411039872410115, 33.770999402545762 ] ] ] } },
{ "type": "Feature", "properties": { "tile_id": 1003, "average_temperature": 35.4582, "min_temperature": 35.4582, "max_temperature": 35.4582, "tree_opportunity_percent": 0.0 }, "geometry": { "type": "Polygon", "coordinates": [ [ [ -84.409964819516574, 33.770976831262367 ], [ -84.408889767820384, 33.770954250627874 ], [ -84.408862735490501, 33.771851664850224 ], [ -84.409937798371828, 33.771874246245751 ], [ -84.409964819516574, 33.770976831262367 ] ] ] } },
{ "type": "Feature", "properties": { "tile_id": 1004, "average_temperature": 35.4402, "min_temperature": 35.4402, "max_temperature": 35.4402, "tree_opportunity_percent": 0.0 }, "geometry": { "type": "Polygon", "coordinates": [ [ [ -84.408889767820384, 33.770954250627874 ], [ -84.407814717322054, 33.770931660642283 ], [ -84.407787673807093, 33.771829074103309 ], [ -84.408862735490501, 33.771851664850224 ], [ -84.408889767820384, 33.770954250627874 ] ] ] } },
{ "type": "Feature", "properties": { "tile_id": 1005, "average_temperature": 35.4229, "min_temperature": 35.4229, "max_temperature": 35.4229, "tree_opportunity_percent": 0.0 }, "geometry": { "type": "Polygon", "coordinates": [ [ [ -84.407814717322054, 33.770931660642283 ], [ -84.40673966802207, 33.770909061305652 ], [ -84.406712613322071, 33.771806474005025 ], [ -84.407787673807093, 33.771829074103309 ], [ -84.407814717322054, 33.770931660642283 ] ] ] } },
{ "type": "Feature", "properties": { "tile_id": 1006, "average_temperature": 35.4067, "min_temperature": 35.4067, "max_temperature": 35.4067, "tree_opportunity_percent": 0.0 }, "geometry": { "type": "Polygon", "coordinates": [ [ [ -84.40673966802207, 33.770909061305652 ], [ -84.405664619920927, 33.770886452618008 ], [ -84.405637554035962, 33.771783864555402 ], [ -84.406712613322085, 33.771806474005025 ], [ -84.40673966802207, 33.770909061305652 ] ] ] } },
{ "type": "Feature", "properties": { "tile_id": 1007, "average_temperature": 35.392, "min_temperature": 35.392, "max_temperature": 35.392, "tree_opportunity_percent": 0.0 }, "geometry": { "type": "Polygon", "coordinates": [ [ [ -84.405664619920927, 33.770886452618008 ], [ -84.404589573019123, 33.77086383457938 ], [ -84.404562495949207, 33.771761245754497 ], [ -84.405637554035962, 33.771783864555402 ], [ -84.405664619920927, 33.770886452618008 ] ] ] } },
{ "type": "Feature", "properties": { "tile_id": 1008, "average_temperature": 35.3792, "min_temperature": 35.3792, "max_temperature": 35.3792, "tree_opportunity_percent": 0.0 }, "geometry": { "type": "Polygon", "coordinates": [ [ [ -84.404589573019123, 33.77086383457938 ], [ -84.403514527317142, 33.770841207189811 ], [ -84.40348743906236, 33.771738617602338 ], [ -84.404562495949222, 33.771761245754497 ], [ -84.404589573019123, 33.77086383457938 ] ] ] } },
{ "type": "Feature", "properties": { "tile_id": 1009, "average_temperature": 35.3689, "min_temperature": 35.3689, "max_temperature": 35.3689, "tree_opportunity_percent": 0.0 }, "geometry": { "type": "Polygon", "coordinates": [ [ [ -84.403514527317142, 33.770841207189811 ], [ -84.402439482815495, 33.770818570449336 ], [ -84.402412383375875, 33.771715980098939 ], [ -84.40348743906236, 33.771738617602338 ], [ -84.403514527317142, 33.770841207189811 ] ] ] } },
{ "type": "Feature", "properties": { "tile_id": 1010, "average_temperature": 35.3614, "min_temperature": 35.3614, "max_temperature": 35.3614, "tree_opportunity_percent": 0.0 }, "geometry": { "type": "Polygon", "coordinates": [ [ [ -84.402439482815495, 33.770818570449336 ], [ -84.401364439514651, 33.770795924357984 ], [ -84.40133732889025, 33.771693333244357 ], [ -84.402412383375875, 33.771715980098939 ], [ -84.402439482815495, 33.770818570449336 ] ] ] } },
{ "type": "Feature", "properties": { "tile_id": 1011, "average_temperature": 35.3568, "min_temperature": 35.3568, "max_temperature": 35.3568, "tree_opportunity_percent": 0.0 }, "geometry": { "type": "Polygon", "coordinates": [ [ [ -84.401364439514651, 33.770795924357984 ], [ -84.400289397415136, 33.770773268915796 ], [ -84.400262275605996, 33.771670677038628 ], [ -84.40133732889025, 33.771693333244357 ], [ -84.401364439514651, 33.770795924357984 ] ] ] } },
{ "type": "Feature", "properties": { "tile_id": 1012, "average_temperature": 35.3547, "min_temperature": 35.3547, "max_temperature": 35.3547, "tree_opportunity_percent": 0.0 }, "geometry": { "type": "Polygon", "coordinates": [ [ [ -84.400289397415136, 33.770773268915796 ], [ -84.399214356517405, 33.770750604122796 ], [ -84.399187223523612, 33.771648011481766 ], [ -84.400262275605996, 33.771670677038628 ], [ -84.400289397415136, 33.770773268915796 ] ] ] } },
{ "type": "Feature", "properties": { "tile_id": 1013, "average_temperature": 35.3548, "min_temperature": 35.3548, "max_temperature": 35.3548, "tree_opportunity_percent": 0.0 }, "geometry": { "type": "Polygon", "coordinates": [ [ [ -84.399214356517405, 33.770750604122796 ], [ -84.398139316821997, 33.770727929979032 ], [ -84.398112172643565, 33.771625336573827 ], [ -84.399187223523612, 33.771648011481766 ], [ -84.399214356517405, 33.770750604122796 ] ] ] } },
{ "type": "Feature", "properties": { "tile_id": 1014, "average_temperature": 35.3567, "min_temperature": 35.3567, "max_temperature": 35.3567, "tree_opportunity_percent": 0.0 }, "geometry": { "type": "Polygon", "coordinates": [ [ [ -84.398139316821997, 33.770727929979032 ], [ -84.397064278329381, 33.770705246484532 ], [ -84.397037122966381, 33.771602652314847 ], [ -84.398112172643565, 33.771625336573827 ], [ -84.398139316821997, 33.770727929979032 ] ] ] } },
{ "type": "Feature", "properties": { "tile_id": 1015, "average_temperature": 35.3601, "min_temperature": 35.3601, "max_temperature": 35.3601, "tree_opportunity_percent": 0.0 }, "geometry": { "type": "Polygon", "coordinates": [ [ [ -84.397064278329381, 33.770705246484532 ], [ -84.395989241040056, 33.770682553639332 ], [ -84.39596207449253, 33.771579958704848 ], [ -84.397037122966381, 33.771602652314847 ], [ -84.397064278329381, 33.770705246484532 ] ] ] } },
{ "type": "Feature", "properties": { "tile_id": 1016, "average_temperature": 35.3648, "min_temperature": 35.3648, "max_temperature": 35.3648, "tree_opportunity_percent": 0.0 }, "geometry": { "type": "Polygon", "coordinates": [ [ [ -84.395989241040056, 33.770682553639332 ], [ -84.394914204954517, 33.770659851443476 ], [ -84.394887027222509, 33.771557255743858 ], [ -84.39596207449253, 33.771579958704848 ], [ -84.395989241040056, 33.770682553639332 ] ] ] } },
{ "type": "Feature", "properties": { "tile_id": 1017, "average_temperature": 35.3703, "min_temperature": 35.3703, "max_temperature": 35.3703, "tree_opportunity_percent": 0.0 }, "geometry": { "type": "Polygon", "coordinates": [ [ [ -84.394914204954517, 33.770659851443476 ], [ -84.393839170073264, 33.770637139896969 ], [ -84.39381198115683, 33.771534543431926 ], [ -84.394887027222509, 33.771557255743858 ], [ -84.394914204954517, 33.770659851443476 ] ] ] } },
{ "type": "Feature", "properties": { "tile_id": 1018, "average_temperature": 35.3764, "min_temperature": 35.3764, "max_temperature": 35.3764, "tree_opportunity_percent": 0.0 }, "geometry": { "type": "Polygon", "coordinates": [ [ [ -84.393839170073264, 33.770637139896969 ], [ -84.392764136396764, 33.770614418999884 ], [ -84.392736936295975, 33.771511821769096 ], [ -84.39381198115683, 33.771534543431926 ], [ -84.393839170073264, 33.770637139896969 ] ] ] } },
{ "type": "Feature", "properties": { "tile_id": 1019, "average_temperature": 35.3828, "min_temperature": 35.3828, "max_temperature": 35.3828, "tree_opportunity_percent": 0.0 }, "geometry": { "type": "Polygon", "coordinates": [ [ [ -84.392764136396778, 33.770614418999884 ], [ -84.391689103925572, 33.770591688752226 ], [ -84.391661892640442, 33.771489090755388 ], [ -84.392736936295989, 33.771511821769096 ], [ -84.392764136396778, 33.770614418999884 ] ] ] } },
{ "type": "Feature", "properties": { "tile_id": 1020, "average_temperature": 35.3891, "min_temperature": 35.3891, "max_temperature": 35.3891, "tree_opportunity_percent": 0.0 }, "geometry": { "type": "Polygon", "coordinates": [ [ [ -84.391689103925572, 33.770591688752226 ], [ -84.390614072660114, 33.770568949154061 ], [ -84.390586850190729, 33.771466350390838 ], [ -84.391661892640442, 33.771489090755388 ], [ -84.391689103925572, 33.770591688752226 ] ] ] } },
{ "type": "Feature", "properties": { "tile_id": 1021, "average_temperature": 35.3951, "min_temperature": 35.3951, "max_temperature": 35.3951, "tree_opportunity_percent": 0.0 }, "geometry": { "type": "Polygon", "coordinates": [ [ [ -84.390614072660114, 33.770568949154061 ], [ -84.38953904260093, 33.770546200205395 ], [ -84.389511808947319, 33.771443600675489 ], [ -84.390586850190729, 33.771466350390838 ], [ -84.390614072660114, 33.770568949154061 ] ] ] } },
{ "type": "Feature", "properties": { "tile_id": 1022, "average_temperature": 35.4005, "min_temperature": 35.4005, "max_temperature": 35.4005, "tree_opportunity_percent": 0.0 }, "geometry": { "type": "Polygon", "coordinates": [ [ [ -84.38953904260093, 33.770546200205395 ], [ -84.388464013748489, 33.770523441906278 ], [ -84.388436768910708, 33.771420841609363 ], [ -84.389511808947319, 33.771443600675489 ], [ -84.38953904260093, 33.770546200205395 ] ] ] } },
{ "type": "Feature", "properties": { "tile_id": 1023, "average_temperature": 35.4049, "min_temperature": 35.4049, "max_temperature": 35.4049, "tree_opportunity_percent": 0.0 }, "geometry": { "type": "Polygon", "coordinates": [ [ [ -84.388464013748489, 33.770523441906278 ], [ -84.387388986103318, 33.770500674256738 ], [ -84.387361730081409, 33.771398073192508 ], [ -84.388436768910708, 33.771420841609363 ], [ -84.388464013748489, 33.770523441906278 ] ] ] } },
{ "type": "Feature", "properties": { "tile_id": 1024, "average_temperature": 35.4082, "min_temperature": 35.4082, "max_temperature": 35.4082, "tree_opportunity_percent": 0.0 }, "geometry": { "type": "Polygon", "coordinates": [ [ [ -84.387388986103318, 33.770500674256738 ], [ -84.38631395966587, 33.770477897256811 ], [ -84.386286692459905, 33.771375295424953 ], [ -84.387361730081423, 33.771398073192508 ], [ -84.387388986103318, 33.770500674256738 ] ] ] } },
{ "type": "Feature", "properties": { "tile_id": 1025, "average_temperature": 35.41, "min_temperature": 35.41, "max_temperature": 35.41, "tree_opportunity_percent": 0.0 }, "geometry": { "type": "Polygon", "coordinates": [ [ [ -84.38631395966587, 33.770477897256811 ], [ -84.385238934436671, 33.770455110906553 ], [ -84.385211656046692, 33.771352508306727 ], [ -84.386286692459905, 33.771375295424953 ], [ -84.38631395966587, 33.770477897256811 ] ] ] } },
{ "type": "Feature", "properties": { "tile_id": 1026, "average_temperature": 35.41, "min_temperature": 35.41, "max_temperature": 35.41, "tree_opportunity_percent": 0.0 }, "geometry": { "type": "Polygon", "coordinates": [ [ [ -84.385238934436671, 33.770455110906553 ], [ -84.384163910416206, 33.770432315205952 ], [ -84.384136620842256, 33.771329711837872 ], [ -84.385211656046692, 33.771352508306727 ], [ -84.385238934436671, 33.770455110906553 ] ] ] } },
{ "type": "Feature", "properties": { "tile_id": 1027, "average_temperature": 35.4079, "min_temperature": 35.4079, "max_temperature": 35.4079, "tree_opportunity_percent": 0.0 }, "geometry": { "type": "Polygon", "coordinates": [ [ [ -84.384163910416206, 33.770432315205952 ], [ -84.383088887604956, 33.770409510155091 ], [ -84.383061586847091, 33.771306906018424 ], [ -84.384136620842256, 33.771329711837872 ], [ -84.384163910416206, 33.770432315205952 ] ] ] } },
{ "type": "Feature", "properties": { "tile_id": 1028, "average_temperature": 35.4034, "min_temperature": 35.4034, "max_temperature": 35.4034, "tree_opportunity_percent": 0.0 }, "geometry": { "type": "Polygon", "coordinates": [ [ [ -84.383088887604956, 33.770409510155091 ], [ -84.382013866003433, 33.770386695753977 ], [ -84.381986554061712, 33.771284090848425 ], [ -84.383061586847091, 33.771306906018424 ], [ -84.383088887604956, 33.770409510155091 ] ] ] } },
{ "type": "Feature", "properties": { "tile_id": 1029, "average_temperature": 35.3963, "min_temperature": 35.3963, "max_temperature": 35.3963, "tree_opportunity_percent": 0.0 }, "geometry": { "type": "Polygon", "coordinates": [ [ [ -84.382013866003433, 33.770386695753977 ], [ -84.380938845612121, 33.770363872002655 ], [ -84.380911522486599, 33.77126126632789 ], [ -84.381986554061712, 33.771284090848425 ], [ -84.382013866003433, 33.770386695753977 ] ] ] } },
{ "type": "Feature", "properties": { "tile_id": 1030, "average_temperature": 35.3861, "min_temperature": 35.3861, "max_temperature": 35.3861, "tree_opportunity_percent": 0.0 }, "geometry": { "type": "Polygon", "coordinates": [ [ [ -84.380938845612121, 33.770363872002655 ], [ -84.379863826431531, 33.770341038901158 ], [ -84.379836492122237, 33.771238432456876 ], [ -84.380911522486599, 33.77126126632789 ], [ -84.380938845612121, 33.770363872002655 ] ] ] } },
{ "type": "Feature", "properties": { "tile_id": 1031, "average_temperature": 35.3727, "min_temperature": 35.3727, "max_temperature": 35.3727, "tree_opportunity_percent": 0.0 }, "geometry": { "type": "Polygon", "coordinates": [ [ [ -84.379863826431531, 33.770341038901158 ], [ -84.378788808462133, 33.770318196449523 ], [ -84.378761462969138, 33.771215589235403 ], [ -84.379836492122237, 33.771238432456876 ], [ -84.379863826431531, 33.770341038901158 ] ] ] } },
{ "type": "Feature", "properties": { "tile_id": 1032, "average_temperature": 35.3568, "min_temperature": 35.3568, "max_temperature": 35.3568, "tree_opportunity_percent": 0.0 }, "geometry": { "type": "Polygon", "coordinates": [ [ [ -84.378788808462147, 33.770318196449523 ], [ -84.377713791704451, 33.770295344647785 ], [ -84.377686435027783, 33.771192736663508 ], [ -84.378761462969138, 33.771215589235403 ], [ -84.378788808462147, 33.770318196449523 ] ] ] } },
{ "type": "Feature", "properties": { "tile_id": 1033, "average_temperature": 35.339, "min_temperature": 35.339, "max_temperature": 35.339, "tree_opportunity_percent": 0.0 }, "geometry": { "type": "Polygon", "coordinates": [ [ [ -84.377713791704451, 33.770295344647785 ], [ -84.376638776158956, 33.770272483495972 ], [ -84.376611408298686, 33.771169874741233 ], [ -84.377686435027783, 33.771192736663508 ], [ -84.377713791704451, 33.770295344647785 ] ] ] } },
{ "type": "Feature", "properties": { "tile_id": 1034, "average_temperature": 35.3198, "min_temperature": 35.3198, "max_temperature": 35.3198, "tree_opportunity_percent": 0.0 }, "geometry": { "type": "Polygon", "coordinates": [ [ [ -84.376638776158956, 33.770272483495972 ], [ -84.375563761826157, 33.770249612994142 ], [ -84.375536382782329, 33.771147003468613 ], [ -84.376611408298686, 33.771169874741233 ], [ -84.376638776158956, 33.770272483495972 ] ] ] } },
{ "type": "Feature", "properties": { "tile_id": 1035, "average_temperature": 35.3, "min_temperature": 35.3, "max_temperature": 35.3, "tree_opportunity_percent": 0.0 }, "geometry": { "type": "Polygon", "coordinates": [ [ [ -84.375563761826157, 33.770249612994142 ], [ -84.37448874870654, 33.770226733142287 ], [ -84.374461358479195, 33.771124122845677 ], [ -84.375536382782329, 33.771147003468613 ], [ -84.375563761826157, 33.770249612994142 ] ] ] } },
{ "type": "Feature", "properties": { "tile_id": 1036, "average_temperature": 35.5239, "min_temperature": 35.5239, "max_temperature": 35.5239, "tree_opportunity_percent": 0.0 }, "geometry": { "type": "Polygon", "coordinates": [ [ [ -84.4142380618662, 33.771964478313201 ], [ -84.413162994198217, 33.771941934323614 ], [ -84.413136005414316, 33.772839351438442 ], [ -84.414211084268118, 33.772861896187806 ], [ -84.4142380618662, 33.771964478313201 ] ] ] } },
{ "type": "Feature", "properties": { "tile_id": 1037, "average_temperature": 35.5073, "min_temperature": 35.5073, "max_temperature": 35.5073, "tree_opportunity_percent": 0.0 }, "geometry": { "type": "Polygon", "coordinates": [ [ [ -84.413162994198217, 33.771941934323614 ], [ -84.412087927726176, 33.771919380982482 ], [ -84.412060927756499, 33.772816797337221 ], [ -84.413136005414316, 33.772839351438442 ], [ -84.413162994198217, 33.771941934323614 ] ] ] } },
{ "type": "Feature", "properties": { "tile_id": 1038, "average_temperature": 35.4895, "min_temperature": 35.4895, "max_temperature": 35.4895, "tree_opportunity_percent": 0.0 }, "geometry": { "type": "Polygon", "coordinates": [ [ [ -84.412087927726176, 33.771919380982482 ], [ -84.411012862450548, 33.771896818289861 ], [ -84.410985851295138, 33.77279423388417 ], [ -84.412060927756499, 33.772816797337221 ], [ -84.412087927726176, 33.771919380982482 ] ] ] } },
{ "type": "Feature", "properties": { "tile_id": 1039, "average_temperature": 35.471, "min_temperature": 35.471, "max_temperature": 35.471, "tree_opportunity_percent": 0.0 }, "geometry": { "type": "Polygon", "coordinates": [ [ [ -84.411012862450548, 33.771896818289861 ], [ -84.409937798371814, 33.771874246245751 ], [ -84.409910776030742, 33.772771661079354 ], [ -84.410985851295138, 33.77279423388417 ], [ -84.411012862450548, 33.771896818289861 ] ] ] } },
{ "type": "Feature", "properties": { "tile_id": 1040, "average_temperature": 35.4523, "min_temperature": 35.4523, "max_temperature": 35.4523, "tree_opportunity_percent": 0.0 }, "geometry": { "type": "Polygon", "coordinates": [ [ [ -84.409937798371828, 33.771874246245751 ], [ -84.408862735490501, 33.771851664850224 ], [ -84.408835701963795, 33.772749078922793 ], [ -84.409910776030742, 33.772771661079354 ], [ -84.409937798371828, 33.771874246245751 ] ] ] } },
{ "type": "Feature", "properties": { "tile_id": 1041, "average_temperature": 35.4338, "min_temperature": 35.4338, "max_temperature": 35.4338, "tree_opportunity_percent": 0.0 }, "geometry": { "type": "Polygon", "coordinates": [ [ [ -84.408862735490501, 33.771851664850224 ], [ -84.407787673807093, 33.771829074103309 ], [ -84.40776062909481, 33.772726487414509 ], [ -84.408835701963795, 33.772749078922793 ], [ -84.408862735490501, 33.771851664850224 ] ] ] } },
{ "type": "Feature", "properties": { "tile_id": 1042, "average_temperature": 35.4161, "min_temperature": 35.4161, "max_temperature": 35.4161, "tree_opportunity_percent": 0.0 }, "geometry": { "type": "Polygon", "coordinates": [ [ [ -84.407787673807093, 33.771829074103309 ], [ -84.406712613322071, 33.771806474005025 ], [ -84.406685557424268, 33.772703886554545 ], [ -84.40776062909481, 33.772726487414509 ], [ -84.407787673807093, 33.771829074103309 ] ] ] } },
{ "type": "Feature", "properties": { "tile_id": 1043, "average_temperature": 35.3995, "min_temperature": 35.3995, "max_temperature": 35.3995, "tree_opportunity_percent": 0.0 }, "geometry": { "type": "Polygon", "coordinates": [ [ [ -84.406712613322085, 33.771806474005025 ], [ -84.405637554035962, 33.771783864555402 ], [ -84.405610486952668, 33.772681276342951 ], [ -84.406685557424268, 33.772703886554545 ], [ -84.406712613322085, 33.771806474005025 ] ] ] } },
{ "type": "Feature", "properties": { "tile_id": 1044, "average_temperature": 35.3845, "min_temperature": 35.3845, "max_temperature": 35.3845, "tree_opportunity_percent": 0.0 }, "geometry": { "type": "Polygon", "coordinates": [ [ [ -84.405637554035962, 33.771783864555402 ], [ -84.404562495949207, 33.771761245754497 ], [ -84.404535417680506, 33.772658656779747 ], [ -84.405610486952668, 33.772681276342951 ], [ -84.405637554035962, 33.771783864555402 ] ] ] } },
{ "type": "Feature", "properties": { "tile_id": 1045, "average_temperature": 35.3717, "min_temperature": 35.3717, "max_temperature": 35.3717, "tree_opportunity_percent": 0.0 }, "geometry": { "type": "Polygon", "coordinates": [ [ [ -84.404562495949222, 33.771761245754497 ], [ -84.40348743906236, 33.771738617602338 ], [ -84.403460349608267, 33.772636027864962 ], [ -84.404535417680506, 33.772658656779747 ], [ -84.404562495949222, 33.771761245754497 ] ] ] } },
{ "type": "Feature", "properties": { "tile_id": 1046, "average_temperature": 35.3614, "min_temperature": 35.3614, "max_temperature": 35.3614, "tree_opportunity_percent": 0.0 }, "geometry": { "type": "Polygon", "coordinates": [ [ [ -84.40348743906236, 33.771738617602338 ], [ -84.402412383375875, 33.771715980098939 ], [ -84.402385282736461, 33.772613389598639 ], [ -84.403460349608267, 33.772636027864962 ], [ -84.40348743906236, 33.771738617602338 ] ] ] } },
{ "type": "Feature", "properties": { "tile_id": 1047, "average_temperature": 35.3541, "min_temperature": 35.3541, "max_temperature": 35.3541, "tree_opportunity_percent": 0.0 }, "geometry": { "type": "Polygon", "coordinates": [ [ [ -84.402412383375875, 33.771715980098939 ], [ -84.40133732889025, 33.771693333244357 ], [ -84.401310217065571, 33.772590741980821 ], [ -84.402385282736461, 33.772613389598639 ], [ -84.402412383375875, 33.771715980098939 ] ] ] } },
{ "type": "Feature", "properties": { "tile_id": 1048, "average_temperature": 35.3499, "min_temperature": 35.3499, "max_temperature": 35.3499, "tree_opportunity_percent": 0.0 }, "geometry": { "type": "Polygon", "coordinates": [ [ [ -84.40133732889025, 33.771693333244357 ], [ -84.400262275605996, 33.771670677038628 ], [ -84.400235152596096, 33.772568085011521 ], [ -84.401310217065571, 33.772590741980821 ], [ -84.40133732889025, 33.771693333244357 ] ] ] } },
{ "type": "Feature", "properties": { "tile_id": 1049, "average_temperature": 35.3483, "min_temperature": 35.3483, "max_temperature": 35.3483, "tree_opportunity_percent": 0.0 }, "geometry": { "type": "Polygon", "coordinates": [ [ [ -84.400262275605996, 33.771670677038628 ], [ -84.399187223523612, 33.771648011481766 ], [ -84.399160089328532, 33.77254541869079 ], [ -84.400235152596096, 33.772568085011521 ], [ -84.400262275605996, 33.771670677038628 ] ] ] } },
{ "type": "Feature", "properties": { "tile_id": 1050, "average_temperature": 35.3491, "min_temperature": 35.3491, "max_temperature": 35.3491, "tree_opportunity_percent": 0.0 }, "geometry": { "type": "Polygon", "coordinates": [ [ [ -84.399187223523612, 33.771648011481766 ], [ -84.398112172643565, 33.771625336573827 ], [ -84.398085027263377, 33.772522743018669 ], [ -84.399160089328532, 33.77254541869079 ], [ -84.399187223523612, 33.771648011481766 ] ] ] } },
{ "type": "Feature", "properties": { "tile_id": 1051, "average_temperature": 35.3517, "min_temperature": 35.3517, "max_temperature": 35.3517, "tree_opportunity_percent": 0.0 }, "geometry": { "type": "Polygon", "coordinates": [ [ [ -84.398112172643565, 33.771625336573827 ], [ -84.397037122966381, 33.771602652314847 ], [ -84.3970099664011, 33.772500057995181 ], [ -84.398085027263377, 33.772522743018669 ], [ -84.398112172643565, 33.771625336573827 ] ] ] } },
{ "type": "Feature", "properties": { "tile_id": 1052, "average_temperature": 35.356, "min_temperature": 35.356, "max_temperature": 35.356, "tree_opportunity_percent": 0.0 }, "geometry": { "type": "Polygon", "coordinates": [ [ [ -84.397037122966381, 33.771602652314847 ], [ -84.39596207449253, 33.771579958704848 ], [ -84.395934906742227, 33.772477363620361 ], [ -84.3970099664011, 33.772500057995181 ], [ -84.397037122966381, 33.771602652314847 ] ] ] } },
{ "type": "Feature", "properties": { "tile_id": 1053, "average_temperature": 35.3614, "min_temperature": 35.3614, "max_temperature": 35.3614, "tree_opportunity_percent": 0.0 }, "geometry": { "type": "Polygon", "coordinates": [ [ [ -84.39596207449253, 33.771579958704848 ], [ -84.394887027222509, 33.771557255743858 ], [ -84.394859848287254, 33.772454659894251 ], [ -84.395934906742227, 33.772477363620361 ], [ -84.39596207449253, 33.771579958704848 ] ] ] } },
{ "type": "Feature", "properties": { "tile_id": 1054, "average_temperature": 35.3677, "min_temperature": 35.3677, "max_temperature": 35.3677, "tree_opportunity_percent": 0.0 }, "geometry": { "type": "Polygon", "coordinates": [ [ [ -84.394887027222509, 33.771557255743858 ], [ -84.39381198115683, 33.771534543431926 ], [ -84.393784791036651, 33.772431946816873 ], [ -84.394859848287254, 33.772454659894251 ], [ -84.394887027222509, 33.771557255743858 ] ] ] } },
{ "type": "Feature", "properties": { "tile_id": 1055, "average_temperature": 35.3745, "min_temperature": 35.3745, "max_temperature": 35.3745, "tree_opportunity_percent": 0.0 }, "geometry": { "type": "Polygon", "coordinates": [ [ [ -84.39381198115683, 33.771534543431926 ], [ -84.392736936295975, 33.771511821769096 ], [ -84.392709734990945, 33.772409224388277 ], [ -84.393784791036651, 33.772431946816873 ], [ -84.39381198115683, 33.771534543431926 ] ] ] } },
{ "type": "Feature", "properties": { "tile_id": 1056, "average_temperature": 35.3814, "min_temperature": 35.3814, "max_temperature": 35.3814, "tree_opportunity_percent": 0.0 }, "geometry": { "type": "Polygon", "coordinates": [ [ [ -84.392736936295989, 33.771511821769096 ], [ -84.391661892640442, 33.771489090755388 ], [ -84.391634680150574, 33.77238649260849 ], [ -84.392709734990945, 33.772409224388277 ], [ -84.392736936295989, 33.771511821769096 ] ] ] } },
{ "type": "Feature", "properties": { "tile_id": 1057, "average_temperature": 35.3882, "min_temperature": 35.3882, "max_temperature": 35.3882, "tree_opportunity_percent": 0.0 }, "geometry": { "type": "Polygon", "coordinates": [ [ [ -84.391661892640442, 33.771489090755388 ], [ -84.390586850190729, 33.771466350390838 ], [ -84.390559626516108, 33.772363751477549 ], [ -84.391634680150588, 33.77238649260849 ], [ -84.391661892640442, 33.771489090755388 ] ] ] } },
{ "type": "Feature", "properties": { "tile_id": 1058, "average_temperature": 35.3944, "min_temperature": 35.3944, "max_temperature": 35.3944, "tree_opportunity_percent": 0.0 }, "geometry": { "type": "Polygon", "coordinates": [ [ [ -84.390586850190729, 33.771466350390838 ], [ -84.389511808947319, 33.771443600675489 ], [ -84.389484574087987, 33.772341000995482 ], [ -84.390559626516108, 33.772363751477549 ], [ -84.390586850190729, 33.771466350390838 ] ] ] } },
{ "type": "Feature", "properties": { "tile_id": 1059, "average_temperature": 35.3998, "min_temperature": 35.3998, "max_temperature": 35.3998, "tree_opportunity_percent": 0.0 }, "geometry": { "type": "Polygon", "coordinates": [ [ [ -84.389511808947319, 33.771443600675489 ], [ -84.388436768910708, 33.771420841609363 ], [ -84.388409522866709, 33.772318241162353 ], [ -84.389484574087987, 33.772341000995482 ], [ -84.389511808947319, 33.771443600675489 ] ] ] } },
{ "type": "Feature", "properties": { "tile_id": 1060, "average_temperature": 35.4042, "min_temperature": 35.4042, "max_temperature": 35.4042, "tree_opportunity_percent": 0.0 }, "geometry": { "type": "Polygon", "coordinates": [ [ [ -84.388436768910708, 33.771420841609363 ], [ -84.387361730081409, 33.771398073192508 ], [ -84.3873344728528, 33.772295471978154 ], [ -84.388409522866709, 33.772318241162353 ], [ -84.388436768910708, 33.771420841609363 ] ] ] } },
{ "type": "Feature", "properties": { "tile_id": 1061, "average_temperature": 35.4074, "min_temperature": 35.4074, "max_temperature": 35.4074, "tree_opportunity_percent": 0.0 }, "geometry": { "type": "Polygon", "coordinates": [ [ [ -84.387361730081423, 33.771398073192508 ], [ -84.386286692459905, 33.771375295424953 ], [ -84.386259424046727, 33.772272693442943 ], [ -84.3873344728528, 33.772295471978154 ], [ -84.387361730081423, 33.771398073192508 ] ] ] } },
{ "type": "Feature", "properties": { "tile_id": 1062, "average_temperature": 35.409, "min_temperature": 35.409, "max_temperature": 35.409, "tree_opportunity_percent": 0.0 }, "geometry": { "type": "Polygon", "coordinates": [ [ [ -84.386286692459905, 33.771375295424953 ], [ -84.385211656046692, 33.771352508306727 ], [ -84.38518437644899, 33.772249905556755 ], [ -84.386259424046742, 33.772272693442943 ], [ -84.386286692459905, 33.771375295424953 ] ] ] } },
{ "type": "Feature", "properties": { "tile_id": 1063, "average_temperature": 35.4088, "min_temperature": 35.4088, "max_temperature": 35.4088, "tree_opportunity_percent": 0.0 }, "geometry": { "type": "Polygon", "coordinates": [ [ [ -84.385211656046692, 33.771352508306727 ], [ -84.384136620842256, 33.771329711837872 ], [ -84.384109330060113, 33.772227108319626 ], [ -84.38518437644899, 33.772249905556755 ], [ -84.385211656046692, 33.771352508306727 ] ] ] } },
{ "type": "Feature", "properties": { "tile_id": 1064, "average_temperature": 35.4065, "min_temperature": 35.4065, "max_temperature": 35.4065, "tree_opportunity_percent": 0.0 }, "geometry": { "type": "Polygon", "coordinates": [ [ [ -84.384136620842256, 33.771329711837872 ], [ -84.383061586847091, 33.771306906018424 ], [ -84.383034284880537, 33.772204301731591 ], [ -84.384109330060113, 33.772227108319626 ], [ -84.384136620842256, 33.771329711837872 ] ] ] } },
{ "type": "Feature", "properties": { "tile_id": 1065, "average_temperature": 35.4018, "min_temperature": 35.4018, "max_temperature": 35.4018, "tree_opportunity_percent": 0.0 }, "geometry": { "type": "Polygon", "coordinates": [ [ [ -84.383061586847091, 33.771306906018424 ], [ -84.381986554061712, 33.771284090848425 ], [ -84.381959240910803, 33.772181485792679 ], [ -84.383034284880551, 33.772204301731591 ], [ -84.383061586847091, 33.771306906018424 ] ] ] } },
{ "type": "Feature", "properties": { "tile_id": 1066, "average_temperature": 35.3946, "min_temperature": 35.3946, "max_temperature": 35.3946, "tree_opportunity_percent": 0.0 }, "geometry": { "type": "Polygon", "coordinates": [ [ [ -84.381986554061712, 33.771284090848425 ], [ -84.380911522486599, 33.77126126632789 ], [ -84.380884198151364, 33.772158660502924 ], [ -84.381959240910803, 33.772181485792679 ], [ -84.381986554061712, 33.771284090848425 ] ] ] } },
{ "type": "Feature", "properties": { "tile_id": 1067, "average_temperature": 35.3844, "min_temperature": 35.3844, "max_temperature": 35.3844, "tree_opportunity_percent": 0.0 }, "geometry": { "type": "Polygon", "coordinates": [ [ [ -84.380911522486599, 33.77126126632789 ], [ -84.379836492122237, 33.771238432456876 ], [ -84.379809156602761, 33.772135825862364 ], [ -84.380884198151364, 33.772158660502924 ], [ -84.380911522486599, 33.77126126632789 ] ] ] } },
{ "type": "Feature", "properties": { "tile_id": 1068, "average_temperature": 35.3713, "min_temperature": 35.3713, "max_temperature": 35.3713, "tree_opportunity_percent": 0.0 }, "geometry": { "type": "Polygon", "coordinates": [ [ [ -84.379836492122237, 33.771238432456876 ], [ -84.378761462969138, 33.771215589235403 ], [ -84.378734116265463, 33.772112981871032 ], [ -84.379809156602761, 33.772135825862364 ], [ -84.379836492122237, 33.771238432456876 ] ] ] } },
{ "type": "Feature", "properties": { "tile_id": 1069, "average_temperature": 35.3557, "min_temperature": 35.3557, "max_temperature": 35.3557, "tree_opportunity_percent": 0.0 }, "geometry": { "type": "Polygon", "coordinates": [ [ [ -84.378761462969138, 33.771215589235403 ], [ -84.377686435027783, 33.771192736663508 ], [ -84.377659077139967, 33.772090128528973 ], [ -84.378734116265463, 33.772112981871032 ], [ -84.378761462969138, 33.771215589235403 ] ] ] } },
{ "type": "Feature", "properties": { "tile_id": 1070, "average_temperature": 35.3383, "min_temperature": 35.3383, "max_temperature": 35.3383, "tree_opportunity_percent": 0.0 }, "geometry": { "type": "Polygon", "coordinates": [ [ [ -84.377686435027783, 33.771192736663508 ], [ -84.376611408298686, 33.771169874741233 ], [ -84.376584039226756, 33.772067265836213 ], [ -84.377659077139967, 33.772090128528973 ], [ -84.377686435027783, 33.771192736663508 ] ] ] } },
{ "type": "Feature", "properties": { "tile_id": 1071, "average_temperature": 35.3197, "min_temperature": 35.3197, "max_temperature": 35.3197, "tree_opportunity_percent": 0.0 }, "geometry": { "type": "Polygon", "coordinates": [ [ [ -84.376611408298686, 33.771169874741233 ], [ -84.375536382782329, 33.771147003468613 ], [ -84.375509002526343, 33.772044393792797 ], [ -84.376584039226756, 33.772067265836213 ], [ -84.376611408298686, 33.771169874741233 ] ] ] } },
{ "type": "Feature", "properties": { "tile_id": 1072, "average_temperature": 35.5251, "min_temperature": 35.5251, "max_temperature": 35.5251, "tree_opportunity_percent": 0.0 }, "geometry": { "type": "Polygon", "coordinates": [ [ [ -84.414211084268118, 33.772861896187798 ], [ -84.413136005414316, 33.772839351438435 ], [ -84.413109015435509, 33.773736768403495 ], [ -84.414184105475641, 33.77375931391267 ], [ -84.414211084268118, 33.772861896187798 ] ] ] } },
{ "type": "Feature", "properties": { "tile_id": 1073, "average_temperature": 35.5085, "min_temperature": 35.5085, "max_temperature": 35.5085, "tree_opportunity_percent": 0.0 }, "geometry": { "type": "Polygon", "coordinates": [ [ [ -84.413136005414316, 33.772839351438435 ], [ -84.412060927756499, 33.772816797337214 ], [ -84.41203392659142, 33.773714213542164 ], [ -84.413109015435523, 33.773736768403495 ], [ -84.413136005414316, 33.772839351438435 ] ] ] } },
{ "type": "Feature", "properties": { "tile_id": 1074, "average_temperature": 35.4907, "min_temperature": 35.4907, "max_temperature": 35.4907, "tree_opportunity_percent": 0.0 }, "geometry": { "type": "Polygon", "coordinates": [ [ [ -84.412060927756499, 33.772816797337214 ], [ -84.410985851295138, 33.772794233884163 ], [ -84.410958838943827, 33.773691649328704 ], [ -84.41203392659142, 33.773714213542164 ], [ -84.412060927756499, 33.772816797337214 ] ] ] } },
{ "type": "Feature", "properties": { "tile_id": 1075, "average_temperature": 35.4721, "min_temperature": 35.4721, "max_temperature": 35.4721, "tree_opportunity_percent": 0.0 }, "geometry": { "type": "Polygon", "coordinates": [ [ [ -84.410985851295138, 33.772794233884163 ], [ -84.409910776030742, 33.772771661079346 ], [ -84.409883752493258, 33.773669075763152 ], [ -84.410958838943827, 33.773691649328704 ], [ -84.410985851295138, 33.772794233884163 ] ] ] } },
{ "type": "Feature", "properties": { "tile_id": 1076, "average_temperature": 35.4533, "min_temperature": 35.4533, "max_temperature": 35.4533, "tree_opportunity_percent": 0.0 }, "geometry": { "type": "Polygon", "coordinates": [ [ [ -84.409910776030742, 33.772771661079346 ], [ -84.408835701963795, 33.772749078922786 ], [ -84.408808667240208, 33.773646492845515 ], [ -84.409883752493272, 33.773669075763152 ], [ -84.409910776030742, 33.772771661079346 ] ] ] } },
{ "type": "Feature", "properties": { "tile_id": 1077, "average_temperature": 35.4347, "min_temperature": 35.4347, "max_temperature": 35.4347, "tree_opportunity_percent": 0.0 }, "geometry": { "type": "Polygon", "coordinates": [ [ [ -84.408835701963795, 33.772749078922786 ], [ -84.40776062909481, 33.772726487414495 ], [ -84.407733583185149, 33.773623900575863 ], [ -84.408808667240208, 33.773646492845515 ], [ -84.408835701963795, 33.772749078922786 ] ] ] } },
{ "type": "Feature", "properties": { "tile_id": 1078, "average_temperature": 35.4167, "min_temperature": 35.4167, "max_temperature": 35.4167, "tree_opportunity_percent": 0.0 }, "geometry": { "type": "Polygon", "coordinates": [ [ [ -84.40776062909481, 33.772726487414495 ], [ -84.406685557424268, 33.772703886554538 ], [ -84.406658500328589, 33.773601298954219 ], [ -84.407733583185149, 33.773623900575863 ], [ -84.40776062909481, 33.772726487414495 ] ] ] } },
{ "type": "Feature", "properties": { "tile_id": 1079, "average_temperature": 35.4, "min_temperature": 35.4, "max_temperature": 35.4, "tree_opportunity_percent": 0.0 }, "geometry": { "type": "Polygon", "coordinates": [ [ [ -84.406685557424268, 33.772703886554538 ], [ -84.405610486952668, 33.772681276342944 ], [ -84.405583418671014, 33.773578687980624 ], [ -84.406658500328589, 33.773601298954219 ], [ -84.406685557424268, 33.772703886554538 ] ] ] } },
{ "type": "Feature", "properties": { "tile_id": 1080, "average_temperature": 35.3848, "min_temperature": 35.3848, "max_temperature": 35.3848, "tree_opportunity_percent": 0.0 }, "geometry": { "type": "Polygon", "coordinates": [ [ [ -84.405610486952668, 33.772681276342944 ], [ -84.404535417680506, 33.772658656779733 ], [ -84.404508338212921, 33.773556067655093 ], [ -84.405583418671014, 33.773578687980624 ], [ -84.405610486952668, 33.772681276342944 ] ] ] } },
{ "type": "Feature", "properties": { "tile_id": 1081, "average_temperature": 35.3718, "min_temperature": 35.3718, "max_temperature": 35.3718, "tree_opportunity_percent": 0.0 }, "geometry": { "type": "Polygon", "coordinates": [ [ [ -84.404535417680506, 33.772658656779733 ], [ -84.403460349608267, 33.772636027864955 ], [ -84.40343325895482, 33.77353343797769 ], [ -84.404508338212921, 33.773556067655093 ], [ -84.404535417680506, 33.772658656779733 ] ] ] } },
{ "type": "Feature", "properties": { "tile_id": 1082, "average_temperature": 35.3614, "min_temperature": 35.3614, "max_temperature": 35.3614, "tree_opportunity_percent": 0.0 }, "geometry": { "type": "Polygon", "coordinates": [ [ [ -84.403460349608267, 33.772636027864955 ], [ -84.402385282736461, 33.772613389598632 ], [ -84.40235818089721, 33.773510798948422 ], [ -84.40343325895482, 33.77353343797769 ], [ -84.403460349608267, 33.772636027864955 ] ] ] } },
{ "type": "Feature", "properties": { "tile_id": 1083, "average_temperature": 35.354, "min_temperature": 35.354, "max_temperature": 35.354, "tree_opportunity_percent": 0.0 }, "geometry": { "type": "Polygon", "coordinates": [ [ [ -84.402385282736461, 33.772613389598632 ], [ -84.401310217065571, 33.772590741980807 ], [ -84.401283104040544, 33.773488150567346 ], [ -84.40235818089721, 33.773510798948422 ], [ -84.402385282736461, 33.772613389598632 ] ] ] } },
{ "type": "Feature", "properties": { "tile_id": 1084, "average_temperature": 35.3497, "min_temperature": 35.3497, "max_temperature": 35.3497, "tree_opportunity_percent": 0.0 }, "geometry": { "type": "Polygon", "coordinates": [ [ [ -84.401310217065571, 33.772590741980807 ], [ -84.400235152596096, 33.772568085011514 ], [ -84.40020802838535, 33.773465492834468 ], [ -84.401283104040544, 33.773488150567346 ], [ -84.401310217065571, 33.772590741980807 ] ] ] } },
{ "type": "Feature", "properties": { "tile_id": 1085, "average_temperature": 35.3481, "min_temperature": 35.3481, "max_temperature": 35.3481, "tree_opportunity_percent": 0.0 }, "geometry": { "type": "Polygon", "coordinates": [ [ [ -84.400235152596096, 33.772568085011514 ], [ -84.399160089328532, 33.77254541869079 ], [ -84.399132953932124, 33.773442825749861 ], [ -84.40020802838535, 33.773465492834468 ], [ -84.400235152596096, 33.772568085011514 ] ] ] } },
{ "type": "Feature", "properties": { "tile_id": 1086, "average_temperature": 35.3488, "min_temperature": 35.3488, "max_temperature": 35.3488, "tree_opportunity_percent": 0.0 }, "geometry": { "type": "Polygon", "coordinates": [ [ [ -84.399160089328532, 33.77254541869079 ], [ -84.398085027263377, 33.772522743018669 ], [ -84.39805788068135, 33.773420149313523 ], [ -84.399132953932124, 33.773442825749861 ], [ -84.399160089328532, 33.77254541869079 ] ] ] } },
{ "type": "Feature", "properties": { "tile_id": 1087, "average_temperature": 35.3514, "min_temperature": 35.3514, "max_temperature": 35.3514, "tree_opportunity_percent": 0.0 }, "geometry": { "type": "Polygon", "coordinates": [ [ [ -84.398085027263377, 33.772522743018669 ], [ -84.3970099664011, 33.772500057995174 ], [ -84.39698280863351, 33.773397463525519 ], [ -84.39805788068135, 33.773420149313523 ], [ -84.398085027263377, 33.772522743018669 ] ] ] } },
{ "type": "Feature", "properties": { "tile_id": 1088, "average_temperature": 35.3557, "min_temperature": 35.3557, "max_temperature": 35.3557, "tree_opportunity_percent": 0.0 }, "geometry": { "type": "Polygon", "coordinates": [ [ [ -84.3970099664011, 33.772500057995174 ], [ -84.395934906742227, 33.772477363620347 ], [ -84.395907737789145, 33.773374768385871 ], [ -84.39698280863351, 33.773397463525519 ], [ -84.3970099664011, 33.772500057995174 ] ] ] } },
{ "type": "Feature", "properties": { "tile_id": 1089, "average_temperature": 35.3612, "min_temperature": 35.3612, "max_temperature": 35.3612, "tree_opportunity_percent": 0.0 }, "geometry": { "type": "Polygon", "coordinates": [ [ [ -84.395934906742227, 33.772477363620347 ], [ -84.394859848287254, 33.772454659894244 ], [ -84.394832668148695, 33.773352063894606 ], [ -84.395907737789145, 33.773374768385871 ], [ -84.395934906742227, 33.772477363620347 ] ] ] } },
{ "type": "Feature", "properties": { "tile_id": 1090, "average_temperature": 35.3675, "min_temperature": 35.3675, "max_temperature": 35.3675, "tree_opportunity_percent": 0.0 }, "geometry": { "type": "Polygon", "coordinates": [ [ [ -84.394859848287254, 33.772454659894244 ], [ -84.393784791036651, 33.772431946816866 ], [ -84.393757599712686, 33.773329350051768 ], [ -84.394832668148695, 33.773352063894606 ], [ -84.394859848287254, 33.772454659894244 ] ] ] } },
{ "type": "Feature", "properties": { "tile_id": 1091, "average_temperature": 35.3743, "min_temperature": 35.3743, "max_temperature": 35.3743, "tree_opportunity_percent": 0.0 }, "geometry": { "type": "Polygon", "coordinates": [ [ [ -84.393784791036651, 33.772431946816866 ], [ -84.392709734990945, 33.772409224388277 ], [ -84.392682532481601, 33.773306626857398 ], [ -84.393757599712686, 33.773329350051768 ], [ -84.393784791036651, 33.772431946816866 ] ] ] } },
{ "type": "Feature", "properties": { "tile_id": 1092, "average_temperature": 35.3813, "min_temperature": 35.3813, "max_temperature": 35.3813, "tree_opportunity_percent": 0.0 }, "geometry": { "type": "Polygon", "coordinates": [ [ [ -84.392709734990945, 33.772409224388277 ], [ -84.391634680150574, 33.772386492608483 ], [ -84.391607466455937, 33.773283894311518 ], [ -84.392682532481601, 33.773306626857398 ], [ -84.392709734990945, 33.772409224388277 ] ] ] } },
{ "type": "Feature", "properties": { "tile_id": 1093, "average_temperature": 35.388, "min_temperature": 35.388, "max_temperature": 35.388, "tree_opportunity_percent": 0.0 }, "geometry": { "type": "Polygon", "coordinates": [ [ [ -84.391634680150588, 33.772386492608483 ], [ -84.390559626516108, 33.772363751477549 ], [ -84.390532401636193, 33.773261152414165 ], [ -84.391607466455937, 33.773283894311518 ], [ -84.391634680150588, 33.772386492608483 ] ] ] } },
{ "type": "Feature", "properties": { "tile_id": 1094, "average_temperature": 35.3941, "min_temperature": 35.3941, "max_temperature": 35.3941, "tree_opportunity_percent": 0.0 }, "geometry": { "type": "Polygon", "coordinates": [ [ [ -84.390559626516108, 33.772363751477549 ], [ -84.389484574087987, 33.772341000995482 ], [ -84.389457338022865, 33.773238401165386 ], [ -84.390532401636193, 33.773261152414165 ], [ -84.390559626516108, 33.772363751477549 ] ] ] } },
{ "type": "Feature", "properties": { "tile_id": 1095, "average_temperature": 35.3994, "min_temperature": 35.3994, "max_temperature": 35.3994, "tree_opportunity_percent": 0.0 }, "geometry": { "type": "Polygon", "coordinates": [ [ [ -84.389484574087987, 33.772341000995482 ], [ -84.388409522866709, 33.772318241162345 ], [ -84.388382275616436, 33.773215640565205 ], [ -84.389457338022865, 33.773238401165386 ], [ -84.389484574087987, 33.772341000995482 ] ] ] } },
{ "type": "Feature", "properties": { "tile_id": 1096, "average_temperature": 35.4036, "min_temperature": 35.4036, "max_temperature": 35.4036, "tree_opportunity_percent": 0.0 }, "geometry": { "type": "Polygon", "coordinates": [ [ [ -84.388409522866709, 33.772318241162345 ], [ -84.3873344728528, 33.772295471978147 ], [ -84.387307214417419, 33.773192870613656 ], [ -84.388382275616436, 33.773215640565205 ], [ -84.388409522866709, 33.772318241162345 ] ] ] } },
{ "type": "Feature", "properties": { "tile_id": 1097, "average_temperature": 35.4066, "min_temperature": 35.4066, "max_temperature": 35.4066, "tree_opportunity_percent": 0.0 }, "geometry": { "type": "Polygon", "coordinates": [ [ [ -84.3873344728528, 33.772295471978147 ], [ -84.386259424046727, 33.772272693442936 ], [ -84.386232154426295, 33.773170091310789 ], [ -84.387307214417419, 33.773192870613656 ], [ -84.3873344728528, 33.772295471978147 ] ] ] } },
{ "type": "Feature", "properties": { "tile_id": 1098, "average_temperature": 35.408, "min_temperature": 35.408, "max_temperature": 35.408, "tree_opportunity_percent": 0.0 }, "geometry": { "type": "Polygon", "coordinates": [ [ [ -84.386259424046742, 33.772272693442936 ], [ -84.38518437644899, 33.772249905556748 ], [ -84.385157095643564, 33.773147302656618 ], [ -84.386232154426295, 33.773170091310789 ], [ -84.386259424046742, 33.772272693442936 ] ] ] } },
{ "type": "Feature", "properties": { "tile_id": 1099, "average_temperature": 35.4077, "min_temperature": 35.4077, "max_temperature": 35.4077, "tree_opportunity_percent": 0.0 }, "geometry": { "type": "Polygon", "coordinates": [ [ [ -84.38518437644899, 33.772249905556748 ], [ -84.384109330060113, 33.772227108319626 ], [ -84.384082038069721, 33.773124504651193 ], [ -84.385157095643564, 33.773147302656618 ], [ -84.38518437644899, 33.772249905556748 ] ] ] } },
{ "type": "Feature", "properties": { "tile_id": 1100, "average_temperature": 35.4053, "min_temperature": 35.4053, "max_temperature": 35.4053, "tree_opportunity_percent": 0.0 }, "geometry": { "type": "Polygon", "coordinates": [ [ [ -84.384109330060113, 33.772227108319626 ], [ -84.383034284880537, 33.772204301731584 ], [ -84.38300698170525, 33.773101697294543 ], [ -84.384082038069721, 33.773124504651193 ], [ -84.384109330060113, 33.772227108319626 ] ] ] } },
{ "type": "Feature", "properties": { "tile_id": 1101, "average_temperature": 35.4007, "min_temperature": 35.4007, "max_temperature": 35.4007, "tree_opportunity_percent": 0.0 }, "geometry": { "type": "Polygon", "coordinates": [ [ [ -84.383034284880551, 33.772204301731584 ], [ -84.381959240910803, 33.772181485792665 ], [ -84.381931926550649, 33.773078880586702 ], [ -84.38300698170525, 33.773101697294543 ], [ -84.383034284880551, 33.772204301731584 ] ] ] } },
{ "type": "Feature", "properties": { "tile_id": 1102, "average_temperature": 35.3935, "min_temperature": 35.3935, "max_temperature": 35.3935, "tree_opportunity_percent": 0.0 }, "geometry": { "type": "Polygon", "coordinates": [ [ [ -84.381959240910803, 33.772181485792665 ], [ -84.380884198151364, 33.772158660502917 ], [ -84.380856872606429, 33.7730560545277 ], [ -84.381931926550649, 33.773078880586702 ], [ -84.381959240910803, 33.772181485792665 ] ] ] } },
{ "type": "Feature", "properties": { "tile_id": 1103, "average_temperature": 35.3836, "min_temperature": 35.3836, "max_temperature": 35.3836, "tree_opportunity_percent": 0.0 }, "geometry": { "type": "Polygon", "coordinates": [ [ [ -84.380884198151364, 33.772158660502917 ], [ -84.379809156602761, 33.772135825862357 ], [ -84.37978181987306, 33.7730332191176 ], [ -84.380856872606429, 33.7730560545277 ], [ -84.380884198151364, 33.772158660502917 ] ] ] } },
{ "type": "Feature", "properties": { "tile_id": 1104, "average_temperature": 35.3709, "min_temperature": 35.3709, "max_temperature": 35.3709, "tree_opportunity_percent": 0.0 }, "geometry": { "type": "Polygon", "coordinates": [ [ [ -84.379809156602761, 33.772135825862357 ], [ -84.378734116265463, 33.772112981871025 ], [ -84.378706768351066, 33.773010374356396 ], [ -84.37978181987306, 33.7730332191176 ], [ -84.379809156602761, 33.772135825862357 ] ] ] } },
{ "type": "Feature", "properties": { "tile_id": 1105, "average_temperature": 35.3559, "min_temperature": 35.3559, "max_temperature": 35.3559, "tree_opportunity_percent": 0.0 }, "geometry": { "type": "Polygon", "coordinates": [ [ [ -84.378734116265463, 33.772112981871025 ], [ -84.377659077139967, 33.772090128528966 ], [ -84.377631718040917, 33.772987520244158 ], [ -84.378706768351066, 33.773010374356396 ], [ -84.378734116265463, 33.772112981871025 ] ] ] } },
{ "type": "Feature", "properties": { "tile_id": 1106, "average_temperature": 35.3392, "min_temperature": 35.3392, "max_temperature": 35.3392, "tree_opportunity_percent": 0.0 }, "geometry": { "type": "Polygon", "coordinates": [ [ [ -84.377659077139967, 33.772090128528966 ], [ -84.376584039226756, 33.772067265836206 ], [ -84.37655666894311, 33.7729646567809 ], [ -84.377631718040917, 33.772987520244158 ], [ -84.377659077139967, 33.772090128528966 ] ] ] } },
{ "type": "Feature", "properties": { "tile_id": 1107, "average_temperature": 35.3213, "min_temperature": 35.3213, "max_temperature": 35.3213, "tree_opportunity_percent": 0.0 }, "geometry": { "type": "Polygon", "coordinates": [ [ [ -84.376584039226756, 33.772067265836206 ], [ -84.375509002526343, 33.77204439379279 ], [ -84.375481621058157, 33.772941783966665 ], [ -84.37655666894311, 33.7729646567809 ], [ -84.376584039226756, 33.772067265836206 ] ] ] } },
{ "type": "Feature", "properties": { "tile_id": 1108, "average_temperature": 35.5333, "min_temperature": 35.5333, "max_temperature": 35.5333, "tree_opportunity_percent": 0.0 }, "geometry": { "type": "Polygon", "coordinates": [ [ [ -84.414184105475641, 33.77375931391267 ], [ -84.413109015435509, 33.773736768403495 ], [ -84.413082024261755, 33.774634185218815 ], [ -84.4141571254887, 33.774656731487795 ], [ -84.414184105475641, 33.77375931391267 ] ] ] } },
{ "type": "Feature", "properties": { "tile_id": 1109, "average_temperature": 35.5174, "min_temperature": 35.5174, "max_temperature": 35.5174, "tree_opportunity_percent": 0.0 }, "geometry": { "type": "Polygon", "coordinates": [ [ [ -84.413109015435523, 33.773736768403495 ], [ -84.41203392659142, 33.773714213542164 ], [ -84.41200692423088, 33.774611629597359 ], [ -84.413082024261755, 33.774634185218815 ], [ -84.413109015435523, 33.773736768403495 ] ] ] } },
{ "type": "Feature", "properties": { "tile_id": 1110, "average_temperature": 35.5003, "min_temperature": 35.5003, "max_temperature": 35.5003, "tree_opportunity_percent": 0.0 }, "geometry": { "type": "Polygon", "coordinates": [ [ [ -84.41203392659142, 33.773714213542164 ], [ -84.410958838943827, 33.773691649328704 ], [ -84.410931825396588, 33.774589064623456 ], [ -84.412006924230894, 33.774611629597359 ], [ -84.41203392659142, 33.773714213542164 ] ] ] } },
{ "type": "Feature", "properties": { "tile_id": 1111, "average_temperature": 35.4824, "min_temperature": 35.4824, "max_temperature": 35.4824, "tree_opportunity_percent": 0.0 }, "geometry": { "type": "Polygon", "coordinates": [ [ [ -84.410958838943827, 33.773691649328704 ], [ -84.409883752493258, 33.773669075763152 ], [ -84.409856727759347, 33.774566490297126 ], [ -84.410931825396588, 33.774589064623456 ], [ -84.410958838943827, 33.773691649328704 ] ] ] } },
{ "type": "Feature", "properties": { "tile_id": 1112, "average_temperature": 35.4642, "min_temperature": 35.4642, "max_temperature": 35.4642, "tree_opportunity_percent": 0.0 }, "geometry": { "type": "Polygon", "coordinates": [ [ [ -84.409883752493272, 33.773669075763152 ], [ -84.408808667240208, 33.773646492845515 ], [ -84.408781631319684, 33.774543906618433 ], [ -84.409856727759347, 33.774566490297126 ], [ -84.409883752493272, 33.773669075763152 ] ] ] } },
{ "type": "Feature", "properties": { "tile_id": 1113, "average_temperature": 35.4461, "min_temperature": 35.4461, "max_temperature": 35.4461, "tree_opportunity_percent": 0.0 }, "geometry": { "type": "Polygon", "coordinates": [ [ [ -84.408808667240208, 33.773646492845515 ], [ -84.407733583185149, 33.773623900575863 ], [ -84.407706536078052, 33.7745213135874 ], [ -84.408781631319684, 33.774543906618433 ], [ -84.408808667240208, 33.773646492845515 ] ] ] } },
{ "type": "Feature", "properties": { "tile_id": 1114, "average_temperature": 35.4285, "min_temperature": 35.4285, "max_temperature": 35.4285, "tree_opportunity_percent": 0.0 }, "geometry": { "type": "Polygon", "coordinates": [ [ [ -84.407733583185149, 33.773623900575863 ], [ -84.406658500328589, 33.773601298954219 ], [ -84.406631442034978, 33.77449871120406 ], [ -84.407706536078052, 33.7745213135874 ], [ -84.407733583185149, 33.773623900575863 ] ] ] } },
{ "type": "Feature", "properties": { "tile_id": 1115, "average_temperature": 35.4119, "min_temperature": 35.4119, "max_temperature": 35.4119, "tree_opportunity_percent": 0.0 }, "geometry": { "type": "Polygon", "coordinates": [ [ [ -84.406658500328589, 33.773601298954219 ], [ -84.405583418671014, 33.773578687980624 ], [ -84.405556349190945, 33.77447609946843 ], [ -84.406631442034978, 33.77449871120406 ], [ -84.406658500328589, 33.773601298954219 ] ] ] } },
{ "type": "Feature", "properties": { "tile_id": 1116, "average_temperature": 35.3968, "min_temperature": 35.3968, "max_temperature": 35.3968, "tree_opportunity_percent": 0.0 }, "geometry": { "type": "Polygon", "coordinates": [ [ [ -84.405583418671014, 33.773578687980624 ], [ -84.404508338212921, 33.773556067655093 ], [ -84.40448125754645, 33.774453478380579 ], [ -84.405556349190945, 33.77447609946843 ], [ -84.405583418671014, 33.773578687980624 ] ] ] } },
{ "type": "Feature", "properties": { "tile_id": 1117, "average_temperature": 35.3836, "min_temperature": 35.3836, "max_temperature": 35.3836, "tree_opportunity_percent": 0.0 }, "geometry": { "type": "Polygon", "coordinates": [ [ [ -84.404508338212921, 33.773556067655093 ], [ -84.40343325895482, 33.77353343797769 ], [ -84.403406167101977, 33.774430847940515 ], [ -84.40448125754645, 33.774453478380579 ], [ -84.404508338212921, 33.773556067655093 ] ] ] } },
{ "type": "Feature", "properties": { "tile_id": 1118, "average_temperature": 35.3727, "min_temperature": 35.3727, "max_temperature": 35.3727, "tree_opportunity_percent": 0.0 }, "geometry": { "type": "Polygon", "coordinates": [ [ [ -84.40343325895482, 33.77353343797769 ], [ -84.40235818089721, 33.773510798948422 ], [ -84.402331077858037, 33.774408208148294 ], [ -84.403406167101977, 33.774430847940515 ], [ -84.40343325895482, 33.77353343797769 ] ] ] } },
{ "type": "Feature", "properties": { "tile_id": 1119, "average_temperature": 35.3647, "min_temperature": 35.3647, "max_temperature": 35.3647, "tree_opportunity_percent": 0.0 }, "geometry": { "type": "Polygon", "coordinates": [ [ [ -84.40235818089721, 33.773510798948422 ], [ -84.401283104040544, 33.773488150567346 ], [ -84.401255989815127, 33.774385559003939 ], [ -84.402331077858037, 33.774408208148294 ], [ -84.40235818089721, 33.773510798948422 ] ] ] } },
{ "type": "Feature", "properties": { "tile_id": 1120, "average_temperature": 35.3596, "min_temperature": 35.3596, "max_temperature": 35.3596, "tree_opportunity_percent": 0.0 }, "geometry": { "type": "Polygon", "coordinates": [ [ [ -84.401283104040544, 33.773488150567346 ], [ -84.40020802838535, 33.773465492834468 ], [ -84.40018090297373, 33.774362900507484 ], [ -84.401255989815127, 33.774385559003939 ], [ -84.401283104040544, 33.773488150567346 ] ] ] } },
{ "type": "Feature", "properties": { "tile_id": 1121, "average_temperature": 35.357, "min_temperature": 35.357, "max_temperature": 35.357, "tree_opportunity_percent": 0.0 }, "geometry": { "type": "Polygon", "coordinates": [ [ [ -84.40020802838535, 33.773465492834468 ], [ -84.399132953932124, 33.773442825749861 ], [ -84.39910581733433, 33.774340232658965 ], [ -84.40018090297373, 33.774362900507484 ], [ -84.40020802838535, 33.773465492834468 ] ] ] } },
{ "type": "Feature", "properties": { "tile_id": 1122, "average_temperature": 35.3566, "min_temperature": 35.3566, "max_temperature": 35.3566, "tree_opportunity_percent": 0.0 }, "geometry": { "type": "Polygon", "coordinates": [ [ [ -84.399132953932124, 33.773442825749861 ], [ -84.39805788068135, 33.773420149313523 ], [ -84.398030732897439, 33.774317555458417 ], [ -84.399105817334345, 33.774340232658965 ], [ -84.399132953932124, 33.773442825749861 ] ] ] } },
{ "type": "Feature", "properties": { "tile_id": 1123, "average_temperature": 35.3582, "min_temperature": 35.3582, "max_temperature": 35.3582, "tree_opportunity_percent": 0.0 }, "geometry": { "type": "Polygon", "coordinates": [ [ [ -84.39805788068135, 33.773420149313523 ], [ -84.39698280863351, 33.773397463525519 ], [ -84.396955649663553, 33.774294868905869 ], [ -84.398030732897439, 33.774317555458417 ], [ -84.39805788068135, 33.773420149313523 ] ] ] } },
{ "type": "Feature", "properties": { "tile_id": 1124, "average_temperature": 35.3613, "min_temperature": 35.3613, "max_temperature": 35.3613, "tree_opportunity_percent": 0.0 }, "geometry": { "type": "Polygon", "coordinates": [ [ [ -84.39698280863351, 33.773397463525519 ], [ -84.395907737789145, 33.773374768385871 ], [ -84.395880567633171, 33.774272173001378 ], [ -84.396955649663553, 33.774294868905869 ], [ -84.39698280863351, 33.773397463525519 ] ] ] } },
{ "type": "Feature", "properties": { "tile_id": 1125, "average_temperature": 35.3657, "min_temperature": 35.3657, "max_temperature": 35.3657, "tree_opportunity_percent": 0.0 }, "geometry": { "type": "Polygon", "coordinates": [ [ [ -84.395907737789145, 33.773374768385871 ], [ -84.394832668148695, 33.773352063894606 ], [ -84.39480548680676, 33.774249467744959 ], [ -84.395880567633171, 33.774272173001378 ], [ -84.395907737789145, 33.773374768385871 ] ] ] } },
{ "type": "Feature", "properties": { "tile_id": 1126, "average_temperature": 35.371, "min_temperature": 35.371, "max_temperature": 35.371, "tree_opportunity_percent": 0.0 }, "geometry": { "type": "Polygon", "coordinates": [ [ [ -84.394832668148695, 33.773352063894606 ], [ -84.393757599712686, 33.773329350051768 ], [ -84.393730407184847, 33.774226753136631 ], [ -84.39480548680676, 33.774249467744959 ], [ -84.394832668148695, 33.773352063894606 ] ] ] } },
{ "type": "Feature", "properties": { "tile_id": 1127, "average_temperature": 35.3769, "min_temperature": 35.3769, "max_temperature": 35.3769, "tree_opportunity_percent": 0.0 }, "geometry": { "type": "Polygon", "coordinates": [ [ [ -84.393757599712686, 33.773329350051768 ], [ -84.392682532481601, 33.773306626857398 ], [ -84.392655328767916, 33.77420402917646 ], [ -84.393730407184847, 33.774226753136631 ], [ -84.393757599712686, 33.773329350051768 ] ] ] } },
{ "type": "Feature", "properties": { "tile_id": 1128, "average_temperature": 35.383, "min_temperature": 35.383, "max_temperature": 35.383, "tree_opportunity_percent": 0.0 }, "geometry": { "type": "Polygon", "coordinates": [ [ [ -84.392682532481601, 33.773306626857398 ], [ -84.391607466455937, 33.773283894311518 ], [ -84.391580251556448, 33.77418129586448 ], [ -84.392655328767916, 33.77420402917646 ], [ -84.392682532481601, 33.773306626857398 ] ] ] } },
{ "type": "Feature", "properties": { "tile_id": 1129, "average_temperature": 35.3889, "min_temperature": 35.3889, "max_temperature": 35.3889, "tree_opportunity_percent": 0.0 }, "geometry": { "type": "Polygon", "coordinates": [ [ [ -84.391607466455937, 33.773283894311518 ], [ -84.390532401636193, 33.773261152414165 ], [ -84.390505175550956, 33.774158553200706 ], [ -84.391580251556448, 33.77418129586448 ], [ -84.391607466455937, 33.773283894311518 ] ] ] } },
{ "type": "Feature", "properties": { "tile_id": 1130, "average_temperature": 35.3945, "min_temperature": 35.3945, "max_temperature": 35.3945, "tree_opportunity_percent": 0.0 }, "geometry": { "type": "Polygon", "coordinates": [ [ [ -84.390532401636193, 33.773261152414165 ], [ -84.389457338022865, 33.773238401165386 ], [ -84.389430100751923, 33.774135801185182 ], [ -84.390505175550956, 33.774158553200706 ], [ -84.390532401636193, 33.773261152414165 ] ] ] } },
{ "type": "Feature", "properties": { "tile_id": 1131, "average_temperature": 35.3993, "min_temperature": 35.3993, "max_temperature": 35.3993, "tree_opportunity_percent": 0.0 }, "geometry": { "type": "Polygon", "coordinates": [ [ [ -84.389457338022865, 33.773238401165386 ], [ -84.388382275616436, 33.773215640565205 ], [ -84.388355027159847, 33.774113039817955 ], [ -84.389430100751923, 33.774135801185182 ], [ -84.389457338022865, 33.773238401165386 ] ] ] } },
{ "type": "Feature", "properties": { "tile_id": 1132, "average_temperature": 35.4032, "min_temperature": 35.4032, "max_temperature": 35.4032, "tree_opportunity_percent": 0.0 }, "geometry": { "type": "Polygon", "coordinates": [ [ [ -84.388382275616436, 33.773215640565205 ], [ -84.387307214417419, 33.773192870613656 ], [ -84.387279954775224, 33.774090269099048 ], [ -84.388355027159847, 33.774113039817955 ], [ -84.388382275616436, 33.773215640565205 ] ] ] } },
{ "type": "Feature", "properties": { "tile_id": 1133, "average_temperature": 35.4059, "min_temperature": 35.4059, "max_temperature": 35.4059, "tree_opportunity_percent": 0.0 }, "geometry": { "type": "Polygon", "coordinates": [ [ [ -84.387307214417419, 33.773192870613656 ], [ -84.386232154426295, 33.773170091310789 ], [ -84.386204883598552, 33.774067489028489 ], [ -84.387279954775224, 33.774090269099048 ], [ -84.387307214417419, 33.773192870613656 ] ] ] } },
{ "type": "Feature", "properties": { "tile_id": 1134, "average_temperature": 35.4072, "min_temperature": 35.4072, "max_temperature": 35.4072, "tree_opportunity_percent": 0.0 }, "geometry": { "type": "Polygon", "coordinates": [ [ [ -84.386232154426295, 33.773170091310789 ], [ -84.385157095643564, 33.773147302656618 ], [ -84.385129813630314, 33.774044699606321 ], [ -84.386204883598552, 33.774067489028489 ], [ -84.386232154426295, 33.773170091310789 ] ] ] } },
{ "type": "Feature", "properties": { "tile_id": 1135, "average_temperature": 35.4069, "min_temperature": 35.4069, "max_temperature": 35.4069, "tree_opportunity_percent": 0.0 }, "geometry": { "type": "Polygon", "coordinates": [ [ [ -84.385157095643564, 33.773147302656618 ], [ -84.384082038069721, 33.773124504651193 ], [ -84.384054744871008, 33.774021900832579 ], [ -84.385129813630314, 33.774044699606321 ], [ -84.385157095643564, 33.773147302656618 ] ] ] } },
{ "type": "Feature", "properties": { "tile_id": 1136, "average_temperature": 35.4046, "min_temperature": 35.4046, "max_temperature": 35.4046, "tree_opportunity_percent": 0.0 }, "geometry": { "type": "Polygon", "coordinates": [ [ [ -84.384082038069721, 33.773124504651193 ], [ -84.38300698170525, 33.773101697294543 ], [ -84.38297967732116, 33.773999092707299 ], [ -84.384054744871008, 33.774021900832579 ], [ -84.384082038069721, 33.773124504651193 ] ] ] } },
{ "type": "Feature", "properties": { "tile_id": 1137, "average_temperature": 35.4003, "min_temperature": 35.4003, "max_temperature": 35.4003, "tree_opportunity_percent": 0.0 }, "geometry": { "type": "Polygon", "coordinates": [ [ [ -84.38300698170525, 33.773101697294543 ], [ -84.381931926550649, 33.773078880586702 ], [ -84.381904610981209, 33.773976275230538 ], [ -84.38297967732116, 33.773999092707299 ], [ -84.38300698170525, 33.773101697294543 ] ] ] } },
{ "type": "Feature", "properties": { "tile_id": 1138, "average_temperature": 35.3935, "min_temperature": 35.3935, "max_temperature": 35.3935, "tree_opportunity_percent": 0.0 }, "geometry": { "type": "Polygon", "coordinates": [ [ [ -84.381931926550649, 33.773078880586702 ], [ -84.380856872606429, 33.7730560545277 ], [ -84.380829545851697, 33.773953448402281 ], [ -84.381904610981209, 33.773976275230538 ], [ -84.381931926550649, 33.773078880586702 ] ] ] } },
{ "type": "Feature", "properties": { "tile_id": 1139, "average_temperature": 35.3842, "min_temperature": 35.3842, "max_temperature": 35.3842, "tree_opportunity_percent": 0.0 }, "geometry": { "type": "Polygon", "coordinates": [ [ [ -84.380856872606429, 33.7730560545277 ], [ -84.37978181987306, 33.7730332191176 ], [ -84.379754481933091, 33.773930612222607 ], [ -84.380829545851697, 33.773953448402281 ], [ -84.380856872606429, 33.7730560545277 ] ] ] } },
{ "type": "Feature", "properties": { "tile_id": 1140, "average_temperature": 35.3722, "min_temperature": 35.3722, "max_temperature": 35.3722, "tree_opportunity_percent": 0.0 }, "geometry": { "type": "Polygon", "coordinates": [ [ [ -84.37978181987306, 33.7730332191176 ], [ -84.378706768351066, 33.773010374356396 ], [ -84.37867941922589, 33.773907766691522 ], [ -84.379754481933091, 33.773930612222607 ], [ -84.37978181987306, 33.7730332191176 ] ] ] } },
{ "type": "Feature", "properties": { "tile_id": 1141, "average_temperature": 35.3581, "min_temperature": 35.3581, "max_temperature": 35.3581, "tree_opportunity_percent": 0.0 }, "geometry": { "type": "Polygon", "coordinates": [ [ [ -84.378706768351066, 33.773010374356396 ], [ -84.377631718040917, 33.772987520244158 ], [ -84.377604357730604, 33.773884911809077 ], [ -84.37867941922589, 33.773907766691522 ], [ -84.378706768351066, 33.773010374356396 ] ] ] } },
{ "type": "Feature", "properties": { "tile_id": 1142, "average_temperature": 35.3423, "min_temperature": 35.3423, "max_temperature": 35.3423, "tree_opportunity_percent": 0.0 }, "geometry": { "type": "Polygon", "coordinates": [ [ [ -84.377631718040917, 33.772987520244158 ], [ -84.37655666894311, 33.7729646567809 ], [ -84.376529297447718, 33.773862047575314 ], [ -84.377604357730604, 33.773884911809077 ], [ -84.377631718040917, 33.772987520244158 ] ] ] } },
{ "type": "Feature", "properties": { "tile_id": 1143, "average_temperature": 35.3255, "min_temperature": 35.3255, "max_temperature": 35.3255, "tree_opportunity_percent": 0.0 }, "geometry": { "type": "Polygon", "coordinates": [ [ [ -84.37655666894311, 33.7729646567809 ], [ -84.375481621058157, 33.772941783966665 ], [ -84.375454238377728, 33.77383917399024 ], [ -84.376529297447718, 33.773862047575314 ], [ -84.37655666894311, 33.7729646567809 ] ] ] } },
{ "type": "Feature", "properties": { "tile_id": 1144, "average_temperature": 35.4714, "min_temperature": 35.4714, "max_temperature": 35.4714, "tree_opportunity_percent": 0.0 }, "geometry": { "type": "Polygon", "coordinates": [ [ [ -84.408781631319684, 33.774543906618426 ], [ -84.407706536078052, 33.774521313587393 ], [ -84.407679487773493, 33.775418726449089 ], [ -84.408754594202165, 33.775441320241541 ], [ -84.408781631319684, 33.774543906618426 ] ] ] } },
{ "type": "Feature", "properties": { "tile_id": 1145, "average_temperature": 35.4548, "min_temperature": 35.4548, "max_temperature": 35.4548, "tree_opportunity_percent": 0.0 }, "geometry": { "type": "Polygon", "coordinates": [ [ [ -84.407706536078052, 33.774521313587393 ], [ -84.406631442034978, 33.774498711204053 ], [ -84.406604382543406, 33.775396123304041 ], [ -84.407679487773493, 33.775418726449089 ], [ -84.407706536078052, 33.774521313587393 ] ] ] } },
{ "type": "Feature", "properties": { "tile_id": 1146, "average_temperature": 35.4389, "min_temperature": 35.4389, "max_temperature": 35.4389, "tree_opportunity_percent": 0.0 }, "geometry": { "type": "Polygon", "coordinates": [ [ [ -84.406631442034978, 33.774498711204053 ], [ -84.405556349190945, 33.774476099468423 ], [ -84.405529278512418, 33.775373510806382 ], [ -84.406604382543406, 33.775396123304041 ], [ -84.406631442034978, 33.774498711204053 ] ] ] } },
{ "type": "Feature", "properties": { "tile_id": 1147, "average_temperature": 35.424, "min_temperature": 35.424, "max_temperature": 35.424, "tree_opportunity_percent": 0.0 }, "geometry": { "type": "Polygon", "coordinates": [ [ [ -84.405556349190945, 33.774476099468423 ], [ -84.40448125754645, 33.774453478380572 ], [ -84.40445417568101, 33.775350888956183 ], [ -84.405529278512418, 33.775373510806382 ], [ -84.405556349190945, 33.774476099468423 ] ] ] } },
{ "type": "Feature", "properties": { "tile_id": 1148, "average_temperature": 35.4106, "min_temperature": 35.4106, "max_temperature": 35.4106, "tree_opportunity_percent": 0.0 }, "geometry": { "type": "Polygon", "coordinates": [ [ [ -84.40448125754645, 33.774453478380572 ], [ -84.403406167101977, 33.774430847940515 ], [ -84.403379074049681, 33.775328257753465 ], [ -84.40445417568101, 33.775350888956183 ], [ -84.40448125754645, 33.774453478380572 ] ] ] } },
{ "type": "Feature", "properties": { "tile_id": 1149, "average_temperature": 35.3991, "min_temperature": 35.3991, "max_temperature": 35.3991, "tree_opportunity_percent": 0.0 }, "geometry": { "type": "Polygon", "coordinates": [ [ [ -84.403406167101977, 33.774430847940515 ], [ -84.402331077858037, 33.774408208148287 ], [ -84.402303973618928, 33.775305617198256 ], [ -84.403379074049681, 33.775328257753465 ], [ -84.403406167101977, 33.774430847940515 ] ] ] } },
{ "type": "Feature", "properties": { "tile_id": 1150, "average_temperature": 35.3898, "min_temperature": 35.3898, "max_temperature": 35.3898, "tree_opportunity_percent": 0.0 }, "geometry": { "type": "Polygon", "coordinates": [ [ [ -84.402331077858037, 33.774408208148287 ], [ -84.401255989815127, 33.774385559003932 ], [ -84.401228874389261, 33.775282967290622 ], [ -84.402303973618942, 33.775305617198256 ], [ -84.402331077858037, 33.774408208148287 ] ] ] } },
{ "type": "Feature", "properties": { "tile_id": 1151, "average_temperature": 35.3829, "min_temperature": 35.3829, "max_temperature": 35.3829, "tree_opportunity_percent": 0.0 }, "geometry": { "type": "Polygon", "coordinates": [ [ [ -84.401255989815127, 33.774385559003932 ], [ -84.40018090297373, 33.774362900507477 ], [ -84.400153776361151, 33.775260308030553 ], [ -84.401228874389261, 33.775282967290622 ], [ -84.401255989815127, 33.774385559003932 ] ] ] } },
{ "type": "Feature", "properties": { "tile_id": 1152, "average_temperature": 35.3781, "min_temperature": 35.3781, "max_temperature": 35.3781, "tree_opportunity_percent": 0.0 }, "geometry": { "type": "Polygon", "coordinates": [ [ [ -84.40018090297373, 33.774362900507477 ], [ -84.39910581733433, 33.774340232658957 ], [ -84.399078679535108, 33.775237639418116 ], [ -84.400153776361151, 33.775260308030553 ], [ -84.40018090297373, 33.774362900507477 ] ] ] } },
{ "type": "Feature", "properties": { "tile_id": 1153, "average_temperature": 35.3753, "min_temperature": 35.3753, "max_temperature": 35.3753, "tree_opportunity_percent": 0.0 }, "geometry": { "type": "Polygon", "coordinates": [ [ [ -84.399105817334345, 33.774340232658957 ], [ -84.398030732897439, 33.77431755545841 ], [ -84.398003583911631, 33.775214961453337 ], [ -84.399078679535108, 33.775237639418116 ], [ -84.399105817334345, 33.774340232658957 ] ] ] } },
{ "type": "Feature", "properties": { "tile_id": 1154, "average_temperature": 35.3743, "min_temperature": 35.3743, "max_temperature": 35.3743, "tree_opportunity_percent": 0.0 }, "geometry": { "type": "Polygon", "coordinates": [ [ [ -84.398030732897439, 33.77431755545841 ], [ -84.396955649663553, 33.774294868905869 ], [ -84.396928489491188, 33.775192274136231 ], [ -84.398003583911631, 33.775214961453337 ], [ -84.398030732897439, 33.77431755545841 ] ] ] } },
{ "type": "Feature", "properties": { "tile_id": 1155, "average_temperature": 35.3748, "min_temperature": 35.3748, "max_temperature": 35.3748, "tree_opportunity_percent": 0.0 }, "geometry": { "type": "Polygon", "coordinates": [ [ [ -84.396955649663553, 33.774294868905869 ], [ -84.395880567633171, 33.774272173001371 ], [ -84.395853396274291, 33.775169577466876 ], [ -84.396928489491188, 33.775192274136231 ], [ -84.396955649663553, 33.774294868905869 ] ] ] } },
{ "type": "Feature", "properties": { "tile_id": 1156, "average_temperature": 35.3765, "min_temperature": 35.3765, "max_temperature": 35.3765, "tree_opportunity_percent": 0.0 }, "geometry": { "type": "Polygon", "coordinates": [ [ [ -84.395880567633171, 33.774272173001371 ], [ -84.39480548680676, 33.774249467744944 ], [ -84.39477830426145, 33.775146871445266 ], [ -84.395853396274291, 33.775169577466876 ], [ -84.395880567633171, 33.774272173001371 ] ] ] } },
{ "type": "Feature", "properties": { "tile_id": 1157, "average_temperature": 35.3794, "min_temperature": 35.3794, "max_temperature": 35.3794, "tree_opportunity_percent": 0.0 }, "geometry": { "type": "Polygon", "coordinates": [ [ [ -84.39480548680676, 33.774249467744944 ], [ -84.393730407184847, 33.774226753136631 ], [ -84.393703213453122, 33.775124156071463 ], [ -84.39477830426145, 33.775146871445266 ], [ -84.39480548680676, 33.774249467744944 ] ] ] } },
{ "type": "Feature", "properties": { "tile_id": 1158, "average_temperature": 35.383, "min_temperature": 35.383, "max_temperature": 35.383, "tree_opportunity_percent": 0.0 }, "geometry": { "type": "Polygon", "coordinates": [ [ [ -84.393730407184847, 33.774226753136631 ], [ -84.392655328767916, 33.774204029176452 ], [ -84.392628123849832, 33.77510143134549 ], [ -84.393703213453122, 33.775124156071463 ], [ -84.393730407184847, 33.774226753136631 ] ] ] } },
{ "type": "Feature", "properties": { "tile_id": 1159, "average_temperature": 35.3871, "min_temperature": 35.3871, "max_temperature": 35.3871, "tree_opportunity_percent": 0.0 }, "geometry": { "type": "Polygon", "coordinates": [ [ [ -84.392655328767916, 33.774204029176452 ], [ -84.391580251556448, 33.774181295864473 ], [ -84.391553035452077, 33.775078697267368 ], [ -84.392628123849832, 33.77510143134549 ], [ -84.392655328767916, 33.774204029176452 ] ] ] } },
{ "type": "Feature", "properties": { "tile_id": 1160, "average_temperature": 35.3915, "min_temperature": 35.3915, "max_temperature": 35.3915, "tree_opportunity_percent": 0.0 }, "geometry": { "type": "Polygon", "coordinates": [ [ [ -84.391580251556448, 33.774181295864473 ], [ -84.390505175550956, 33.774158553200706 ], [ -84.390477948260326, 33.775055953837168 ], [ -84.391553035452077, 33.775078697267368 ], [ -84.391580251556448, 33.774181295864473 ] ] ] } },
{ "type": "Feature", "properties": { "tile_id": 1161, "average_temperature": 35.3957, "min_temperature": 35.3957, "max_temperature": 35.3957, "tree_opportunity_percent": 0.0 }, "geometry": { "type": "Polygon", "coordinates": [ [ [ -84.390505175550956, 33.774158553200706 ], [ -84.389430100751923, 33.774135801185182 ], [ -84.389402862275091, 33.775033201054889 ], [ -84.390477948260326, 33.775055953837168 ], [ -84.390505175550956, 33.774158553200706 ] ] ] } },
{ "type": "Feature", "properties": { "tile_id": 1162, "average_temperature": 35.3997, "min_temperature": 35.3997, "max_temperature": 35.3997, "tree_opportunity_percent": 0.0 }, "geometry": { "type": "Polygon", "coordinates": [ [ [ -84.389430100751923, 33.774135801185182 ], [ -84.388355027159847, 33.774113039817955 ], [ -84.388327777496883, 33.775010438920596 ], [ -84.389402862275091, 33.775033201054889 ], [ -84.389430100751923, 33.774135801185182 ] ] ] } },
{ "type": "Feature", "properties": { "tile_id": 1163, "average_temperature": 35.403, "min_temperature": 35.403, "max_temperature": 35.403, "tree_opportunity_percent": 0.0 }, "geometry": { "type": "Polygon", "coordinates": [ [ [ -84.388355027159847, 33.774113039817955 ], [ -84.387279954775224, 33.774090269099034 ], [ -84.387252693926158, 33.774987667434296 ], [ -84.388327777496883, 33.775010438920596 ], [ -84.388355027159847, 33.774113039817955 ] ] ] } },
{ "type": "Feature", "properties": { "tile_id": 1164, "average_temperature": 35.4054, "min_temperature": 35.4054, "max_temperature": 35.4054, "tree_opportunity_percent": 0.0 }, "geometry": { "type": "Polygon", "coordinates": [ [ [ -84.387279954775224, 33.774090269099034 ], [ -84.386204883598552, 33.774067489028489 ], [ -84.38617761156344, 33.774964886596052 ], [ -84.387252693926158, 33.774987667434296 ], [ -84.387279954775224, 33.774090269099034 ] ] ] } },
{ "type": "Feature", "properties": { "tile_id": 1165, "average_temperature": 35.4067, "min_temperature": 35.4067, "max_temperature": 35.4067, "tree_opportunity_percent": 0.0 }, "geometry": { "type": "Polygon", "coordinates": [ [ [ -84.386204883598552, 33.774067489028489 ], [ -84.385129813630314, 33.774044699606314 ], [ -84.385102530409213, 33.774942096405873 ], [ -84.38617761156344, 33.774964886596052 ], [ -84.386204883598552, 33.774067489028489 ] ] ] } },
{ "type": "Feature", "properties": { "tile_id": 1166, "average_temperature": 35.4065, "min_temperature": 35.4065, "max_temperature": 35.4065, "tree_opportunity_percent": 0.0 }, "geometry": { "type": "Polygon", "coordinates": [ [ [ -84.385129813630314, 33.774044699606314 ], [ -84.384054744871008, 33.774021900832579 ], [ -84.384027450463975, 33.774919296863807 ], [ -84.385102530409213, 33.774942096405873 ], [ -84.385129813630314, 33.774044699606314 ] ] ] } },
{ "type": "Feature", "properties": { "tile_id": 1167, "average_temperature": 35.4047, "min_temperature": 35.4047, "max_temperature": 35.4047, "tree_opportunity_percent": 0.0 }, "geometry": { "type": "Polygon", "coordinates": [ [ [ -84.384054744871008, 33.774021900832579 ], [ -84.38297967732116, 33.773999092707299 ], [ -84.382952371728223, 33.77489648796989 ], [ -84.384027450463989, 33.774919296863807 ], [ -84.384054744871008, 33.774021900832579 ] ] ] } },
{ "type": "Feature", "properties": { "tile_id": 1168, "average_temperature": 35.401, "min_temperature": 35.401, "max_temperature": 35.401, "tree_opportunity_percent": 0.0 }, "geometry": { "type": "Polygon", "coordinates": [ [ [ -84.38297967732116, 33.773999092707299 ], [ -84.381904610981209, 33.773976275230531 ], [ -84.38187729420244, 33.774873669724144 ], [ -84.382952371728223, 33.77489648796989 ], [ -84.38297967732116, 33.773999092707299 ] ] ] } },
{ "type": "Feature", "properties": { "tile_id": 1169, "average_temperature": 35.395, "min_temperature": 35.395, "max_temperature": 35.395, "tree_opportunity_percent": 0.0 }, "geometry": { "type": "Polygon", "coordinates": [ [ [ -84.381904610981209, 33.773976275230531 ], [ -84.380829545851697, 33.773953448402274 ], [ -84.380802217887123, 33.774850842126632 ], [ -84.38187729420244, 33.774873669724144 ], [ -84.381904610981209, 33.773976275230531 ] ] ] } },
{ "type": "Feature", "properties": { "tile_id": 1170, "average_temperature": 35.3866, "min_temperature": 35.3866, "max_temperature": 35.3866, "tree_opportunity_percent": 0.0 }, "geometry": { "type": "Polygon", "coordinates": [ [ [ -84.380829545851697, 33.773953448402274 ], [ -84.379754481933091, 33.773930612222593 ], [ -84.379727142782798, 33.774828005177355 ], [ -84.380802217887123, 33.774850842126632 ], [ -84.380829545851697, 33.773953448402274 ] ] ] } },
{ "type": "Feature", "properties": { "tile_id": 1171, "average_temperature": 35.3758, "min_temperature": 35.3758, "max_temperature": 35.3758, "tree_opportunity_percent": 0.0 }, "geometry": { "type": "Polygon", "coordinates": [ [ [ -84.379754481933091, 33.773930612222593 ], [ -84.37867941922589, 33.773907766691515 ], [ -84.378652068889906, 33.774805158876383 ], [ -84.379727142782798, 33.774828005177355 ], [ -84.379754481933091, 33.773930612222593 ] ] ] } },
{ "type": "Feature", "properties": { "tile_id": 1172, "average_temperature": 35.3629, "min_temperature": 35.3629, "max_temperature": 35.3629, "tree_opportunity_percent": 0.0 }, "geometry": { "type": "Polygon", "coordinates": [ [ [ -84.37867941922589, 33.773907766691515 ], [ -84.377604357730604, 33.77388491180907 ], [ -84.377576996208987, 33.774782303223738 ], [ -84.378652068889906, 33.774805158876383 ], [ -84.37867941922589, 33.773907766691515 ] ] ] } },
{ "type": "Feature", "properties": { "tile_id": 1173, "average_temperature": 35.3485, "min_temperature": 35.3485, "max_temperature": 35.3485, "tree_opportunity_percent": 0.0 }, "geometry": { "type": "Polygon", "coordinates": [ [ [ -84.377604357730604, 33.77388491180907 ], [ -84.376529297447718, 33.773862047575307 ], [ -84.376501924740509, 33.774759438219434 ], [ -84.377576996208987, 33.774782303223738 ], [ -84.377604357730604, 33.77388491180907 ] ] ] } },
{ "type": "Feature", "properties": { "tile_id": 1174, "average_temperature": 35.333, "min_temperature": 35.333, "max_temperature": 35.333, "tree_opportunity_percent": 0.0 }, "geometry": { "type": "Polygon", "coordinates": [ [ [ -84.376529297447718, 33.773862047575307 ], [ -84.375454238377728, 33.77383917399024 ], [ -84.375426854484985, 33.774736563863513 ], [ -84.376501924740509, 33.774759438219434 ], [ -84.376529297447718, 33.773862047575307 ] ] ] } }
]
}
